Datetime,Close,High,Low,Open,Volume
2024-09-30 13:30:00+00:00,72.04000091552734,72.16999816894531,71.69000244140625,71.83999633789062,1796263
2024-09-30 14:30:00+00:00,71.81500244140625,72.19999694824219,71.80500030517578,72.05000305175781,710412
2024-09-30 15:30:00+00:00,71.80999755859375,71.94999694824219,71.79000091552734,71.85749816894531,546041
2024-09-30 16:30:00+00:00,71.875,71.92500305175781,71.69000244140625,71.80000305175781,523895
2024-09-30 17:30:00+00:00,71.79000091552734,71.93000030517578,71.69000244140625,71.87000274658203,829242
2024-09-30 18:30:00+00:00,71.79000091552734,71.875,71.71499633789062,71.78500366210938,985349
2024-09-30 19:30:00+00:00,71.8499984741211,72.05000305175781,71.77999877929688,71.78500366210938,1986232
2024-10-01 13:30:00+00:00,72.62999725341797,72.66999816894531,71.93000030517578,72.0999984741211,2917230
2024-10-01 14:30:00+00:00,72.2698974609375,72.74500274658203,72.18499755859375,72.63999938964844,1436447
2024-10-01 15:30:00+00:00,71.84500122070312,72.33000183105469,71.84500122070312,72.2699966430664,943721
2024-10-01 16:30:00+00:00,71.66999816894531,71.9000015258789,71.631103515625,71.83999633789062,1068734
2024-10-01 17:30:00+00:00,71.8240966796875,71.86000061035156,71.6500015258789,71.66500091552734,802429
2024-10-01 18:30:00+00:00,71.75499725341797,71.91500091552734,71.66500091552734,71.82499694824219,903226
2024-10-01 19:30:00+00:00,71.73999786376953,71.87000274658203,71.62999725341797,71.75499725341797,1673779
2024-10-02 13:30:00+00:00,70.61499786376953,71.43000030517578,70.41000366210938,71.38999938964844,2330531
2024-10-02 14:30:00+00:00,70.86000061035156,70.91000366210938,70.58489990234375,70.61499786376953,1539547
2024-10-02 15:30:00+00:00,70.875,70.95999908447266,70.77999877929688,70.86000061035156,843097
2024-10-02 16:30:00+00:00,70.80500030517578,70.95999908447266,70.77999877929688,70.87799835205078,621374
2024-10-02 17:30:00+00:00,70.8499984741211,71.0199966430664,70.77999877929688,70.80500030517578,775771
2024-10-02 18:30:00+00:00,70.95500183105469,70.98500061035156,70.79000091552734,70.84500122070312,685833
2024-10-02 19:30:00+00:00,71.0,71.01000213623047,70.81999969482422,70.94999694824219,1467688
2024-10-03 13:30:00+00:00,70.37000274658203,70.98999786376953,70.19999694824219,70.86000061035156,1814805
2024-10-03 14:30:00+00:00,70.38500213623047,70.47560119628906,70.28500366210938,70.375,809034
2024-10-03 15:30:00+00:00,70.5,70.61000061035156,70.38999938964844,70.38999938964844,522270
2024-10-03 16:30:00+00:00,70.3949966430664,70.51000213623047,70.33000183105469,70.50499725341797,594069
2024-10-03 17:30:00+00:00,70.48999786376953,70.51499938964844,70.31999969482422,70.3949966430664,711571
2024-10-03 18:30:00+00:00,70.48500061035156,70.58000183105469,70.40119934082031,70.49500274658203,763070
2024-10-03 19:30:00+00:00,70.5,70.57499694824219,70.44999694824219,70.4800033569336,1448238
2024-10-04 13:30:00+00:00,69.84500122070312,70.08499908447266,69.72000122070312,69.95999908447266,2176933
2024-10-04 14:30:00+00:00,70.01499938964844,70.13999938964844,69.81999969482422,69.8550033569336,1292788
2024-10-04 15:30:00+00:00,70.04000091552734,70.1500015258789,69.9749984741211,70.0199966430664,1559408
2024-10-04 16:30:00+00:00,70.1449966430664,70.27999877929688,70.01000213623047,70.04499816894531,711753
2024-10-04 17:30:00+00:00,70.0,70.18499755859375,69.95999908447266,70.13999938964844,864140
2024-10-04 18:30:00+00:00,69.82160186767578,70.05000305175781,69.81999969482422,70.00499725341797,1059691
2024-10-04 19:30:00+00:00,70.13999938964844,70.18000030517578,69.77999877929688,69.81999969482422,2163156
2024-10-07 13:30:00+00:00,69.58499908447266,70.0999984741211,69.37000274658203,70.05000305175781,2532417
2024-10-07 14:30:00+00:00,69.43499755859375,69.67500305175781,69.37000274658203,69.58000183105469,1216365
2024-10-07 15:30:00+00:00,69.33999633789062,69.48500061035156,69.33000183105469,69.43499755859375,730680
2024-10-07 16:30:00+00:00,69.27999877929688,69.36499786376953,69.18499755859375,69.33499908447266,995877
2024-10-07 17:30:00+00:00,69.20500183105469,69.33000183105469,69.17500305175781,69.27999877929688,832408
2024-10-07 18:30:00+00:00,69.05400085449219,69.2300033569336,68.91500091552734,69.20500183105469,1779397
2024-10-07 19:30:00+00:00,69.01000213623047,69.06999969482422,68.87000274658203,69.05999755859375,2392707
2024-10-08 13:30:00+00:00,69.0199966430664,69.44000244140625,68.88999938964844,69.04000091552734,1782173
2024-10-08 14:30:00+00:00,69.15499877929688,69.17500305175781,68.9000015258789,69.0250015258789,1059979
2024-10-08 15:30:00+00:00,69.13749694824219,69.20999908447266,69.05999755859375,69.15499877929688,729989
2024-10-08 16:30:00+00:00,69.01499938964844,69.15519714355469,68.86000061035156,69.13500213623047,1001197
2024-10-08 17:30:00+00:00,69.05000305175781,69.08000183105469,68.94000244140625,69.0199966430664,928731
2024-10-08 18:30:00+00:00,69.0071029663086,69.13999938964844,68.97000122070312,69.05500030517578,2008208
2024-10-08 19:30:00+00:00,69.1500015258789,69.2699966430664,68.9800033569336,69.0,2344539
2024-10-09 13:30:00+00:00,69.31999969482422,69.69999694824219,69.06999969482422,69.19000244140625,1382058
2024-10-09 14:30:00+00:00,69.5199966430664,69.56999969482422,69.20999908447266,69.3291015625,1004534
2024-10-09 15:30:00+00:00,69.5199966430664,69.73999786376953,69.5199966430664,69.5199966430664,805207
2024-10-09 16:30:00+00:00,69.48500061035156,69.55999755859375,69.44999694824219,69.52999877929688,558970
2024-10-09 17:30:00+00:00,69.36499786376953,69.48500061035156,69.30000305175781,69.4800033569336,766693
2024-10-09 18:30:00+00:00,69.56500244140625,69.56500244140625,69.3550033569336,69.36009979248047,607989
2024-10-09 19:30:00+00:00,69.55999755859375,69.6500015258789,69.54000091552734,69.55999755859375,888716
2024-10-10 13:30:00+00:00,69.21499633789062,69.91000366210938,69.16999816894531,69.83000183105469,1330403
2024-10-10 14:30:00+00:00,69.3239974975586,69.37999725341797,69.16999816894531,69.20999908447266,808467
2024-10-10 15:30:00+00:00,69.31500244140625,69.32499694824219,69.19000244140625,69.32499694824219,536995
2024-10-10 16:30:00+00:00,69.19999694824219,69.34089660644531,69.12999725341797,69.31500244140625,542979
2024-10-10 17:30:00+00:00,69.16500091552734,69.29000091552734,69.15499877929688,69.20500183105469,484193
2024-10-10 18:30:00+00:00,69.01499938964844,69.16999816894531,68.98500061035156,69.16500091552734,1082268
2024-10-10 19:30:00+00:00,69.23999786376953,69.26499938964844,69.01119995117188,69.01499938964844,1344373
2024-10-11 13:30:00+00:00,69.3949966430664,69.5,68.99500274658203,69.45999908447266,1357830
2024-10-11 14:30:00+00:00,69.30999755859375,69.38999938964844,69.17500305175781,69.38999938964844,789697
2024-10-11 15:30:00+00:00,69.31999969482422,69.46499633789062,69.26499938964844,69.31500244140625,564986
2024-10-11 16:30:00+00:00,69.33499908447266,69.37989807128906,69.2249984741211,69.31999969482422,444242
2024-10-11 17:30:00+00:00,69.44499969482422,69.48999786376953,69.31999969482422,69.33100128173828,561109
2024-10-11 18:30:00+00:00,69.51499938964844,69.58999633789062,69.4000015258789,69.44499969482422,731022
2024-10-11 19:30:00+00:00,69.56999969482422,69.58000183105469,69.44000244140625,69.51000213623047,1341763
2024-10-14 13:30:00+00:00,69.89009857177734,69.95490264892578,69.47000122070312,69.56999969482422,1157271
2024-10-14 14:30:00+00:00,69.91999816894531,69.98999786376953,69.83999633789062,69.9000015258789,658032
2024-10-14 15:30:00+00:00,70.125,70.13500213623047,69.86000061035156,69.91999816894531,567440
2024-10-14 16:30:00+00:00,70.2300033569336,70.26000213623047,70.08999633789062,70.125,430255
2024-10-14 17:30:00+00:00,70.28500366210938,70.29650115966797,70.13999938964844,70.22000122070312,427556
2024-10-14 18:30:00+00:00,70.32499694824219,70.33499908447266,70.23500061035156,70.27999877929688,557225
2024-10-14 19:30:00+00:00,70.3499984741211,70.47000122070312,70.30999755859375,70.31999969482422,1283654
2024-10-15 13:30:00+00:00,70.72530364990234,70.74970245361328,70.16000366210938,70.45999908447266,1501079
2024-10-15 14:30:00+00:00,70.84500122070312,71.20999908447266,70.66000366210938,70.72000122070312,1281925
2024-10-15 15:30:00+00:00,70.69000244140625,70.87000274658203,70.66000366210938,70.8499984741211,741367
2024-10-15 16:30:00+00:00,70.58000183105469,70.69000244140625,70.54000091552734,70.68499755859375,581545
2024-10-15 17:30:00+00:00,70.50499725341797,70.60590362548828,70.42500305175781,70.56999969482422,924641
2024-10-15 18:30:00+00:00,70.38500213623047,70.54000091552734,70.33999633789062,70.50499725341797,780066
2024-10-15 19:30:00+00:00,70.36000061035156,70.51000213623047,70.30500030517578,70.37999725341797,1699999
2024-10-16 13:30:00+00:00,70.4749984741211,70.57499694824219,69.97000122070312,70.08999633789062,1311813
2024-10-16 14:30:00+00:00,70.49500274658203,70.69999694824219,70.44999694824219,70.47000122070312,815193
2024-10-16 15:30:00+00:00,70.48500061035156,70.55999755859375,70.41999816894531,70.49500274658203,858524
2024-10-16 16:30:00+00:00,70.48500061035156,70.58000183105469,70.45999908447266,70.48500061035156,429456
2024-10-16 17:30:00+00:00,70.5260009765625,70.5999984741211,70.36000061035156,70.48500061035156,499638
2024-10-16 18:30:00+00:00,70.44010162353516,70.5999984741211,70.42500305175781,70.52999877929688,715196
2024-10-16 19:30:00+00:00,70.5199966430664,70.5999984741211,70.43499755859375,70.44989776611328,1378332
2024-10-17 13:30:00+00:00,70.21410369873047,70.69000244140625,70.04499816894531,70.62999725341797,1512764
2024-10-17 14:30:00+00:00,69.94499969482422,70.2699966430664,69.86499786376953,70.20500183105469,1000292
2024-10-17 15:30:00+00:00,69.7750015258789,69.98999786376953,69.66000366210938,69.94499969482422,1120171
2024-10-17 16:30:00+00:00,69.61499786376953,69.80500030517578,69.59500122070312,69.7750015258789,839416
2024-10-17 17:30:00+00:00,69.75499725341797,69.83000183105469,69.58000183105469,69.61499786376953,891813
2024-10-17 18:30:00+00:00,69.80999755859375,69.86000061035156,69.73999786376953,69.75,730387
2024-10-17 19:30:00+00:00,69.88999938964844,69.91000366210938,69.77999877929688,69.80500030517578,1282923
2024-10-18 13:30:00+00:00,70.1050033569336,70.18000030517578,69.6050033569336,69.87000274658203,4408010
2024-10-18 14:30:00+00:00,70.33999633789062,70.38999938964844,70.08000183105469,70.1050033569336,800847
2024-10-18 15:30:00+00:00,70.37999725341797,70.38999938964844,70.25,70.33999633789062,729656
2024-10-18 16:30:00+00:00,70.48500061035156,70.55000305175781,70.34500122070312,70.37999725341797,1014378
2024-10-18 17:30:00+00:00,70.42500305175781,70.5199966430664,70.31500244140625,70.48500061035156,464287
2024-10-18 18:30:00+00:00,70.26000213623047,70.44969940185547,70.23999786376953,70.42009735107422,571646
2024-10-18 19:30:00+00:00,70.41500091552734,70.4749984741211,70.22000122070312,70.25499725341797,991740
2024-10-21 13:30:00+00:00,69.80999755859375,70.32499694824219,69.79000091552734,70.0,2636342
2024-10-21 14:30:00+00:00,69.56500244140625,69.94000244140625,69.5199966430664,69.81500244140625,2072262
2024-10-21 15:30:00+00:00,69.67500305175781,69.67500305175781,69.43000030517578,69.56500244140625,1090220
2024-10-21 16:30:00+00:00,69.66000366210938,69.73999786376953,69.58000183105469,69.66999816894531,836688
2024-10-21 17:30:00+00:00,69.6050033569336,69.70999908447266,69.58000183105469,69.65499877929688,567348
2024-10-21 18:30:00+00:00,69.52999877929688,69.6500015258789,69.5199966430664,69.61000061035156,863819
2024-10-21 19:30:00+00:00,69.44999694824219,69.53500366210938,69.30500030517578,69.53500366210938,1532596
2024-10-22 13:30:00+00:00,69.41999816894531,69.5250015258789,68.68000030517578,69.0,3431310
2024-10-22 14:30:00+00:00,69.66999816894531,69.74500274658203,69.30999755859375,69.41000366210938,1539242
2024-10-22 15:30:00+00:00,69.625,69.69999694824219,69.51499938964844,69.67400360107422,1033454
2024-10-22 16:30:00+00:00,69.56999969482422,69.67520141601562,69.5,69.625,1569910
2024-10-22 17:30:00+00:00,69.56500244140625,69.65499877929688,69.49500274658203,69.56500244140625,1448849
2024-10-22 18:30:00+00:00,69.53500366210938,69.56999969482422,69.44999694824219,69.56500244140625,2055752
2024-10-22 19:30:00+00:00,69.44999694824219,69.63999938964844,69.36000061035156,69.54000091552734,3483674
2024-10-23 13:30:00+00:00,67.86499786376953,68.44999694824219,66.98999786376953,67.04499816894531,8628412
2024-10-23 14:30:00+00:00,67.75499725341797,68.20999908447266,67.53500366210938,67.86499786376953,3115108
2024-10-23 15:30:00+00:00,67.91000366210938,67.9749984741211,67.65059661865234,67.75499725341797,1682911
2024-10-23 16:30:00+00:00,68.3949966430664,68.43000030517578,67.87000274658203,67.91000366210938,1170484
2024-10-23 17:30:00+00:00,68.22000122070312,68.69999694824219,68.16000366210938,68.3949966430664,1599934
2024-10-23 18:30:00+00:00,68.20500183105469,68.45999908447266,68.16069793701172,68.2249984741211,1565535
2024-10-23 19:30:00+00:00,68.0199966430664,68.20999908447266,67.93000030517578,68.20500183105469,2643580
2024-10-24 13:30:00+00:00,67.625,68.04000091552734,67.37000274658203,67.6500015258789,3263234
2024-10-24 14:30:00+00:00,67.16999816894531,67.67500305175781,67.16000366210938,67.61499786376953,1849552
2024-10-24 15:30:00+00:00,66.99500274658203,67.18000030517578,66.95999908447266,67.17990112304688,1396147
2024-10-24 16:30:00+00:00,67.20500183105469,67.32499694824219,66.9520034790039,67.0,1197460
2024-10-24 17:30:00+00:00,67.29499816894531,67.33000183105469,67.04499816894531,67.20500183105469,1316963
2024-10-24 18:30:00+00:00,67.18000030517578,67.32969665527344,67.16999816894531,67.30000305175781,1416043
2024-10-24 19:30:00+00:00,67.29000091552734,67.31999969482422,67.12999725341797,67.17500305175781,2397592
2024-10-25 13:30:00+00:00,67.3550033569336,67.68499755859375,67.06999969482422,67.06999969482422,2346445
2024-10-25 14:30:00+00:00,67.43499755859375,67.66999816894531,67.33999633789062,67.3499984741211,1147429
2024-10-25 15:30:00+00:00,67.3949966430664,67.47000122070312,67.2750015258789,67.43499755859375,873543
2024-10-25 16:30:00+00:00,67.2300033569336,67.4000015258789,67.19999694824219,67.3949966430664,605701
2024-10-25 17:30:00+00:00,67.1050033569336,67.23500061035156,67.02999877929688,67.2300033569336,751629
2024-10-25 18:30:00+00:00,66.94499969482422,67.15499877929688,66.9000015258789,67.1050033569336,958292
2024-10-25 19:30:00+00:00,66.91999816894531,66.94999694824219,66.79000091552734,66.94000244140625,1460659
2024-10-28 13:30:00+00:00,67.19000244140625,67.3949966430664,66.8550033569336,66.95999908447266,1933538
2024-10-28 14:30:00+00:00,66.88999938964844,67.23500061035156,66.87999725341797,67.18499755859375,995350
2024-10-28 15:30:00+00:00,66.75499725341797,66.91999816894531,66.70999908447266,66.88999938964844,1164939
2024-10-28 16:30:00+00:00,66.74500274658203,66.80999755859375,66.6449966430664,66.75499725341797,800591
2024-10-28 17:30:00+00:00,66.76029968261719,66.8989028930664,66.73999786376953,66.74009704589844,587552
2024-10-28 18:30:00+00:00,66.77999877929688,66.8550033569336,66.73999786376953,66.7699966430664,809731
2024-10-28 19:30:00+00:00,66.68000030517578,66.79000091552734,66.5999984741211,66.78099822998047,1435088
2024-10-29 13:30:00+00:00,65.91999816894531,66.33999633789062,65.80999755859375,66.29000091552734,2788283
2024-10-29 14:30:00+00:00,65.88500213623047,66.19499969482422,65.83999633789062,65.91500091552734,2372920
2024-10-29 15:30:00+00:00,65.80000305175781,65.93000030517578,65.72000122070312,65.88500213623047,1306770
2024-10-29 16:30:00+00:00,65.80979919433594,65.86499786376953,65.68000030517578,65.80000305175781,1270401
2024-10-29 17:30:00+00:00,65.80999755859375,65.9000015258789,65.73999786376953,65.80999755859375,1180696
2024-10-29 18:30:00+00:00,65.78500366210938,65.93000030517578,65.73999786376953,65.80999755859375,1462409
2024-10-29 19:30:00+00:00,65.58999633789062,65.79499816894531,65.5199966430664,65.77999877929688,2650717
2024-10-30 13:30:00+00:00,65.73500061035156,65.76000213623047,65.31999969482422,65.51000213623047,2063165
2024-10-30 14:30:00+00:00,66.2300033569336,66.30000305175781,65.7249984741211,65.73470306396484,1808268
2024-10-30 15:30:00+00:00,66.4749984741211,66.52999877929688,66.19000244140625,66.2300033569336,1195466
2024-10-30 16:30:00+00:00,66.41500091552734,66.4749984741211,66.2750015258789,66.47000122070312,861591
2024-10-30 17:30:00+00:00,66.33000183105469,66.44000244140625,66.29000091552734,66.41000366210938,793514
2024-10-30 18:30:00+00:00,66.03500366210938,66.33519744873047,66.01000213623047,66.33499908447266,1012566
2024-10-30 19:30:00+00:00,65.93000030517578,66.05000305175781,65.80999755859375,66.02999877929688,2893916
2024-10-31 13:30:00+00:00,65.63999938964844,65.98999786376953,65.55999755859375,65.80999755859375,1658366
2024-10-31 14:30:00+00:00,65.67500305175781,65.76000213623047,65.54000091552734,65.6500015258789,975561
2024-10-31 15:30:00+00:00,65.69999694824219,65.81999969482422,65.58000183105469,65.67500305175781,825734
2024-10-31 16:30:00+00:00,65.7249984741211,65.7699966430664,65.63999938964844,65.69499969482422,736619
2024-10-31 17:30:00+00:00,65.80999755859375,65.83999633789062,65.61000061035156,65.72889709472656,726372
2024-10-31 18:30:00+00:00,65.7750015258789,65.81999969482422,65.68000030517578,65.80999755859375,946180
2024-10-31 19:30:00+00:00,65.30500030517578,65.78910064697266,65.25499725341797,65.7750015258789,2588589
2024-11-01 13:30:00+00:00,65.30000305175781,65.66000366210938,65.16999816894531,65.47000122070312,1712123
2024-11-01 14:30:00+00:00,65.11000061035156,65.33889770507812,65.07499694824219,65.29499816894531,1127385
2024-11-01 15:30:00+00:00,65.18470001220703,65.20999908447266,65.01000213623047,65.1050033569336,1045782
2024-11-01 16:30:00+00:00,65.13999938964844,65.25,65.05999755859375,65.22000122070312,650410
2024-11-01 17:30:00+00:00,65.04499816894531,65.16000366210938,64.96499633789062,65.1500015258789,973855
2024-11-01 18:30:00+00:00,64.9749984741211,65.12000274658203,64.97100067138672,65.04499816894531,971146
2024-11-01 19:30:00+00:00,64.98999786376953,65.04000091552734,64.88999938964844,64.9749984741211,1818275
2024-11-04 14:30:00+00:00,65.08499908447266,65.41999816894531,65.0199966430664,65.08000183105469,2279127
2024-11-04 15:30:00+00:00,64.85199737548828,65.08910369873047,64.81500244140625,65.08000183105469,1231985
2024-11-04 16:30:00+00:00,64.875,64.91500091552734,64.65070343017578,64.8550033569336,905413
2024-11-04 17:30:00+00:00,65.00499725341797,65.04499816894531,64.87000274658203,64.875,887894
2024-11-04 18:30:00+00:00,64.9749984741211,65.05999755859375,64.91000366210938,65.0,940226
2024-11-04 19:30:00+00:00,64.96499633789062,65.02999877929688,64.93000030517578,64.95999908447266,917424
2024-11-04 20:30:00+00:00,65.11000061035156,65.12000274658203,64.9000015258789,64.95999908447266,1565930
2024-11-05 14:30:00+00:00,65.0999984741211,65.13999938964844,64.63999938964844,64.63999938964844,1595253
2024-11-05 15:30:00+00:00,65.05999755859375,65.21499633789062,65.00499725341797,65.1050033569336,879700
2024-11-05 16:30:00+00:00,65.1050033569336,65.16500091552734,64.98999786376953,65.05500030517578,627829
2024-11-05 17:30:00+00:00,65.21499633789062,65.30000305175781,65.11000061035156,65.11000061035156,587462
2024-11-05 18:30:00+00:00,65.38500213623047,65.42500305175781,65.19000244140625,65.21430206298828,667430
2024-11-05 19:30:00+00:00,65.38500213623047,65.4697494506836,65.30999755859375,65.38500213623047,821761
2024-11-05 20:30:00+00:00,65.38999938964844,65.43000030517578,65.30500030517578,65.37999725341797,1276062
2024-11-06 14:30:00+00:00,63.720001220703125,64.86000061035156,63.22999954223633,64.41999816894531,7790163
2024-11-06 15:30:00+00:00,63.51499938964844,63.81999969482422,63.18000030517578,63.71500015258789,2620170
2024-11-06 16:30:00+00:00,63.334999084472656,63.67499923706055,63.32500076293945,63.51499938964844,1930545
2024-11-06 17:30:00+00:00,63.66999816894531,63.696998596191406,63.27999877929688,63.334999084472656,1131888
2024-11-06 18:30:00+00:00,63.85499954223633,63.93000030517578,63.625,63.67499923706055,1281828
2024-11-06 19:30:00+00:00,63.72079849243164,63.900001525878906,63.70000076293945,63.85499954223633,1374799
2024-11-06 20:30:00+00:00,63.67499923706055,63.81850051879883,63.59999847412109,63.720699310302734,2375623
2024-11-07 14:30:00+00:00,63.900001525878906,64.38999938964844,63.83000183105469,64.29000091552734,2978099
2024-11-07 15:30:00+00:00,63.77999877929688,64.0,63.77000045776367,63.88999938964844,1288382
2024-11-07 16:30:00+00:00,63.84000015258789,63.88999938964844,63.720001220703125,63.77999877929688,1142868
2024-11-07 17:30:00+00:00,63.78499984741211,63.96900177001953,63.77999877929688,63.845001220703125,1028670
2024-11-07 18:30:00+00:00,63.73500061035156,63.810001373291016,63.630001068115234,63.78499984741211,869502
2024-11-07 19:30:00+00:00,63.97499847412109,64.05000305175781,63.70000076293945,63.73500061035156,1139376
2024-11-07 20:30:00+00:00,63.665000915527344,63.9900016784668,63.59999847412109,63.97499847412109,1964699
2024-11-08 14:30:00+00:00,63.93999862670898,64.18000030517578,63.75,63.90999984741211,2316252
2024-11-08 15:30:00+00:00,64.01000213623047,64.11000061035156,63.90999984741211,63.94499969482422,1260923
2024-11-08 16:30:00+00:00,64.1449966430664,64.20999908447266,63.970001220703125,64.01000213623047,849156
2024-11-08 17:30:00+00:00,64.12000274658203,64.23999786376953,64.08999633789062,64.13999938964844,713126
2024-11-08 18:30:00+00:00,64.15859985351562,64.23500061035156,64.06999969482422,64.12000274658203,936664
2024-11-08 19:30:00+00:00,64.04000091552734,64.17990112304688,63.994998931884766,64.16000366210938,1315241
2024-11-08 20:30:00+00:00,63.959999084472656,64.05000305175781,63.880001068115234,64.04000091552734,2062304
2024-11-11 14:30:00+00:00,63.84000015258789,64.12000274658203,63.650001525878906,63.9900016784668,3811578
2024-11-11 15:30:00+00:00,63.63999938964844,63.84000015258789,63.56499862670898,63.84000015258789,1673858
2024-11-11 16:30:00+00:00,63.68999862670898,63.7400016784668,63.595001220703125,63.64699935913086,1060027
2024-11-11 17:30:00+00:00,63.61000061035156,63.70000076293945,63.560001373291016,63.70000076293945,652152
2024-11-11 18:30:00+00:00,63.505001068115234,63.61000061035156,63.43000030517578,63.60499954223633,998021
2024-11-11 19:30:00+00:00,63.5,63.540000915527344,63.375,63.5,1035688
2024-11-11 20:30:00+00:00,63.369998931884766,63.494998931884766,63.25090026855469,63.4900016784668,2109542
2024-11-12 14:30:00+00:00,63.56499862670898,63.75,63.22999954223633,63.68000030517578,3428990
2024-11-12 15:30:00+00:00,63.3650016784668,63.58000183105469,63.33430099487305,63.56999969482422,1223874
2024-11-12 16:30:00+00:00,63.20500183105469,63.44499969482422,63.20000076293945,63.36000061035156,896607
2024-11-12 17:30:00+00:00,63.209999084472656,63.33000183105469,63.15999984741211,63.20500183105469,812419
2024-11-12 18:30:00+00:00,63.525001525878906,63.53499984741211,63.15999984741211,63.20500183105469,1066692
2024-11-12 19:30:00+00:00,63.44459915161133,63.560001373291016,63.4109992980957,63.525001525878906,1073161
2024-11-12 20:30:00+00:00,63.209999084472656,63.45500183105469,63.119998931884766,63.445499420166016,2057582
2024-11-13 14:30:00+00:00,63.01499938964844,63.2599983215332,62.5099983215332,63.04999923706055,2491597
2024-11-13 15:30:00+00:00,63.060001373291016,63.10499954223633,62.95009994506836,63.01499938964844,757753
2024-11-13 16:30:00+00:00,62.80500030517578,63.130001068115234,62.790000915527344,63.060001373291016,1003945
2024-11-13 17:30:00+00:00,62.84000015258789,62.94499969482422,62.7599983215332,62.79999923706055,986047
2024-11-13 18:30:00+00:00,62.994998931884766,62.9964714050293,62.79999923706055,62.834999084472656,849495
2024-11-13 19:30:00+00:00,62.949100494384766,63.040000915527344,62.875,62.99700164794922,897062
2024-11-13 20:30:00+00:00,63.02000045776367,63.06999969482422,62.92499923706055,62.94499969482422,1848654
2024-11-14 14:30:00+00:00,62.56499862670898,63.11000061035156,62.52999877929688,63.11000061035156,3153317
2024-11-14 15:30:00+00:00,62.71500015258789,62.775001525878906,62.470001220703125,62.56999969482422,1965850
2024-11-14 16:30:00+00:00,62.649898529052734,62.7599983215332,62.5099983215332,62.71500015258789,1253092
2024-11-14 17:30:00+00:00,62.75970077514648,62.76499938964844,62.61000061035156,62.64500045776367,1529524
2024-11-14 18:30:00+00:00,62.92499923706055,62.935001373291016,62.7327995300293,62.755001068115234,1011699
2024-11-14 19:30:00+00:00,62.900001525878906,62.9900016784668,62.80110168457031,62.93000030517578,1110264
2024-11-14 20:30:00+00:00,62.54999923706055,62.90999984741211,62.43000030517578,62.900001525878906,2825821
2024-11-15 14:30:00+00:00,61.9900016784668,62.630001068115234,61.775001525878906,62.4900016784668,4177315
2024-11-15 15:30:00+00:00,61.69559860229492,62.02000045776367,61.52000045776367,61.98500061035156,2251196
2024-11-15 16:30:00+00:00,61.505001068115234,61.70500183105469,61.38999938964844,61.68999862670898,3068214
2024-11-15 17:30:00+00:00,61.720001220703125,61.869998931884766,61.470001220703125,61.505001068115234,3381818
2024-11-15 18:30:00+00:00,61.60499954223633,61.77000045776367,61.5099983215332,61.72499847412109,1551999
2024-11-15 19:30:00+00:00,61.56499862670898,61.75,61.54999923706055,61.60499954223633,1752580
2024-11-15 20:30:00+00:00,61.72999954223633,61.75,61.505001068115234,61.56499862670898,3704494
2024-11-18 14:30:00+00:00,61.915000915527344,62.1150016784668,61.560001373291016,61.84999847412109,2840098
2024-11-18 15:30:00+00:00,62.04999923706055,62.13999938964844,61.86000061035156,61.915000915527344,1073199
2024-11-18 16:30:00+00:00,61.98500061035156,62.119998931884766,61.970001220703125,62.04499816894531,833676
2024-11-18 17:30:00+00:00,61.95500183105469,62.0099983215332,61.90010070800781,61.98500061035156,865463
2024-11-18 18:30:00+00:00,61.98500061035156,62.005001068115234,61.84189987182617,61.95500183105469,1010160
2024-11-18 19:30:00+00:00,61.77999877929688,62.0099983215332,61.75,61.98500061035156,1086734
2024-11-18 20:30:00+00:00,61.84000015258789,61.869998931884766,61.68999862670898,61.78499984741211,2168629
2024-11-19 14:30:00+00:00,61.95500183105469,61.97999954223633,61.630001068115234,61.900001525878906,2210922
2024-11-19 15:30:00+00:00,62.05500030517578,62.05500030517578,61.90999984741211,61.95500183105469,1550222
2024-11-19 16:30:00+00:00,62.084999084472656,62.09000015258789,61.959999084472656,62.05500030517578,1019939
2024-11-19 17:30:00+00:00,62.150001525878906,62.17499923706055,62.05500030517578,62.084999084472656,833948
2024-11-19 18:30:00+00:00,62.275001525878906,62.33000183105469,62.125,62.14120101928711,1049049
2024-11-19 19:30:00+00:00,62.310001373291016,62.34000015258789,62.18000030517578,62.275001525878906,1705345
2024-11-19 20:30:00+00:00,62.59000015258789,62.619998931884766,62.29499816894531,62.31499862670898,2879220
2024-11-20 14:30:00+00:00,62.459999084472656,62.52000045776367,62.18999862670898,62.36000061035156,2257380
2024-11-20 15:30:00+00:00,62.22999954223633,62.4900016784668,62.02000045776367,62.44499969482422,1326132
2024-11-20 16:30:00+00:00,62.56999969482422,62.59999847412109,62.220001220703125,62.23500061035156,1299832
2024-11-20 17:30:00+00:00,62.83000183105469,62.84000015258789,62.574501037597656,62.57500076293945,1159157
2024-11-20 18:30:00+00:00,62.85499954223633,62.86000061035156,62.72499847412109,62.82500076293945,1234336
2024-11-20 19:30:00+00:00,62.73500061035156,62.93000030517578,62.709999084472656,62.85499954223633,1413522
2024-11-20 20:30:00+00:00,63.0099983215332,63.0099983215332,62.7400016784668,62.7400016784668,2279432
2024-11-21 14:30:00+00:00,63.3400993347168,63.369998931884766,62.95000076293945,63.150001525878906,2716227
2024-11-21 15:30:00+00:00,63.35499954223633,63.61989974975586,63.29999923706055,63.34000015258789,2171290
2024-11-21 16:30:00+00:00,63.345001220703125,63.459999084472656,63.16999816894531,63.35499954223633,1678570
2024-11-21 17:30:00+00:00,63.59999847412109,63.61000061035156,63.34000015258789,63.345001220703125,1068407
2024-11-21 18:30:00+00:00,63.6349983215332,63.650001525878906,63.560001373291016,63.60079956054688,1238343
2024-11-21 19:30:00+00:00,63.64500045776367,63.70000076293945,63.58000183105469,63.6349983215332,1582816
2024-11-21 20:30:00+00:00,63.75,63.810001373291016,63.630001068115234,63.64500045776367,2274032
2024-11-22 14:30:00+00:00,63.869998931884766,64.4800033569336,63.85499954223633,64.23999786376953,5878430
2024-11-22 15:30:00+00:00,63.84000015258789,64.02999877929688,63.790000915527344,63.880001068115234,1454506
2024-11-22 16:30:00+00:00,63.74250030517578,63.86000061035156,63.68999862670898,63.84999847412109,1453213
2024-11-22 17:30:00+00:00,63.70000076293945,63.77999877929688,63.650001525878906,63.744998931884766,1275907
2024-11-22 18:30:00+00:00,63.88999938964844,63.90999984741211,63.650001525878906,63.70500183105469,1345913
2024-11-22 19:30:00+00:00,63.86000061035156,63.9900016784668,63.82500076293945,63.88119888305664,1949934
2024-11-22 20:30:00+00:00,63.90999984741211,64.02999877929688,63.84999847412109,63.86000061035156,2571639
2024-11-25 14:30:00+00:00,64.44249725341797,64.70999908447266,64.08000183105469,64.31999969482422,2510418
2024-11-25 15:30:00+00:00,64.125,64.4800033569336,64.12000274658203,64.44999694824219,1099820
2024-11-25 16:30:00+00:00,64.16000366210938,64.23880004882812,64.05999755859375,64.12000274658203,1071124
2024-11-25 17:30:00+00:00,64.0250015258789,64.16889953613281,63.95000076293945,64.15499877929688,1289534
2024-11-25 18:30:00+00:00,63.96500015258789,64.12000274658203,63.959999084472656,64.0199966430664,892684
2024-11-25 19:30:00+00:00,64.04499816894531,64.0999984741211,63.93999862670898,63.96500015258789,1170003
2024-11-25 20:30:00+00:00,64.3499984741211,64.37999725341797,63.84000015258789,64.04000091552734,2541596
2024-11-26 14:30:00+00:00,64.49749755859375,64.58000183105469,64.05999755859375,64.30999755859375,2749145
2024-11-26 15:30:00+00:00,64.38999938964844,64.5199966430664,64.2699966430664,64.49500274658203,1425110
2024-11-26 16:30:00+00:00,64.2750015258789,64.54000091552734,64.25499725341797,64.38500213623047,937890
2024-11-26 17:30:00+00:00,64.46070098876953,64.55999755859375,64.2699966430664,64.2699966430664,1066991
2024-11-26 18:30:00+00:00,64.52999877929688,64.58999633789062,64.44000244140625,64.45999908447266,810351
2024-11-26 19:30:00+00:00,64.54509735107422,64.61000061035156,64.5199966430664,64.52999877929688,901130
2024-11-26 20:30:00+00:00,64.55999755859375,64.63999938964844,64.54000091552734,64.54000091552734,1934358
2024-11-27 14:30:00+00:00,64.97000122070312,65.00749969482422,64.58999633789062,64.95999908447266,2183570
2024-11-27 15:30:00+00:00,64.88500213623047,65.0999984741211,64.8550033569336,64.96109771728516,1667735
2024-11-27 16:30:00+00:00,64.8949966430664,65.01499938964844,64.8499984741211,64.87999725341797,934502
2024-11-27 17:30:00+00:00,64.56900024414062,64.92500305175781,64.56900024414062,64.8949966430664,998276
2024-11-27 18:30:00+00:00,64.49500274658203,64.58999633789062,64.4800033569336,64.55999755859375,950037
2024-11-27 19:30:00+00:00,64.33000183105469,64.5199966430664,64.31500244140625,64.49500274658203,914829
2024-11-27 20:30:00+00:00,64.44999694824219,64.5,64.25,64.33000183105469,1750202
2024-11-29 14:30:00+00:00,64.16500091552734,64.19000244140625,63.77000045776367,64.0199966430664,2249836
2024-11-29 15:30:00+00:00,64.20500183105469,64.25,64.01000213623047,64.16500091552734,1357090
2024-11-29 16:30:00+00:00,64.1500015258789,64.2300033569336,64.11000061035156,64.19999694824219,1099388
2024-12-02 14:30:00+00:00,63.59989929199219,64.19000244140625,63.345001220703125,64.0,2409041
2024-12-02 15:30:00+00:00,63.7599983215332,63.95610046386719,63.59000015258789,63.60499954223633,1989515
2024-12-02 16:30:00+00:00,63.59999847412109,63.78499984741211,63.560001373291016,63.76499938964844,1482105
2024-12-02 17:30:00+00:00,63.7599983215332,63.7599983215332,63.560001373291016,63.5994987487793,812840
2024-12-02 18:30:00+00:00,63.744998931884766,63.845001220703125,63.70000076293945,63.755001068115234,1336371
2024-12-02 19:30:00+00:00,63.720001220703125,63.775001525878906,63.69240188598633,63.744998931884766,882950
2024-12-02 20:30:00+00:00,63.665000915527344,63.80500030517578,63.619998931884766,63.72119903564453,2022125
2024-12-03 14:30:00+00:00,63.32500076293945,63.84000015258789,63.025001525878906,63.720001220703125,4625649
2024-12-03 15:30:00+00:00,63.59999847412109,63.619998931884766,63.20000076293945,63.32500076293945,1508733
2024-12-03 16:30:00+00:00,63.75,63.75,63.5099983215332,63.59999847412109,978447
2024-12-03 17:30:00+00:00,63.810001373291016,63.81999969482422,63.619998931884766,63.75,773404
2024-12-03 18:30:00+00:00,63.90499877929688,64.08000183105469,63.81499862670898,63.81499862670898,3032857
2024-12-03 19:30:00+00:00,63.73500061035156,63.93999862670898,63.68999862670898,63.90499877929688,1330738
2024-12-03 20:30:00+00:00,63.52999877929688,63.810001373291016,63.43000030517578,63.72999954223633,3086515
2024-12-04 14:30:00+00:00,62.619998931884766,63.34999847412109,62.5,63.275001525878906,3384547
2024-12-04 15:30:00+00:00,62.584999084472656,62.68000030517578,62.5,62.625,1917600
2024-12-04 16:30:00+00:00,62.45500183105469,62.72999954223633,62.43999862670898,62.584999084472656,1268912
2024-12-04 17:30:00+00:00,62.41080093383789,62.52000045776367,62.33000183105469,62.45000076293945,1910207
2024-12-04 18:30:00+00:00,62.14500045776367,62.470001220703125,62.14500045776367,62.41999816894531,1649701
2024-12-04 19:30:00+00:00,61.9900016784668,62.185001373291016,61.94499969482422,62.14500045776367,4973030
2024-12-04 20:30:00+00:00,62.209999084472656,62.220001220703125,61.900001525878906,61.98500061035156,4356477
2024-12-05 14:30:00+00:00,62.35499954223633,62.650001525878906,62.09999847412109,62.470001220703125,3702618
2024-12-05 15:30:00+00:00,62.29499816894531,62.41999816894531,62.185001373291016,62.36000061035156,1614799
2024-12-05 16:30:00+00:00,62.60060119628906,62.630001068115234,62.29499816894531,62.29499816894531,1728846
2024-12-05 17:30:00+00:00,62.915000915527344,62.994998931884766,62.584999084472656,62.61000061035156,2537806
2024-12-05 18:30:00+00:00,62.89500045776367,62.9900016784668,62.77999877929688,62.915000915527344,2056831
2024-12-05 19:30:00+00:00,62.94499969482422,62.95000076293945,62.85499954223633,62.89500045776367,1644957
2024-12-05 20:30:00+00:00,62.935001373291016,63.119998931884766,62.90999984741211,62.94499969482422,3290113
2024-12-06 14:30:00+00:00,63.02999877929688,63.36000061035156,62.68999862670898,62.83000183105469,3112351
2024-12-06 15:30:00+00:00,62.70869827270508,63.04999923706055,62.70000076293945,63.0281982421875,1415229
2024-12-06 16:30:00+00:00,62.71500015258789,62.90999984741211,62.619998931884766,62.70000076293945,924549
2024-12-06 17:30:00+00:00,62.73500061035156,62.90999984741211,62.65999984741211,62.71500015258789,1102462
2024-12-06 18:30:00+00:00,62.79999923706055,62.84000015258789,62.70500183105469,62.73500061035156,1085585
2024-12-06 19:30:00+00:00,62.84880065917969,62.880001068115234,62.744998931884766,62.79499816894531,1838548
2024-12-06 20:30:00+00:00,62.5099983215332,62.84999847412109,62.5099983215332,62.845001220703125,2050748
2024-12-09 14:30:00+00:00,62.5,62.790000915527344,61.900001525878906,62.68999862670898,4595530
2024-12-09 15:30:00+00:00,62.45500183105469,62.90999984741211,62.435001373291016,62.5,2598143
2024-12-09 16:30:00+00:00,62.68999862670898,62.709999084472656,62.2599983215332,62.45000076293945,1845658
2024-12-09 17:30:00+00:00,62.84999847412109,62.86000061035156,62.64500045776367,62.68999862670898,1790466
2024-12-09 18:30:00+00:00,62.775001525878906,62.92900085449219,62.73500061035156,62.85499954223633,2103065
2024-12-09 19:30:00+00:00,62.76499938964844,62.900001525878906,62.72499847412109,62.77000045776367,1886647
2024-12-09 20:30:00+00:00,62.630001068115234,62.77999877929688,62.560001373291016,62.76499938964844,2751228
2024-12-10 14:30:00+00:00,62.25,62.54999923706055,61.790000915527344,62.36000061035156,3385877
2024-12-10 15:30:00+00:00,62.57500076293945,62.59000015258789,62.21500015258789,62.244998931884766,1286007
2024-12-10 16:30:00+00:00,62.58000183105469,62.72999954223633,62.54999923706055,62.56999969482422,1083069
2024-12-10 17:30:00+00:00,62.518798828125,62.59999847412109,62.5,62.57500076293945,802938
2024-12-10 18:30:00+00:00,62.56499862670898,62.619998931884766,62.470001220703125,62.51499938964844,739859
2024-12-10 19:30:00+00:00,63.01499938964844,63.018798828125,62.55500030517578,62.56999969482422,1381377
2024-12-10 20:30:00+00:00,62.935001373291016,63.040000915527344,62.790000915527344,63.02000045776367,2238600
2024-12-11 14:30:00+00:00,63.375,63.4900016784668,62.91999816894531,63.0,2894900
2024-12-11 15:30:00+00:00,63.40499877929688,63.48500061035156,63.29499816894531,63.375,1339746
2024-12-11 16:30:00+00:00,63.59999847412109,63.630001068115234,63.380001068115234,63.415000915527344,2023567
2024-12-11 17:30:00+00:00,63.21500015258789,63.6150016784668,63.18999862670898,63.60499954223633,1237469
2024-12-11 18:30:00+00:00,62.64500045776367,63.220001220703125,62.619998931884766,63.209999084472656,1977818
2024-12-11 19:30:00+00:00,62.61000061035156,62.68999862670898,62.47499847412109,62.63999938964844,2079408
2024-12-11 20:30:00+00:00,62.619998931884766,62.790000915527344,62.400001525878906,62.61000061035156,3366174
2024-12-12 14:30:00+00:00,63.685001373291016,63.73500061035156,63.220001220703125,63.54999923706055,3314561
2024-12-12 15:30:00+00:00,63.77999877929688,63.790000915527344,63.4900016784668,63.68989944458008,1543073
2024-12-12 16:30:00+00:00,63.630001068115234,63.810001373291016,63.54999923706055,63.775001525878906,1131749
2024-12-12 17:30:00+00:00,63.540000915527344,63.63999938964844,63.505001068115234,63.619998931884766,879255
2024-12-12 18:30:00+00:00,63.494998931884766,63.61000061035156,63.40499877929688,63.525001525878906,1193999
2024-12-12 19:30:00+00:00,63.72499847412109,63.75,63.415000915527344,63.5,1290358
2024-12-12 20:30:00+00:00,63.84999847412109,63.91999816894531,63.720001220703125,63.72499847412109,2651779
2024-12-13 14:30:00+00:00,63.56999969482422,63.709999084472656,63.11000061035156,63.56999969482422,2653520
2024-12-13 15:30:00+00:00,63.709999084472656,63.83000183105469,63.40999984741211,63.5619010925293,1355029
2024-12-13 16:30:00+00:00,63.64030075073242,63.834999084472656,63.55500030517578,63.709999084472656,1100472
2024-12-13 17:30:00+00:00,63.48500061035156,63.67499923706055,63.380001068115234,63.63999938964844,965445
2024-12-13 18:30:00+00:00,63.334999084472656,63.494998931884766,63.31999969482422,63.48500061035156,607468
2024-12-13 19:30:00+00:00,63.42499923706055,63.459999084472656,63.33000183105469,63.334999084472656,1139740
2024-12-13 20:30:00+00:00,63.130001068115234,63.459999084472656,63.11000061035156,63.41999816894531,1512717
2024-12-16 14:30:00+00:00,63.61000061035156,63.86000061035156,63.119998931884766,63.22999954223633,3265402
2024-12-16 15:30:00+00:00,63.25,63.685001373291016,63.220001220703125,63.60020065307617,2004229
2024-12-16 16:30:00+00:00,63.05500030517578,63.31499862670898,63.02000045776367,63.25,1612716
2024-12-16 17:30:00+00:00,62.810001373291016,63.150001525878906,62.65999984741211,63.05500030517578,2969323
2024-12-16 18:30:00+00:00,62.69499969482422,62.86000061035156,62.69499969482422,62.80500030517578,1461175
2024-12-16 19:30:00+00:00,62.54499816894531,62.709999084472656,62.494998931884766,62.69499969482422,2089485
2024-12-16 20:30:00+00:00,62.58000183105469,62.595001220703125,62.34999847412109,62.54499816894531,2672877
2024-12-17 14:30:00+00:00,63.40499877929688,63.43999862670898,62.31999969482422,62.45000076293945,2450309
2024-12-17 15:30:00+00:00,63.28630065917969,63.54999923706055,63.209999084472656,63.400001525878906,1952734
2024-12-17 16:30:00+00:00,63.41999816894531,63.505001068115234,63.220001220703125,63.28499984741211,1957379
2024-12-17 17:30:00+00:00,63.39500045776367,63.459999084472656,63.22999954223633,63.41999816894531,1293302
2024-12-17 18:30:00+00:00,63.43000030517578,63.47999954223633,63.28499984741211,63.400001525878906,1521524
2024-12-17 19:30:00+00:00,63.40499877929688,63.50529861450195,63.36000061035156,63.42499923706055,1807247
2024-12-17 20:30:00+00:00,63.43000030517578,63.4900016784668,63.31999969482422,63.400001525878906,2885388
2024-12-18 14:30:00+00:00,63.44499969482422,63.63999938964844,62.790000915527344,62.810001373291016,2372531
2024-12-18 15:30:00+00:00,63.43999862670898,63.53499984741211,63.35499954223633,63.44499969482422,1464234
2024-12-18 16:30:00+00:00,63.536399841308594,63.625,63.43000030517578,63.43999862670898,1088393
2024-12-18 17:30:00+00:00,63.345001220703125,63.560001373291016,63.34000015258789,63.52999877929688,1102244
2024-12-18 18:30:00+00:00,63.15999984741211,63.44499969482422,63.09999847412109,63.34000015258789,1590088
2024-12-18 19:30:00+00:00,63.52000045776367,63.584999084472656,63.150001525878906,63.15999984741211,2126822
2024-12-18 20:30:00+00:00,62.83000183105469,63.56499862670898,62.79999923706055,63.52000045776367,3490330
2024-12-19 14:30:00+00:00,62.9900016784668,63.040000915527344,62.41999816894531,62.70000076293945,2833907
2024-12-19 15:30:00+00:00,62.959999084472656,63.0,62.77999877929688,62.9900016784668,1616567
2024-12-19 16:30:00+00:00,62.93999862670898,62.96500015258789,62.73500061035156,62.95500183105469,1081023
2024-12-19 17:30:00+00:00,63.15999984741211,63.16999816894531,62.880001068115234,62.935001373291016,1280166
2024-12-19 18:30:00+00:00,62.91999816894531,63.15999984741211,62.84000015258789,63.150001525878906,1154618
2024-12-19 19:30:00+00:00,62.665000915527344,62.95000076293945,62.6349983215332,62.90999984741211,1580432
2024-12-19 20:30:00+00:00,62.43000030517578,62.84000015258789,62.400001525878906,62.66999816894531,2976656
2024-12-20 14:30:00+00:00,62.47499847412109,62.650001525878906,62.27999877929688,62.470001220703125,5280525
2024-12-20 15:30:00+00:00,62.959999084472656,62.959999084472656,62.290000915527344,62.47499847412109,1259315
2024-12-20 16:30:00+00:00,62.94499969482422,63.060001373291016,62.875,62.96500015258789,1325276
2024-12-20 17:30:00+00:00,62.85010147094727,62.97100067138672,62.76499938964844,62.94499969482422,1208849
2024-12-20 18:30:00+00:00,62.93550109863281,62.9384994506836,62.68999862670898,62.85499954223633,1150732
2024-12-20 19:30:00+00:00,62.70000076293945,62.970001220703125,62.68999862670898,62.935001373291016,1358580
2024-12-20 20:30:00+00:00,62.58000183105469,62.83000183105469,62.525001525878906,62.70500183105469,3244189
2024-12-23 14:30:00+00:00,61.93999862670898,62.7599983215332,61.88999938964844,62.5,2186575
2024-12-23 15:30:00+00:00,61.900001525878906,61.9900016784668,61.75,61.94499969482422,1212706
2024-12-23 16:30:00+00:00,61.570098876953125,61.959999084472656,61.560001373291016,61.89500045776367,1177844
2024-12-23 17:30:00+00:00,61.845001220703125,61.84999847412109,61.53179931640625,61.56999969482422,979879
2024-12-23 18:30:00+00:00,61.9275016784668,62.06499862670898,61.77000045776367,61.84189987182617,959948
2024-12-23 19:30:00+00:00,62.16999816894531,62.21720123291016,61.84000015258789,61.92499923706055,1135673
2024-12-23 20:30:00+00:00,62.369998931884766,62.40999984741211,62.13010025024414,62.18000030517578,1497579
2024-12-24 14:30:00+00:00,62.42499923706055,62.5,62.0099983215332,62.20000076293945,1324684
2024-12-24 15:30:00+00:00,62.49639892578125,62.63999938964844,62.400001525878906,62.42499923706055,906400
2024-12-24 16:30:00+00:00,62.635398864746094,62.65499877929688,62.459999084472656,62.494998931884766,709853
2024-12-26 14:30:00+00:00,62.5088996887207,62.709999084472656,62.42010116577149,62.61000061035156,1399981
2024-12-26 15:30:00+00:00,62.5099983215332,62.540000915527344,62.400001525878906,62.5099983215332,759359
2024-12-26 16:30:00+00:00,62.70439910888672,62.7400016784668,62.5,62.5,670720
2024-12-26 17:30:00+00:00,62.584999084472656,62.720001220703125,62.57500076293945,62.70500183105469,471483
2024-12-26 18:30:00+00:00,62.63999938964844,62.6884994506836,62.54999923706055,62.584999084472656,669632
2024-12-26 19:30:00+00:00,62.59000015258789,62.68999862670898,62.54999923706055,62.64500045776367,702301
2024-12-26 20:30:00+00:00,62.56999969482422,62.685001373291016,62.52999877929688,62.59049987792969,970904
2024-12-27 14:30:00+00:00,62.80500030517578,62.95000076293945,62.20899963378906,62.45000076293945,1430304
2024-12-27 15:30:00+00:00,62.55500030517578,62.845001220703125,62.5099983215332,62.79999923706055,710412
2024-12-27 16:30:00+00:00,62.43000030517578,62.709999084472656,62.3849983215332,62.54999923706055,706796
2024-12-27 17:30:00+00:00,62.41999816894531,62.4900016784668,62.32500076293945,62.43000030517578,464772
2024-12-27 18:30:00+00:00,62.56999969482422,62.59999847412109,62.39500045776367,62.415000915527344,627164
2024-12-27 19:30:00+00:00,62.45000076293945,62.595001220703125,62.41999816894531,62.58000183105469,619615
2024-12-27 20:30:00+00:00,62.459999084472656,62.61000061035156,62.38010025024414,62.44499969482422,1312129
2024-12-30 14:30:00+00:00,61.935001373291016,62.34000015258789,61.68000030517578,62.34000015258789,1795275
2024-12-30 15:30:00+00:00,62.00960159301758,62.02000045776367,61.750099182128906,61.935001373291016,797089
2024-12-30 16:30:00+00:00,62.130001068115234,62.185001373291016,61.88999938964844,62.005001068115234,692574
2024-12-30 17:30:00+00:00,62.09999847412109,62.18999862670898,62.04999923706055,62.130001068115234,584696
2024-12-30 18:30:00+00:00,62.01499938964844,62.15999984741211,61.959999084472656,62.09999847412109,720308
2024-12-30 19:30:00+00:00,62.15999984741211,62.2400016784668,62.00419998168945,62.01499938964844,959014
2024-12-30 20:30:00+00:00,62.02999877929688,62.220001220703125,62.02000045776367,62.150001525878906,1263128
2024-12-31 14:30:00+00:00,62.01499938964844,62.43000030517578,61.97999954223633,62.02000045776367,1031416
2024-12-31 15:30:00+00:00,62.03499984741211,62.14500045776367,61.95500183105469,62.0099983215332,625006
2024-12-31 16:30:00+00:00,61.880001068115234,62.04999923706055,61.810001373291016,62.040000915527344,631745
2024-12-31 17:30:00+00:00,61.880001068115234,61.994998931884766,61.79999923706055,61.880001068115234,702832
2024-12-31 18:30:00+00:00,62.095001220703125,62.119998931884766,61.875,61.875,532766
2024-12-31 19:30:00+00:00,62.1150016784668,62.13999938964844,62.005001068115234,62.095001220703125,781876
2024-12-31 20:30:00+00:00,62.27999877929688,62.29999923706055,62.09999847412109,62.1150016784668,1679474
2025-01-02 14:30:00+00:00,62.33000183105469,62.75,62.220001220703125,62.34999847412109,1628439
2025-01-02 15:30:00+00:00,62.03419876098633,62.380001068115234,61.90999984741211,62.33000183105469,870627
2025-01-02 16:30:00+00:00,61.90999984741211,62.130001068115234,61.880001068115234,62.040000915527344,608760
2025-01-02 17:30:00+00:00,61.7599983215332,61.91999816894531,61.720001220703125,61.900001525878906,795204
2025-01-02 18:30:00+00:00,61.75,61.7599983215332,61.619998931884766,61.75,819356
2025-01-02 19:30:00+00:00,61.869998931884766,61.90999984741211,61.68000030517578,61.744998931884766,861583
2025-01-02 20:30:00+00:00,61.875,61.935001373291016,61.8025016784668,61.86840057373047,1301995
2025-01-03 14:30:00+00:00,61.900001525878906,62.07500076293945,61.65999984741211,61.900001525878906,1509742
2025-01-03 15:30:00+00:00,62.005001068115234,62.04999923706055,61.81999969482422,61.88999938964844,793365
2025-01-03 16:30:00+00:00,61.935001373291016,62.060001373291016,61.93000030517578,62.0,571920
2025-01-03 17:30:00+00:00,62.01499938964844,62.02000045776367,61.869998931884766,61.93999862670898,542474
2025-01-03 18:30:00+00:00,62.0,62.02000045776367,61.900001525878906,62.01499938964844,537132
2025-01-03 19:30:00+00:00,61.915000915527344,62.02999877929688,61.85499954223633,62.0099983215332,650111
2025-01-03 20:30:00+00:00,61.7400016784668,61.92100143432617,61.619998931884766,61.90999984741211,1615121
2025-01-06 14:30:00+00:00,61.05500030517578,61.56499862670898,61.01499938964844,61.5,3646658
2025-01-06 15:30:00+00:00,61.2400016784668,61.29999923706055,61.040000915527344,61.060001373291016,1906657
2025-01-06 16:30:00+00:00,61.2599983215332,61.40999984741211,61.18999862670898,61.22999954223633,1165413
2025-01-06 17:30:00+00:00,61.095001220703125,61.290000915527344,61.02999877929688,61.2599983215332,1190028
2025-01-06 18:30:00+00:00,60.95050048828125,61.2318000793457,60.95050048828125,61.095001220703125,1616595
2025-01-06 19:30:00+00:00,60.68000030517578,61.0099983215332,60.65999984741211,60.96500015258789,1993076
2025-01-06 20:30:00+00:00,60.81999969482422,60.84000015258789,60.66999816894531,60.68000030517578,2579639
2025-01-07 14:30:00+00:00,61.505001068115234,61.71749877929688,60.959999084472656,61.11000061035156,3411452
2025-01-07 15:30:00+00:00,61.095001220703125,61.63999938964844,61.040000915527344,61.5099983215332,1664337
2025-01-07 16:30:00+00:00,60.96500015258789,61.21500015258789,60.93999862670898,61.095001220703125,1341097
2025-01-07 17:30:00+00:00,60.93999862670898,61.0,60.880001068115234,60.970001220703125,994361
2025-01-07 18:30:00+00:00,60.90999984741211,61.0,60.845001220703125,60.94499969482422,1587658
2025-01-07 19:30:00+00:00,60.665000915527344,60.91540145874024,60.64500045776367,60.90755844116211,1602393
2025-01-07 20:30:00+00:00,60.84999847412109,60.86000061035156,60.6150016784668,60.665000915527344,3242383
2025-01-08 14:30:00+00:00,61.14500045776367,61.43999862670898,60.93000030517578,61.04999923706055,2649068
2025-01-08 15:30:00+00:00,61.30500030517578,61.38999938964844,61.08000183105469,61.150001525878906,1276475
2025-01-08 16:30:00+00:00,61.275001525878906,61.435001373291016,61.23500061035156,61.310001373291016,970673
2025-01-08 17:30:00+00:00,61.22499847412109,61.29999923706055,61.18999862670898,61.275001525878906,1079074
2025-01-08 18:30:00+00:00,61.459999084472656,61.46500015258789,61.20000076293945,61.22499847412109,899442
2025-01-08 19:30:00+00:00,61.625,61.64500045776367,61.38999938964844,61.45500183105469,1147430
2025-01-08 20:30:00+00:00,61.68000030517578,61.77000045776367,61.52999877929688,61.628299713134766,1983861
2025-01-10 14:30:00+00:00,60.92499923706055,61.650001525878906,60.91999816894531,61.58000183105469,2823126
2025-01-10 15:30:00+00:00,60.95719909667969,61.209999084472656,60.78499984741211,60.92499923706055,1750052
2025-01-10 16:30:00+00:00,60.80500030517578,60.95500183105469,60.72999954223633,60.95500183105469,1319305
2025-01-10 17:30:00+00:00,60.810001373291016,60.92499923706055,60.73500061035156,60.79999923706055,1014732
2025-01-10 18:30:00+00:00,60.93000030517578,60.970001220703125,60.7400016784668,60.81669998168945,1462134
2025-01-10 19:30:00+00:00,60.970001220703125,61.02000045776367,60.810001373291016,60.92499923706055,1864406
2025-01-10 20:30:00+00:00,61.06999969482422,61.08000183105469,60.880001068115234,60.96500015258789,3484925
2025-01-13 14:30:00+00:00,61.17499923706055,61.36000061035156,60.709999084472656,61.130001068115234,2516918
2025-01-13 15:30:00+00:00,61.33000183105469,61.45000076293945,61.11000061035156,61.18000030517578,1568943
2025-01-13 16:30:00+00:00,61.57500076293945,61.619998931884766,61.290000915527344,61.31999969482422,2043870
2025-01-13 17:30:00+00:00,61.68000030517578,61.755001068115234,61.47999954223633,61.58000183105469,1786959
2025-01-13 18:30:00+00:00,61.83000183105469,61.84000015258789,61.65999984741211,61.66999816894531,1174331
2025-01-13 19:30:00+00:00,61.79499816894531,61.845001220703125,61.69499969482422,61.84000015258789,1248793
2025-01-13 20:30:00+00:00,61.625,61.79499816894531,61.5099983215332,61.79499816894531,2206458
2025-01-14 14:30:00+00:00,61.58000183105469,61.83000183105469,61.41999816894531,61.65499877929688,2274454
2025-01-14 15:30:00+00:00,61.584999084472656,61.69499969482422,61.5,61.58000183105469,2142768
2025-01-14 16:30:00+00:00,61.3650016784668,61.63999938964844,61.3650016784668,61.584999084472656,1013504
2025-01-14 17:30:00+00:00,61.47999954223633,61.5,61.29999923706055,61.3650016784668,1261980
2025-01-14 18:30:00+00:00,61.71500015258789,61.7400016784668,61.47499847412109,61.47499847412109,1016546
2025-01-14 19:30:00+00:00,61.80009841918945,61.845001220703125,61.665000915527344,61.71500015258789,1460318
2025-01-14 20:30:00+00:00,62.02000045776367,62.06499862670898,61.755001068115234,61.80500030517578,2522025
2025-01-15 14:30:00+00:00,62.26380157470703,62.619998931884766,62.26380157470703,62.33000183105469,3547523
2025-01-15 15:30:00+00:00,61.97999954223633,62.290000915527344,61.88420104980469,62.2599983215332,1744393
2025-01-15 16:30:00+00:00,62.02000045776367,62.08000183105469,61.85139846801758,61.97999954223633,1374058
2025-01-15 17:30:00+00:00,62.0099983215332,62.09999847412109,61.93999862670898,62.02000045776367,736417
2025-01-15 18:30:00+00:00,62.005001068115234,62.060001373291016,61.970001220703125,62.005001068115234,885958
2025-01-15 19:30:00+00:00,61.90499877929688,62.05899810791016,61.869998931884766,62.005001068115234,958782
2025-01-15 20:30:00+00:00,61.77000045776367,61.96500015258789,61.68000030517578,61.90760040283203,2336049
2025-01-16 14:30:00+00:00,61.39500045776367,61.7400016784668,61.31999969482422,61.41999816894531,1821517
2025-01-16 15:30:00+00:00,61.70550155639648,61.71500015258789,61.375,61.39500045776367,1478538
2025-01-16 16:30:00+00:00,61.880001068115234,61.91999816894531,61.68000030517578,61.70500183105469,1375399
2025-01-16 17:30:00+00:00,61.93000030517578,61.95000076293945,61.77000045776367,61.8849983215332,1167580
2025-01-16 18:30:00+00:00,61.96500015258789,62.05500030517578,61.86000061035156,61.92279815673828,1205775
2025-01-16 19:30:00+00:00,62.07500076293945,62.095001220703125,61.935001373291016,61.970001220703125,880493
2025-01-16 20:30:00+00:00,62.26499938964844,62.29999923706055,62.06999969482422,62.08000183105469,1795991
2025-01-17 14:30:00+00:00,62.53499984741211,62.56999969482422,62.16999816894531,62.310001373291016,4226642
2025-01-17 15:30:00+00:00,62.540000915527344,62.650001525878906,62.31499862670898,62.53499984741211,1456684
2025-01-17 16:30:00+00:00,62.595001220703125,62.68999862670898,62.4900016784668,62.540000915527344,1214062
2025-01-17 17:30:00+00:00,62.4900016784668,62.64500045776367,62.47999954223633,62.595001220703125,903399
2025-01-17 18:30:00+00:00,62.625,62.63999938964844,62.42499923706055,62.4900016784668,2040134
2025-01-17 19:30:00+00:00,62.60499954223633,62.650001525878906,62.53049850463867,62.630001068115234,1422246
2025-01-17 20:30:00+00:00,62.70000076293945,62.76499938964844,62.58000183105469,62.60499954223633,2382581
2025-01-21 14:30:00+00:00,63.20000076293945,63.22999954223633,62.869998931884766,62.900001525878906,3538026
2025-01-21 15:30:00+00:00,63.04499816894531,63.220001220703125,62.89500045776367,63.209999084472656,1698524
2025-01-21 16:30:00+00:00,62.64500045776367,63.06499862670898,62.61000061035156,63.04499816894531,1488057
2025-01-21 17:30:00+00:00,62.45500183105469,62.80780029296875,62.39500045776367,62.64500045776367,1351991
2025-01-21 18:30:00+00:00,62.331199645996094,62.54499816894531,62.310001373291016,62.45500183105469,1478951
2025-01-21 19:30:00+00:00,62.415000915527344,62.47999954223633,62.31999969482422,62.334999084472656,1338432
2025-01-21 20:30:00+00:00,62.45000076293945,62.5,62.29999923706055,62.41999816894531,3050237
2025-01-22 14:30:00+00:00,62.11000061035156,62.28499984741211,61.65999984741211,62.119998931884766,4167385
2025-01-22 15:30:00+00:00,62.125,62.21500015258789,62.005001068115234,62.1150016784668,1455803
2025-01-22 16:30:00+00:00,61.834999084472656,62.18000030517578,61.810001373291016,62.130001068115234,1021013
2025-01-22 17:30:00+00:00,61.92499923706055,61.95000076293945,61.834999084472656,61.834999084472656,1072459
2025-01-22 18:30:00+00:00,61.90499877929688,61.977298736572266,61.845001220703125,61.92499923706055,1249782
2025-01-22 19:30:00+00:00,61.97499847412109,61.9900016784668,61.790000915527344,61.90599822998047,1653754
2025-01-22 20:30:00+00:00,61.77000045776367,62.08000183105469,61.7400016784668,61.97499847412109,1508697
2025-01-23 14:30:00+00:00,61.560001373291016,61.86000061035156,61.369998931884766,61.79999923706055,2537180
2025-01-23 15:30:00+00:00,61.81999969482422,61.84000015258789,61.51499938964844,61.55500030517578,1457756
2025-01-23 16:30:00+00:00,61.880001068115234,61.97999954223633,61.720001220703125,61.81499862670898,1567851
2025-01-23 17:30:00+00:00,61.80500030517578,61.979522705078125,61.709999084472656,61.8849983215332,1124339
2025-01-23 18:30:00+00:00,61.835899353027344,61.93000030517578,61.80500030517578,61.80500030517578,1392380
2025-01-23 19:30:00+00:00,61.67499923706055,61.86000061035156,61.66999816894531,61.83000183105469,1698963
2025-01-23 20:30:00+00:00,61.540000915527344,61.80500030517578,61.470001220703125,61.67499923706055,3091982
2025-01-24 14:30:00+00:00,61.650001525878906,61.88990020751953,61.435001373291016,61.720001220703125,3579667
2025-01-24 15:30:00+00:00,61.709999084472656,61.88999938964844,61.61000061035156,61.63999938964844,1832513
2025-01-24 16:30:00+00:00,61.68000030517578,61.72999954223633,61.58000183105469,61.70000076293945,1029213
2025-01-24 17:30:00+00:00,61.53499984741211,61.75,61.52000045776367,61.68999862670898,1219390
2025-01-24 18:30:00+00:00,61.58000183105469,61.66999816894531,61.51499938964844,61.52999877929688,2713742
2025-01-24 19:30:00+00:00,61.7400016784668,61.7400016784668,61.48500061035156,61.57799911499024,2090522
2025-01-24 20:30:00+00:00,61.90999984741211,62.0099983215332,61.665000915527344,61.75,3238797
2025-01-27 14:30:00+00:00,62.6349983215332,63.459999084472656,62.47299957275391,63.005001068115234,4382396
2025-01-27 15:30:00+00:00,63.21500015258789,63.23989868164063,62.61750030517578,62.630001068115234,1800852
2025-01-27 16:30:00+00:00,63.4900016784668,63.5099983215332,63.150001525878906,63.220001220703125,2138028
2025-01-27 17:30:00+00:00,63.85499954223633,63.90999984741211,63.43999862670898,63.4900016784668,2122859
2025-01-27 18:30:00+00:00,63.90999984741211,63.9900016784668,63.7400016784668,63.8650016784668,1882864
2025-01-27 19:30:00+00:00,63.935001373291016,64.18000030517578,63.84000015258789,63.900001525878906,2091484
2025-01-27 20:30:00+00:00,63.880001068115234,64.00499725341797,63.810001373291016,63.93999862670898,2702125
2025-01-28 14:30:00+00:00,63.22499847412109,64.04000091552734,63.22499847412109,63.5099983215332,2626268
2025-01-28 15:30:00+00:00,63.43000030517578,63.59999847412109,63.22499847412109,63.22999954223633,1265708
2025-01-28 16:30:00+00:00,63.05500030517578,63.47999954223633,62.97999954223633,63.42499923706055,1205142
2025-01-28 17:30:00+00:00,62.914398193359375,63.11000061035156,62.875,63.060001373291016,1092094
2025-01-28 18:30:00+00:00,62.64500045776367,62.97499847412109,62.61000061035156,62.915000915527344,2221342
2025-01-28 19:30:00+00:00,62.45500183105469,62.67499923706055,62.43000030517578,62.64500045776367,1685625
2025-01-28 20:30:00+00:00,62.34000015258789,62.52000045776367,62.27999877929688,62.45500183105469,2192170
2025-01-29 14:30:00+00:00,62.90499877929688,62.93999862670898,62.54999923706055,62.560001373291016,2577776
2025-01-29 15:30:00+00:00,63.16949844360352,63.16999816894531,62.79499816894531,62.90999984741211,1400829
2025-01-29 16:30:00+00:00,63.10499954223633,63.22999954223633,63.02999877929688,63.165000915527344,832193
2025-01-29 17:30:00+00:00,63.30500030517578,63.36000061035156,63.04999923706055,63.10639953613281,1071509
2025-01-29 18:30:00+00:00,63.07820129394531,63.310001373291016,63.040000915527344,63.310001373291016,1037231
2025-01-29 19:30:00+00:00,62.9900016784668,63.16999816894531,62.93999862670898,63.07500076293945,1204963
2025-01-29 20:30:00+00:00,62.82500076293945,63.005001068115234,62.81999969482422,62.98500061035156,1452108
2025-01-30 14:30:00+00:00,63.70500183105469,63.95000076293945,63.54999923706055,63.84999847412109,2919034
2025-01-30 15:30:00+00:00,63.48500061035156,63.744998931884766,63.459999084472656,63.709999084472656,910428
2025-01-30 16:30:00+00:00,63.43000030517578,63.48500061035156,63.22999954223633,63.47999954223633,950964
2025-01-30 17:30:00+00:00,64.21499633789062,64.23500061035156,63.38999938964844,63.43000030517578,1491164
2025-01-30 18:30:00+00:00,64.11499786376953,64.28500366210938,63.9900016784668,64.22000122070312,1201615
2025-01-30 19:30:00+00:00,63.97499847412109,64.12000274658203,63.93999862670898,64.11499786376953,884262
2025-01-30 20:30:00+00:00,64.0199966430664,64.06500244140625,63.584999084472656,63.97499847412109,1818911
2025-01-31 14:30:00+00:00,63.6349983215332,63.79999923706055,63.41999816894531,63.70000076293945,2055806
2025-01-31 15:30:00+00:00,63.63819885253906,63.83000183105469,63.59000015258789,63.630001068115234,1277905
2025-01-31 16:30:00+00:00,63.78499984741211,63.82429885864258,63.619998931884766,63.6349983215332,657927
2025-01-31 17:30:00+00:00,63.77000045776367,63.93000030517578,63.7400016784668,63.790000915527344,930707
2025-01-31 18:30:00+00:00,63.505001068115234,63.775001525878906,63.47999954223633,63.7599983215332,991779
2025-01-31 19:30:00+00:00,63.60179901123047,63.66999816894531,63.494998931884766,63.5099983215332,981898
2025-01-31 20:30:00+00:00,63.459999084472656,63.6349983215332,63.38999938964844,63.60499954223633,1571227
2025-02-03 14:30:00+00:00,63.3849983215332,63.38999938964844,62.43000030517578,63.18000030517578,2809592
2025-02-03 15:30:00+00:00,63.43999862670898,63.47499847412109,63.20000076293945,63.3849983215332,1362794
2025-02-03 16:30:00+00:00,63.51499938964844,63.59000015258789,63.29999923706055,63.45000076293945,930121
2025-02-03 17:30:00+00:00,63.540000915527344,63.55649948120117,63.3849983215332,63.5099983215332,1019679
2025-02-03 18:30:00+00:00,63.52479934692383,63.62990188598633,63.43000030517578,63.54999923706055,1199020
2025-02-03 19:30:00+00:00,63.29499816894531,63.58560180664063,63.27999877929688,63.525001525878906,951794
2025-02-03 20:30:00+00:00,63.369998931884766,63.459999084472656,63.2599983215332,63.29499816894531,1327292
2025-02-04 14:30:00+00:00,62.7599983215332,63.630001068115234,62.75,63.61000061035156,2860336
2025-02-04 15:30:00+00:00,62.44100189208984,62.93999862670898,62.34999847412109,62.790000915527344,2310477
2025-02-04 16:30:00+00:00,62.525001525878906,62.685001373291016,62.375,62.44499969482422,1195935
2025-02-04 17:30:00+00:00,62.54499816894531,62.61000061035156,62.4900016784668,62.52000045776367,964738
2025-02-04 18:30:00+00:00,62.6150016784668,62.63999938964844,62.375,62.540000915527344,1093944
2025-02-04 19:30:00+00:00,62.632999420166016,62.75,62.59999847412109,62.61320114135742,1440362
2025-02-04 20:30:00+00:00,62.66999816894531,62.70000076293945,62.4900016784668,62.6349983215332,2429803
2025-02-05 14:30:00+00:00,62.90999984741211,62.97999954223633,62.584999084472656,62.720001220703125,2107276
2025-02-05 15:30:00+00:00,62.95500183105469,63.060001373291016,62.85010147094727,62.880001068115234,1272334
2025-02-05 16:30:00+00:00,62.93999862670898,62.9900016784668,62.810001373291016,62.95500183105469,644571
2025-02-05 17:30:00+00:00,63.095001220703125,63.10499954223633,62.93529891967773,62.93529891967773,657259
2025-02-05 18:30:00+00:00,63.22999954223633,63.290000915527344,63.09000015258789,63.09000015258789,1012214
2025-02-05 19:30:00+00:00,63.09000015258789,63.2400016784668,63.06999969482422,63.22999954223633,1023240
2025-02-05 20:30:00+00:00,63.119998931884766,63.22999954223633,63.09000015258789,63.09000015258789,1466197
2025-02-06 14:30:00+00:00,63.20500183105469,63.7400016784668,63.060001373291016,63.619998931884766,2261079
2025-02-06 15:30:00+00:00,63.125,63.31499862670898,63.10499954223633,63.20500183105469,1277037
2025-02-06 16:30:00+00:00,62.994998931884766,63.150001525878906,62.90999984741211,63.125,1038006
2025-02-06 17:30:00+00:00,63.16600036621094,63.18999862670898,62.91999816894531,62.994998931884766,763385
2025-02-06 18:30:00+00:00,63.29999923706055,63.33000183105469,63.13999938964844,63.165000915527344,681703
2025-02-06 19:30:00+00:00,63.22999954223633,63.33000183105469,63.209999084472656,63.30500030517578,1033126
2025-02-06 20:30:00+00:00,63.36000061035156,63.38990020751953,63.20000076293945,63.22999954223633,1363923
2025-02-07 14:30:00+00:00,63.65999984741211,63.790000915527344,63.27000045776367,63.43000030517578,2041347
2025-02-07 15:30:00+00:00,63.69499969482422,63.8650016784668,63.54999923706055,63.65499877929688,1725694
2025-02-07 16:30:00+00:00,63.77000045776367,63.900001525878906,63.68999862670898,63.70000076293945,932085
2025-02-07 17:30:00+00:00,63.775001525878906,63.880001068115234,63.744998931884766,63.76499938964844,873322
2025-02-07 18:30:00+00:00,63.720001220703125,63.81999969482422,63.68000030517578,63.77000045776367,845169
2025-02-07 19:30:00+00:00,63.77999877929688,63.91999816894531,63.72499847412109,63.72499847412109,1207207
2025-02-07 20:30:00+00:00,63.84999847412109,63.875,63.71500015258789,63.77999877929688,1839963
2025-02-10 14:30:00+00:00,64.09500122070312,64.12000274658203,63.65999984741211,64.0999984741211,2909870
2025-02-10 15:30:00+00:00,64.17990112304688,64.28500366210938,64.08499908447266,64.09500122070312,1734448
2025-02-10 16:30:00+00:00,64.08499908447266,64.27580261230469,64.08000183105469,64.17500305175781,1104214
2025-02-10 17:30:00+00:00,64.04499816894531,64.1449966430664,63.97499847412109,64.08000183105469,850075
2025-02-10 18:30:00+00:00,64.02020263671875,64.12000274658203,63.97499847412109,64.04499816894531,1228930
2025-02-10 19:30:00+00:00,64.17780303955078,64.22000122070312,64.0199966430664,64.0250015258789,1411215
2025-02-10 20:30:00+00:00,64.52999877929688,64.6500015258789,64.13999938964844,64.17500305175781,3155872
2025-02-11 14:30:00+00:00,66.66999816894531,67.63999938964844,66.48999786376953,67.5,11276854
2025-02-11 15:30:00+00:00,66.5,66.87000274658203,66.41000366210938,66.66000366210938,3386203
2025-02-11 16:30:00+00:00,66.92870330810547,67.0999984741211,66.50499725341797,66.50499725341797,2674523
2025-02-11 17:30:00+00:00,66.99500274658203,67.0999984741211,66.76000213623047,66.92500305175781,1537288
2025-02-11 18:30:00+00:00,67.06790161132812,67.08999633789062,66.87999725341797,66.99639892578125,1530024
2025-02-11 19:30:00+00:00,67.30000305175781,67.58999633789062,67.02999877929688,67.06500244140625,2886470
2025-02-11 20:30:00+00:00,67.61000061035156,67.66999816894531,67.30000305175781,67.30000305175781,3789009
2025-02-12 14:30:00+00:00,68.06999969482422,68.08000183105469,66.87000274658203,66.87000274658203,5134371
2025-02-12 15:30:00+00:00,67.91000366210938,68.22000122070312,67.69000244140625,68.06500244140625,2821740
2025-02-12 16:30:00+00:00,67.95999908447266,68.06999969482422,67.83499908447266,67.91000366210938,1641739
2025-02-12 17:30:00+00:00,68.08000183105469,68.11000061035156,67.95069885253906,67.95069885253906,1561020
2025-02-12 18:30:00+00:00,68.16000366210938,68.19000244140625,67.9800033569336,68.07859802246094,1924751
2025-02-12 19:30:00+00:00,68.29989624023438,68.33000183105469,68.125,68.15499877929688,2602455
2025-02-12 20:30:00+00:00,68.69499969482422,68.81999969482422,68.29389953613281,68.30000305175781,5406331
2025-02-13 14:30:00+00:00,69.28500366210938,69.61000061035156,69.0,69.0,5645706
2025-02-13 15:30:00+00:00,69.0250015258789,69.32969665527344,68.76200103759766,69.28500366210938,2883543
2025-02-13 16:30:00+00:00,69.1500015258789,69.33000183105469,68.91999816894531,69.02749633789062,1912965
2025-02-13 17:30:00+00:00,69.28500366210938,69.30999755859375,68.92009735107422,69.15499877929688,1649883
2025-02-13 18:30:00+00:00,69.21099853515625,69.44000244140625,69.1500015258789,69.27999877929688,2250198
2025-02-13 19:30:00+00:00,69.30999755859375,69.4000015258789,69.0999984741211,69.21499633789062,2155329
2025-02-13 20:30:00+00:00,69.48999786376953,69.55999755859375,69.30999755859375,69.30999755859375,3008840
2025-02-14 14:30:00+00:00,69.88999938964844,70.02999877929688,69.36499786376953,69.36499786376953,4203037
2025-02-14 15:30:00+00:00,69.63999938964844,69.91999816894531,69.55999755859375,69.88999938964844,2354314
2025-02-14 16:30:00+00:00,69.53500366210938,69.66000366210938,69.43000030517578,69.6449966430664,1698503
2025-02-14 17:30:00+00:00,69.19010162353516,69.54000091552734,69.16999816894531,69.52999877929688,2153291
2025-02-14 18:30:00+00:00,69.13500213623047,69.3499984741211,69.12999725341797,69.19999694824219,1694835
2025-02-14 19:30:00+00:00,68.95500183105469,69.19999694824219,68.92500305175781,69.13500213623047,2213221
2025-02-14 20:30:00+00:00,68.87000274658203,69.04499816894531,68.76000213623047,68.95500183105469,2992693
2025-02-18 14:30:00+00:00,68.6449966430664,69.08999633789062,68.41999816894531,68.55000305175781,2986726
2025-02-18 15:30:00+00:00,68.88999938964844,69.0199966430664,68.59500122070312,68.64009857177734,1323089
2025-02-18 16:30:00+00:00,69.0625,69.08000183105469,68.88999938964844,68.8949966430664,1136526
2025-02-18 17:30:00+00:00,69.20500183105469,69.20999908447266,69.00499725341797,69.06009674072266,1053906
2025-02-18 18:30:00+00:00,69.125,69.37000274658203,69.07279968261719,69.20500183105469,2269269
2025-02-18 19:30:00+00:00,68.88500213623047,69.12000274658203,68.85189819335938,69.12000274658203,1543754
2025-02-18 20:30:00+00:00,69.04000091552734,69.05999755859375,68.81999969482422,68.88999938964844,2367062
2025-02-19 14:30:00+00:00,69.51499938964844,69.71499633789062,69.16999816894531,69.20999908447266,2957733
2025-02-19 15:30:00+00:00,69.93499755859375,69.94999694824219,69.5,69.5250015258789,2374627
2025-02-19 16:30:00+00:00,69.65499877929688,69.94580078125,69.6449966430664,69.93000030517578,1242870
2025-02-19 17:30:00+00:00,69.76499938964844,69.7699966430664,69.6500015258789,69.65499877929688,1020329
2025-02-19 18:30:00+00:00,69.80000305175781,69.81999969482422,69.62999725341797,69.7699966430664,975982
2025-02-19 19:30:00+00:00,69.9000015258789,69.9000015258789,69.70500183105469,69.79499816894531,1461103
2025-02-19 20:30:00+00:00,70.08000183105469,70.12999725341797,69.87000274658203,69.8949966430664,2679226
2025-02-20 14:30:00+00:00,69.65499877929688,69.94999694824219,69.57499694824219,69.70999908447266,1817050
2025-02-20 15:30:00+00:00,69.66000366210938,69.78500366210938,69.56999969482422,69.65989685058594,944627
2025-02-20 16:30:00+00:00,69.67990112304688,69.75499725341797,69.41999816894531,69.65499877929688,906903
2025-02-20 17:30:00+00:00,69.71499633789062,69.77999877929688,69.55999755859375,69.67500305175781,996146
2025-02-20 18:30:00+00:00,69.90499877929688,69.91999816894531,69.69999694824219,69.71499633789062,805573
2025-02-20 19:30:00+00:00,69.84200286865234,69.95500183105469,69.75499725341797,69.90499877929688,942476
2025-02-20 20:30:00+00:00,70.05999755859375,70.06999969482422,69.7300033569336,69.84500122070312,1675192
2025-02-21 14:30:00+00:00,70.74500274658203,70.79000091552734,70.12999725341797,70.31999969482422,3016390
2025-02-21 15:30:00+00:00,71.4000015258789,71.5199966430664,70.69499969482422,70.73999786376953,3705148
2025-02-21 16:30:00+00:00,71.20379638671875,71.42500305175781,71.1500015258789,71.4000015258789,1273371
2025-02-21 17:30:00+00:00,71.2699966430664,71.41000366210938,71.16999816894531,71.2040023803711,1987267
2025-02-21 18:30:00+00:00,71.52400207519531,71.5999984741211,71.125,71.26000213623047,1411268
2025-02-21 19:30:00+00:00,71.36000061035156,71.56500244140625,71.33999633789062,71.5199966430664,1865897
2025-02-21 20:30:00+00:00,71.38500213623047,71.5250015258789,71.32499694824219,71.36000061035156,3032700
2025-02-24 14:30:00+00:00,71.53160095214844,71.72000122070312,70.7300033569336,70.83999633789062,4556484
2025-02-24 15:30:00+00:00,70.9800033569336,71.61000061035156,70.87000274658203,71.5374984741211,3293212
2025-02-24 16:30:00+00:00,70.6500015258789,71.06999969482422,70.5199966430664,70.9800033569336,2056513
2025-02-24 17:30:00+00:00,70.6449966430664,70.93000030517578,70.56999969482422,70.6500015258789,1410754
2025-02-24 18:30:00+00:00,70.3499984741211,70.69499969482422,70.33000183105469,70.6449966430664,1412132
2025-02-24 19:30:00+00:00,70.65499877929688,70.68499755859375,70.34500122070312,70.34500122070312,2676189
2025-02-24 20:30:00+00:00,70.61000061035156,70.77999877929688,70.4800033569336,70.6500015258789,2556505
2025-02-25 14:30:00+00:00,71.64299774169922,71.66500091552734,70.7300033569336,70.86000061035156,4318733
2025-02-25 15:30:00+00:00,71.70439910888672,71.70929718017578,71.29499816894531,71.6500015258789,2060124
2025-02-25 16:30:00+00:00,71.61000061035156,71.7698974609375,71.4749984741211,71.69999694824219,2247453
2025-02-25 17:30:00+00:00,71.2300033569336,71.61499786376953,71.08000183105469,71.61000061035156,1704678
2025-02-25 18:30:00+00:00,71.08499908447266,71.30999755859375,70.9800033569336,71.2249984741211,1872077
2025-02-25 19:30:00+00:00,71.24500274658203,71.37999725341797,71.08000183105469,71.0873031616211,1979564
2025-02-25 20:30:00+00:00,71.48500061035156,71.68000030517578,71.2300033569336,71.24500274658203,3040356
2025-02-26 14:30:00+00:00,70.84500122070312,71.2750015258789,70.66999816894531,71.2699966430664,2903960
2025-02-26 15:30:00+00:00,70.75,70.88999938964844,70.5250015258789,70.84500122070312,1610526
2025-02-26 16:30:00+00:00,70.95999908447266,71.01499938964844,70.72000122070312,70.75879669189453,1301553
2025-02-26 17:30:00+00:00,70.9749984741211,71.09500122070312,70.8949966430664,70.94999694824219,970198
2025-02-26 18:30:00+00:00,71.08000183105469,71.08999633789062,70.91000366210938,70.9800033569336,1154731
2025-02-26 19:30:00+00:00,70.78500366210938,71.13999938964844,70.7750015258789,71.08000183105469,1331885
2025-02-26 20:30:00+00:00,70.83999633789062,70.9749984741211,70.75,70.78679656982422,1887813
2025-02-27 14:30:00+00:00,71.4000015258789,71.44999694824219,70.41999816894531,70.72000122070312,3438559
2025-02-27 15:30:00+00:00,71.37000274658203,71.53500366210938,71.2699966430664,71.4000015258789,1315958
2025-02-27 16:30:00+00:00,71.4800033569336,71.48500061035156,71.19999694824219,71.37000274658203,934515
2025-02-27 17:30:00+00:00,71.37950134277344,71.52999877929688,71.33999633789062,71.48500061035156,790653
2025-02-27 18:30:00+00:00,71.36319732666016,71.41999816894531,71.30999755859375,71.375,1023768
2025-02-27 19:30:00+00:00,71.06500244140625,71.41500091552734,71.05000305175781,71.36019897460938,2142730
2025-02-27 20:30:00+00:00,70.87000274658203,71.16500091552734,70.83499908447266,71.05999755859375,2691434
2025-02-28 14:30:00+00:00,70.6050033569336,71.56999969482422,70.55999755859375,71.44999694824219,3303148
2025-02-28 15:30:00+00:00,70.6449966430664,70.84500122070312,70.55999755859375,70.61000061035156,1437132
2025-02-28 16:30:00+00:00,70.79000091552734,70.97000122070312,70.63999938964844,70.63999938964844,1052438
2025-02-28 17:30:00+00:00,70.67420196533203,70.83499908447266,70.59249877929688,70.78500366210938,1085513
2025-02-28 18:30:00+00:00,70.7300033569336,70.7300033569336,70.5999984741211,70.67500305175781,1158275
2025-02-28 19:30:00+00:00,71.04499816894531,71.05000305175781,70.68000030517578,70.7249984741211,1312858
2025-02-28 20:30:00+00:00,71.19999694824219,71.31999969482422,71.02999877929688,71.04499816894531,3346032
2025-03-03 14:30:00+00:00,70.83769989013672,71.04499816894531,69.7300033569336,70.23999786376953,4927283
2025-03-03 15:30:00+00:00,71.4800033569336,71.58999633789062,70.73999786376953,70.83499908447266,1930553
2025-03-03 16:30:00+00:00,71.86000061035156,71.9000015258789,71.45999908447266,71.4749984741211,1700173
2025-03-03 17:30:00+00:00,71.93000030517578,71.98999786376953,71.77999877929688,71.8499984741211,1695824
2025-03-03 18:30:00+00:00,71.62999725341797,71.98999786376953,71.5999984741211,71.93000030517578,1410310
2025-03-03 19:30:00+00:00,71.95500183105469,72.06999969482422,71.58000183105469,71.63500213623047,1999133
2025-03-03 20:30:00+00:00,72.31999969482422,72.36000061035156,71.80000305175781,71.95500183105469,2920103
2025-03-04 14:30:00+00:00,72.16999816894531,72.6500015258789,71.7699966430664,72.06999969482422,5557254
2025-03-04 15:30:00+00:00,71.51499938964844,72.2300033569336,71.38999938964844,72.16000366210938,2843025
2025-03-04 16:30:00+00:00,70.66999816894531,71.5199966430664,70.61000061035156,71.51499938964844,2653436
2025-03-04 17:30:00+00:00,70.69999694824219,70.82499694824219,70.48999786376953,70.66999816894531,2299663
2025-03-04 18:30:00+00:00,70.38500213623047,70.82499694824219,70.29000091552734,70.70999908447266,1704483
2025-03-04 19:30:00+00:00,70.27999877929688,70.5999984741211,70.20999908447266,70.38500213623047,2120928
2025-03-04 20:30:00+00:00,70.19999694824219,70.37999725341797,69.87999725341797,70.2750015258789,3727976
2025-03-05 14:30:00+00:00,70.18000030517578,70.73999786376953,69.83999633789062,69.9000015258789,5908821
2025-03-05 15:30:00+00:00,70.26000213623047,70.45500183105469,70.12000274658203,70.17500305175781,1638333
2025-03-05 16:30:00+00:00,70.58439636230469,70.58499908447266,70.15499877929688,70.25499725341797,1253034
2025-03-05 17:30:00+00:00,70.40499877929688,70.6449966430664,70.21499633789062,70.58999633789062,1166528
2025-03-05 18:30:00+00:00,70.54499816894531,70.65499877929688,70.27999877929688,70.4000015258789,1538682
2025-03-05 19:30:00+00:00,70.37439727783203,70.62999725341797,70.36499786376953,70.55000305175781,1289542
2025-03-05 20:30:00+00:00,70.05999755859375,70.39720153808594,70.0,70.375,2217425
2025-03-06 14:30:00+00:00,69.58999633789062,70.52159881591797,69.44999694824219,70.41000366210938,4404387
2025-03-06 15:30:00+00:00,69.95500183105469,69.98999786376953,69.57499694824219,69.58999633789062,1268390
2025-03-06 16:30:00+00:00,69.56999969482422,70.12000274658203,69.55500030517578,69.95999908447266,1059852
2025-03-06 17:30:00+00:00,69.55500030517578,69.6500015258789,69.50337982177734,69.56999969482422,1054248
2025-03-06 18:30:00+00:00,69.83999633789062,69.84500122070312,69.55999755859375,69.55999755859375,1361357
2025-03-06 19:30:00+00:00,70.24500274658203,70.26000213623047,69.81999969482422,69.83999633789062,1767921
2025-03-06 20:30:00+00:00,70.44999694824219,70.52899932861328,70.15499877929688,70.24500274658203,3693020
2025-03-07 14:30:00+00:00,70.90499877929688,70.98999786376953,69.8499984741211,70.01000213623047,3399268
2025-03-07 15:30:00+00:00,71.23500061035156,71.25499725341797,70.68499755859375,70.90499877929688,2391367
2025-03-07 16:30:00+00:00,71.51499938964844,71.67500305175781,71.19499969482422,71.23500061035156,2561368
2025-03-07 17:30:00+00:00,71.63500213623047,71.81999969482422,71.5,71.5199966430664,2077813
2025-03-07 18:30:00+00:00,71.43499755859375,71.6500015258789,71.375,71.63680267333984,1534684
2025-03-07 19:30:00+00:00,71.2249984741211,71.56999969482422,71.22000122070312,71.43499755859375,2040239
2025-03-07 20:30:00+00:00,71.43000030517578,71.52999877929688,71.12999725341797,71.2249984741211,3249378
2025-03-10 13:30:00+00:00,72.45500183105469,72.62000274658203,71.7300033569336,71.95999908447266,4594812
2025-03-10 14:30:00+00:00,72.84500122070312,73.22000122070312,72.4000015258789,72.45999908447266,3674494
2025-03-10 15:30:00+00:00,72.79000091552734,72.875,72.37999725341797,72.83999633789062,2349391
2025-03-10 16:30:00+00:00,72.45500183105469,72.97550201416016,72.30000305175781,72.79000091552734,2584046
2025-03-10 17:30:00+00:00,72.27999877929688,72.65499877929688,72.26499938964844,72.45500183105469,1855174
2025-03-10 18:30:00+00:00,71.55000305175781,72.2750015258789,71.43000030517578,72.2750015258789,2769656
2025-03-10 19:30:00+00:00,71.47859954833984,71.88500213623047,71.31500244140625,71.54499816894531,3462564
2025-03-11 13:30:00+00:00,71.51000213623047,72.04000091552734,70.95999908447266,71.875,6005838
2025-03-11 14:30:00+00:00,70.94999694824219,71.54000091552734,70.86000061035156,71.5250015258789,2668005
2025-03-11 15:30:00+00:00,70.94999694824219,71.16500091552734,70.72000122070312,70.94999694824219,1735293
2025-03-11 16:30:00+00:00,71.00499725341797,71.02999877929688,70.61000061035156,70.94999694824219,1822094
2025-03-11 17:30:00+00:00,70.97000122070312,71.0999984741211,70.7249984741211,71.0,2365554
2025-03-11 18:30:00+00:00,71.09500122070312,71.16000366210938,70.7699966430664,70.9800033569336,2462690
2025-03-11 19:30:00+00:00,71.0199966430664,71.35780334472656,70.93000030517578,71.08999633789062,2961268
2025-03-12 13:30:00+00:00,70.2300033569336,70.7300033569336,69.88999938964844,70.37000274658203,4603909
2025-03-12 14:30:00+00:00,69.98999786376953,70.2699966430664,69.73999786376953,70.2394027709961,2816847
2025-03-12 15:30:00+00:00,70.16999816894531,70.33000183105469,69.91000366210938,69.99500274658203,1412241
2025-03-12 16:30:00+00:00,70.15499877929688,70.26499938964844,69.83499908447266,70.18000030517578,1096485
2025-03-12 17:30:00+00:00,70.25,70.375,70.1050033569336,70.1500015258789,1401691
2025-03-12 18:30:00+00:00,69.93499755859375,70.32499694824219,69.78500366210938,70.25499725341797,1672201
2025-03-12 19:30:00+00:00,69.91000366210938,70.05999755859375,69.79499816894531,69.93499755859375,2485153
2025-03-13 13:30:00+00:00,69.46949768066406,70.25,69.36499786376953,70.25,3257091
2025-03-13 14:30:00+00:00,69.42500305175781,69.66999816894531,69.30000305175781,69.47000122070312,1485518
2025-03-13 15:30:00+00:00,69.38999938964844,69.62000274658203,69.33000183105469,69.41999816894531,1312197
2025-03-13 16:30:00+00:00,69.37999725341797,69.50499725341797,69.30999755859375,69.37999725341797,961478
2025-03-13 17:30:00+00:00,69.32499694824219,69.5,69.28099822998047,69.38999938964844,1162537
2025-03-13 18:30:00+00:00,69.44029998779297,69.5199966430664,69.30000305175781,69.33000183105469,1316736
2025-03-13 19:30:00+00:00,69.6449966430664,69.66000366210938,69.42500305175781,69.44000244140625,2427003
2025-03-14 13:30:00+00:00,68.9800033569336,69.26000213623047,68.38030242919922,68.51000213623047,2998942
2025-03-14 14:30:00+00:00,68.9749984741211,69.08000183105469,68.80000305175781,68.98500061035156,1393328
2025-03-14 15:30:00+00:00,68.88500213623047,69.04000091552734,68.77159881591797,68.9800033569336,1099830
2025-03-14 16:30:00+00:00,69.05500030517578,69.125,68.8499984741211,68.88500213623047,1011797
2025-03-14 17:30:00+00:00,68.91000366210938,69.11000061035156,68.8499984741211,69.05500030517578,1040800
2025-03-14 18:30:00+00:00,69.09500122070312,69.19000244140625,68.88999938964844,68.90499877929688,1301143
2025-03-14 19:30:00+00:00,69.13999938964844,69.26000213623047,69.01000213623047,69.09500122070312,2387080
2025-03-17 13:30:00+00:00,69.98159790039062,69.98999786376953,69.08000183105469,69.23999786376953,2507128
2025-03-17 14:30:00+00:00,69.6500015258789,70.06999969482422,69.63999938964844,69.98500061035156,1666251
2025-03-17 15:30:00+00:00,69.73500061035156,69.7750015258789,69.55000305175781,69.6500015258789,983687
2025-03-17 16:30:00+00:00,69.84500122070312,69.87000274658203,69.68000030517578,69.7300033569336,815429
2025-03-17 17:30:00+00:00,69.91500091552734,70.0999984741211,69.81999969482422,69.84500122070312,1029622
2025-03-17 18:30:00+00:00,70.05999755859375,70.06500244140625,69.87999725341797,69.91000366210938,1672519
2025-03-17 19:30:00+00:00,70.12999725341797,70.16999816894531,70.01000213623047,70.06289672851562,2315309
2025-03-18 13:30:00+00:00,69.79499816894531,70.19000244140625,69.66999816894531,70.11000061035156,2257304
2025-03-18 14:30:00+00:00,69.73999786376953,69.97000122070312,69.7301025390625,69.80000305175781,1997353
2025-03-18 15:30:00+00:00,69.87999725341797,69.87999725341797,69.72000122070312,69.73500061035156,1141911
2025-03-18 16:30:00+00:00,69.58999633789062,69.8949966430664,69.43000030517578,69.88999938964844,1036712
2025-03-18 17:30:00+00:00,69.54000091552734,69.75499725341797,69.53500366210938,69.58999633789062,759167
2025-03-18 18:30:00+00:00,69.44999694824219,69.58999633789062,69.30999755859375,69.54000091552734,1326755
2025-03-18 19:30:00+00:00,69.4000015258789,69.4800033569336,69.30000305175781,69.45999908447266,1493945
2025-03-19 13:30:00+00:00,69.16000366210938,69.16000366210938,68.54000091552734,68.55000305175781,3383298
2025-03-19 14:30:00+00:00,68.84500122070312,69.18000030517578,68.72000122070312,69.15170288085938,1215711
2025-03-19 15:30:00+00:00,68.94499969482422,69.0199966430664,68.79000091552734,68.84500122070312,1266529
2025-03-19 16:30:00+00:00,68.80999755859375,69.01000213623047,68.80249786376953,68.94999694824219,763138
2025-03-19 17:30:00+00:00,68.77999877929688,68.8949966430664,68.61499786376953,68.81500244140625,926764
2025-03-19 18:30:00+00:00,69.21499633789062,69.25499725341797,68.77999877929688,68.77999877929688,1191407
2025-03-19 19:30:00+00:00,69.30999755859375,69.37999725341797,69.13500213623047,69.22000122070312,1652472
2025-03-20 13:30:00+00:00,69.53500366210938,69.80999755859375,69.30500030517578,69.30500030517578,2268906
2025-03-20 14:30:00+00:00,69.1500015258789,69.58000183105469,69.114501953125,69.54000091552734,1100342
2025-03-20 15:30:00+00:00,69.4000015258789,69.44999694824219,69.08999633789062,69.1500015258789,1184414
2025-03-20 16:30:00+00:00,69.29000091552734,69.53500366210938,69.23999786376953,69.40499877929688,887202
2025-03-20 17:30:00+00:00,69.34500122070312,69.45500183105469,69.25160217285156,69.29000091552734,867391
2025-03-20 18:30:00+00:00,69.375,69.47000122070312,69.30999755859375,69.33999633789062,1117683
2025-03-20 19:30:00+00:00,69.69999694824219,69.75,69.34500122070312,69.375,3182122
2025-03-21 13:30:00+00:00,68.73999786376953,69.97000122070312,68.5719985961914,69.70999908447266,6559077
2025-03-21 14:30:00+00:00,68.66500091552734,68.81999969482422,68.61000061035156,68.7300033569336,3270816
2025-03-21 15:30:00+00:00,68.73999786376953,68.83000183105469,68.58499908447266,68.66500091552734,1467720
2025-03-21 16:30:00+00:00,68.5790023803711,68.81500244140625,68.56500244140625,68.73999786376953,947370
2025-03-21 17:30:00+00:00,68.48500061035156,68.7300033569336,68.47000122070312,68.57499694824219,999923
2025-03-21 18:30:00+00:00,68.2750015258789,68.5199966430664,68.18000030517578,68.48999786376953,1857851
2025-03-21 19:30:00+00:00,68.63999938964844,68.66999816894531,68.2699966430664,68.2750015258789,3719097
2025-03-24 13:30:00+00:00,68.76439666748047,69.08000183105469,68.33000183105469,68.80000305175781,2627150
2025-03-24 14:30:00+00:00,68.80500030517578,68.83000183105469,68.5999984741211,68.76499938964844,1009866
2025-03-24 15:30:00+00:00,68.875,68.9000015258789,68.73500061035156,68.80500030517578,1579746
2025-03-24 16:30:00+00:00,68.70379638671875,68.87999725341797,68.61000061035156,68.875,532985
2025-03-24 17:30:00+00:00,68.75499725341797,68.82499694824219,68.70500183105469,68.70500183105469,1233779
2025-03-24 18:30:00+00:00,68.7300033569336,68.84500122070312,68.69000244140625,68.75,968306
2025-03-24 19:30:00+00:00,68.91999816894531,69.02999877929688,68.7249984741211,68.73500061035156,1506882
2025-03-25 13:30:00+00:00,68.81500244140625,69.0199966430664,68.6500015258789,68.94999694824219,2045758
2025-03-25 14:30:00+00:00,68.80500030517578,69.08000183105469,68.6500015258789,68.80500030517578,1331857
2025-03-25 15:30:00+00:00,68.66500091552734,68.8949966430664,68.63999938964844,68.80999755859375,703293
2025-03-25 16:30:00+00:00,68.82980346679688,68.8375015258789,68.61499786376953,68.66500091552734,790476
2025-03-25 17:30:00+00:00,68.81999969482422,68.86000061035156,68.78500366210938,68.81999969482422,630935
2025-03-25 18:30:00+00:00,68.7249984741211,68.83999633789062,68.6449966430664,68.82499694824219,726187
2025-03-25 19:30:00+00:00,68.81999969482422,68.86000061035156,68.5999984741211,68.7249984741211,1838801
2025-03-26 13:30:00+00:00,69.30999755859375,69.47000122070312,68.9000015258789,68.91999816894531,2825711
2025-03-26 14:30:00+00:00,69.56050109863281,69.5999984741211,69.01000213623047,69.31500244140625,1831022
2025-03-26 15:30:00+00:00,69.74500274658203,69.78500366210938,69.45999908447266,69.56500244140625,1186645
2025-03-26 16:30:00+00:00,69.97000122070312,69.9800033569336,69.66999816894531,69.74500274658203,762217
2025-03-26 17:30:00+00:00,70.11499786376953,70.19999694824219,69.93000030517578,69.9749984741211,958242
2025-03-26 18:30:00+00:00,70.12999725341797,70.19999694824219,70.05000305175781,70.11499786376953,1024933
2025-03-26 19:30:00+00:00,70.0199966430664,70.3499984741211,70.0,70.12999725341797,1803648
2025-03-27 13:30:00+00:00,70.65499877929688,70.93000030517578,70.06999969482422,70.18000030517578,2140735
2025-03-27 14:30:00+00:00,70.69000244140625,70.73999786376953,70.4800033569336,70.65499877929688,1231438
2025-03-27 15:30:00+00:00,70.5999984741211,70.77999877929688,70.55000305175781,70.70500183105469,1226718
2025-03-27 16:30:00+00:00,70.68820190429688,70.68820190429688,70.42500305175781,70.5999984741211,922614
2025-03-27 17:30:00+00:00,70.61499786376953,70.75,70.53500366210938,70.68499755859375,920701
2025-03-27 18:30:00+00:00,70.8499984741211,70.8550033569336,70.56500244140625,70.61499786376953,983920
2025-03-27 19:30:00+00:00,70.73999786376953,70.98500061035156,70.70249938964844,70.8499984741211,1686499
2025-03-28 13:30:00+00:00,71.29000091552734,71.29560089111328,70.80999755859375,70.80999755859375,2367274
2025-03-28 14:30:00+00:00,71.16000366210938,71.31500244140625,70.97000122070312,71.29000091552734,1374945
2025-03-28 15:30:00+00:00,70.8550033569336,71.29000091552734,70.8550033569336,71.16439819335938,1030857
2025-03-28 16:30:00+00:00,70.8499984741211,70.94999694824219,70.73999786376953,70.8499984741211,879726
2025-03-28 17:30:00+00:00,69.87999725341797,71.0,69.52999877929688,70.8550033569336,4255855
2025-03-28 18:30:00+00:00,70.44000244140625,70.48999786376953,69.66999816894531,69.87000274658203,3175036
2025-03-28 19:30:00+00:00,70.37000274658203,70.54499816894531,70.29499816894531,70.44000244140625,1989605
2025-03-31 13:30:00+00:00,71.76499938964844,71.80999755859375,70.48999786376953,70.7300033569336,4334617
2025-03-31 14:30:00+00:00,71.66000366210938,71.83999633789062,71.6050033569336,71.76000213623047,2547583
2025-03-31 15:30:00+00:00,71.4749984741211,71.7300033569336,71.45999908447266,71.65019989013672,1585452
2025-03-31 16:30:00+00:00,71.4749984741211,71.5,71.28500366210938,71.4800033569336,1166744
2025-03-31 17:30:00+00:00,71.7750015258789,71.77999877929688,71.3949966430664,71.4749984741211,1409434
2025-03-31 18:30:00+00:00,71.83499908447266,71.93000030517578,71.57499694824219,71.7750015258789,1647196
2025-03-31 19:30:00+00:00,71.62999725341797,71.9375,71.55000305175781,71.83000183105469,2795767
2025-04-01 13:30:00+00:00,71.49500274658203,71.91000366210938,71.18499755859375,71.68000030517578,2702291
2025-04-01 14:30:00+00:00,71.70500183105469,71.8550033569336,71.45999908447266,71.49500274658203,1479607
2025-04-01 15:30:00+00:00,71.65499877929688,71.86499786376953,71.63999938964844,71.70500183105469,1357361
2025-04-01 16:30:00+00:00,71.63999938964844,71.73999786376953,71.53500366210938,71.66000366210938,1095699
2025-04-01 17:30:00+00:00,71.69779968261719,71.73999786376953,71.55570220947266,71.625,868452
2025-04-01 18:30:00+00:00,71.6449966430664,71.69999694824219,71.4749984741211,71.69000244140625,1239345
2025-04-01 19:30:00+00:00,71.87000274658203,71.87000274658203,71.63999938964844,71.6449966430664,2009161
2025-04-02 13:30:00+00:00,71.97000122070312,72.36000061035156,71.5801010131836,71.95999908447266,2454258
2025-04-02 14:30:00+00:00,71.82499694824219,72.13999938964844,71.81500244140625,71.97000122070312,979111
2025-04-02 15:30:00+00:00,71.26499938964844,71.92500305175781,71.25499725341797,71.83000183105469,1278896
2025-04-02 16:30:00+00:00,71.11499786376953,71.34500122070312,71.05000305175781,71.26499938964844,1213522
2025-04-02 17:30:00+00:00,71.125,71.23999786376953,71.05000305175781,71.11499786376953,1130808
2025-04-02 18:30:00+00:00,71.2300033569336,71.31999969482422,71.08000183105469,71.125,1379145
2025-04-02 19:30:00+00:00,71.33000183105469,71.48500061035156,71.22000122070312,71.2300033569336,2183504
2025-04-03 13:30:00+00:00,73.0999984741211,73.16999816894531,72.31999969482422,72.4800033569336,5623926
2025-04-03 14:30:00+00:00,73.68499755859375,73.94999694824219,73.08999633789062,73.09500122070312,5028693
2025-04-03 15:30:00+00:00,73.18840026855469,73.69499969482422,72.9800033569336,73.69499969482422,3136485
2025-04-03 16:30:00+00:00,72.98999786376953,73.19999694824219,72.83000183105469,73.19000244140625,1239215
2025-04-03 17:30:00+00:00,73.4000015258789,73.4000015258789,72.96170043945312,73.0,1288415
2025-04-03 18:30:00+00:00,73.19999694824219,73.44999694824219,73.09100341796875,73.39710235595703,2151348
2025-04-03 19:30:00+00:00,73.18000030517578,73.30000305175781,73.02999877929688,73.20010375976562,3404005
2025-04-04 13:30:00+00:00,71.96179962158203,73.01000213623047,71.58499908447266,72.41999816894531,5053451
2025-04-04 14:30:00+00:00,70.94999694824219,72.21499633789062,70.77999877929688,71.95999908447266,4130974
2025-04-04 15:30:00+00:00,70.75,71.16999816894531,70.63999938964844,70.94499969482422,2326913
2025-04-04 16:30:00+00:00,70.70549774169922,70.92510223388672,70.29000091552734,70.75250244140625,1863966
2025-04-04 17:30:00+00:00,70.30500030517578,70.88500213623047,70.19499969482422,70.69000244140625,1962647
2025-04-04 18:30:00+00:00,70.31999969482422,70.375,69.88999938964844,70.30000305175781,2662379
2025-04-04 19:30:00+00:00,69.94999694824219,70.55500030517578,69.79000091552734,70.31999969482422,3620659
2025-04-07 13:30:00+00:00,67.58000183105469,69.37999725341797,66.9800033569336,67.625,10545283
2025-04-07 14:30:00+00:00,67.24980163574219,68.43000030517578,67.05000305175781,67.57219696044922,4484158
2025-04-07 15:30:00+00:00,67.73999786376953,68.30000305175781,67.2300033569336,67.23999786376953,2334977
2025-04-07 16:30:00+00:00,68.3499984741211,68.36000061035156,67.4000015258789,67.76000213623047,1811812
2025-04-07 17:30:00+00:00,68.83999633789062,68.87999725341797,68.05999755859375,68.3499984741211,2089539
2025-04-07 18:30:00+00:00,68.1240005493164,68.95999908447266,68.05999755859375,68.8499984741211,2270195
2025-04-07 19:30:00+00:00,68.3499984741211,68.51499938964844,68.08000183105469,68.12000274658203,3065370
2025-04-08 13:30:00+00:00,69.7249984741211,69.81999969482422,68.76000213623047,68.82499694824219,3853730
2025-04-08 14:30:00+00:00,69.51000213623047,69.98149871826172,69.5,69.72000122070312,2671086
2025-04-08 15:30:00+00:00,69.87999725341797,69.9800033569336,69.5,69.5020980834961,1609535
2025-04-08 16:30:00+00:00,68.7699966430664,69.93499755859375,68.75499725341797,69.875,2242272
2025-04-08 17:30:00+00:00,68.52999877929688,69.04499816894531,68.41000366210938,68.76499938964844,2131182
2025-04-08 18:30:00+00:00,68.76000213623047,68.86000061035156,68.4813003540039,68.53500366210938,2170102
2025-04-08 19:30:00+00:00,68.43000030517578,68.76000213623047,67.76000213623047,68.75499725341797,2745784
2025-04-09 13:30:00+00:00,67.86720275878906,68.19000244140625,67.35009765625,67.91999816894531,3919680
2025-04-09 14:30:00+00:00,67.81999969482422,67.91500091552734,67.27999877929688,67.87000274658203,2201976
2025-04-09 15:30:00+00:00,68.16000366210938,68.23999786376953,67.54000091552734,67.83000183105469,2695291
2025-04-09 16:30:00+00:00,69.75,70.22000122070312,68.02999877929688,68.16500091552734,4512910
2025-04-09 17:30:00+00:00,69.37999725341797,70.47000122070312,69.12000274658203,69.74500274658203,3462750
2025-04-09 18:30:00+00:00,69.47000122070312,69.61000061035156,68.80999755859375,69.37000274658203,2774600
2025-04-09 19:30:00+00:00,69.9000015258789,70.08000183105469,69.30999755859375,69.4800033569336,3500725
2025-04-10 13:30:00+00:00,70.125,70.80000305175781,70.05000305175781,70.19000244140625,3006698
2025-04-10 14:30:00+00:00,69.7750015258789,70.44000244140625,69.6050033569336,70.12999725341797,1676005
2025-04-10 15:30:00+00:00,69.13410186767578,69.79000091552734,68.9800033569336,69.7699966430664,2121511
2025-04-10 16:30:00+00:00,69.91999816894531,70.23999786376953,69.11499786376953,69.13500213623047,2202431
2025-04-10 17:30:00+00:00,70.91000366210938,70.9800033569336,69.79000091552734,69.92500305175781,2576605
2025-04-10 18:30:00+00:00,70.7249984741211,71.20500183105469,70.62000274658203,70.91999816894531,2395626
2025-04-10 19:30:00+00:00,70.76000213623047,71.11000061035156,70.33499908447266,70.71499633789062,3423898
2025-04-11 13:30:00+00:00,70.75,71.375,70.54000091552734,70.90499877929688,3906267
2025-04-11 14:30:00+00:00,70.80999755859375,71.12999725341797,70.58000183105469,70.76000213623047,1788643
2025-04-11 15:30:00+00:00,71.42500305175781,71.45999908447266,70.72000122070312,70.81999969482422,1331163
2025-04-11 16:30:00+00:00,71.38999938964844,71.75830078125,71.33350372314453,71.43000030517578,1455049
2025-04-11 17:30:00+00:00,71.62000274658203,71.8499984741211,71.3499984741211,71.38999938964844,1867762
2025-04-11 18:30:00+00:00,71.71499633789062,71.79000091552734,71.58000183105469,71.61499786376953,1545350
2025-04-11 19:30:00+00:00,71.38999938964844,71.7750015258789,71.26000213623047,71.71499633789062,3467257
2025-04-14 13:30:00+00:00,71.97640228271484,72.05000305175781,70.93000030517578,71.30000305175781,2399749
2025-04-14 14:30:00+00:00,72.01499938964844,72.16500091552734,71.94999694824219,71.9800033569336,1487618
2025-04-14 15:30:00+00:00,72.04499816894531,72.11499786376953,71.80500030517578,72.01000213623047,1429385
2025-04-14 16:30:00+00:00,72.22000122070312,72.26000213623047,71.93000030517578,72.04499816894531,1153290
2025-04-14 17:30:00+00:00,72.54000091552734,72.56999969482422,72.13999938964844,72.22000122070312,1185757
2025-04-14 18:30:00+00:00,72.57779693603516,72.61000061035156,72.4000015258789,72.55000305175781,1165546
2025-04-14 19:30:00+00:00,72.4749984741211,72.66000366210938,72.37999725341797,72.58000183105469,1882816
2025-04-15 13:30:00+00:00,72.38500213623047,72.62999725341797,72.01000213623047,72.62000274658203,2957205
2025-04-15 14:30:00+00:00,71.9749984741211,72.43000030517578,71.9749984741211,72.37999725341797,1474331
2025-04-15 15:30:00+00:00,71.91500091552734,72.01499938964844,71.7249984741211,71.9749984741211,1024709
2025-04-15 16:30:00+00:00,71.79499816894531,72.0,71.76000213623047,71.91500091552734,778610
2025-04-15 17:30:00+00:00,71.83499908447266,71.98999786376953,71.75499725341797,71.80000305175781,1402889
2025-04-15 18:30:00+00:00,71.91000366210938,71.99720001220703,71.76000213623047,71.83499908447266,2239261
2025-04-15 19:30:00+00:00,71.87000274658203,72.06500244140625,71.79000091552734,71.90740203857422,2312258
2025-04-16 13:30:00+00:00,72.30500030517578,72.66500091552734,72.0,72.36000061035156,2587072
2025-04-16 14:30:00+00:00,72.625,72.66500091552734,72.30500030517578,72.30500030517578,1958846
2025-04-16 15:30:00+00:00,72.38999938964844,72.62999725341797,72.23500061035156,72.62999725341797,1673568
2025-04-16 16:30:00+00:00,72.30500030517578,72.40499877929688,72.19000244140625,72.38999938964844,1804989
2025-04-16 17:30:00+00:00,72.08999633789062,72.31500244140625,71.9749984741211,72.30999755859375,1483777
2025-04-16 18:30:00+00:00,71.6050033569336,72.08999633789062,71.53500366210938,72.08499908447266,1116998
2025-04-16 19:30:00+00:00,71.68000030517578,71.74500274658203,71.38500213623047,71.61000061035156,1934930
2025-04-17 13:30:00+00:00,72.4906997680664,72.62000274658203,71.72000122070312,71.9000015258789,3635143
2025-04-17 14:30:00+00:00,72.83999633789062,72.95999908447266,72.33000183105469,72.49500274658203,2593169
2025-04-17 15:30:00+00:00,72.86000061035156,72.97000122070312,72.69999694824219,72.83499908447266,1880649
2025-04-17 16:30:00+00:00,72.81999969482422,72.94499969482422,72.70500183105469,72.86000061035156,1024697
2025-04-17 17:30:00+00:00,73.26499938964844,73.4000015258789,72.80999755859375,72.81999969482422,3083567
2025-04-17 18:30:00+00:00,73.12000274658203,73.42500305175781,72.96499633789062,73.2699966430664,1695405
2025-04-17 19:30:00+00:00,72.9800033569336,73.2750015258789,72.95999908447266,73.11000061035156,2064322
2025-04-21 13:30:00+00:00,73.26499938964844,73.47229766845703,72.81999969482422,73.37999725341797,3154540
2025-04-21 14:30:00+00:00,72.67500305175781,73.41000366210938,72.54000091552734,73.2699966430664,3020594
2025-04-21 15:30:00+00:00,72.3499984741211,72.67500305175781,72.29000091552734,72.66999816894531,1206540
2025-04-21 16:30:00+00:00,72.08499908447266,72.55000305175781,72.05999755859375,72.3550033569336,890776
2025-04-21 17:30:00+00:00,72.1050033569336,72.12999725341797,71.81999969482422,72.08499908447266,1460038
2025-04-21 18:30:00+00:00,72.28500366210938,72.31999969482422,72.08999633789062,72.0999984741211,1226118
2025-04-21 19:30:00+00:00,72.73999786376953,72.83000183105469,72.24500274658203,72.28500366210938,1944874
2025-04-22 13:30:00+00:00,73.95989990234375,74.03500366210938,72.91999816894531,73.0,2546719
2025-04-22 14:30:00+00:00,74.16999816894531,74.23999786376953,73.88500213623047,73.95500183105469,1559417
2025-04-22 15:30:00+00:00,73.80999755859375,74.37999725341797,73.75,74.16999816894531,2294610
2025-04-22 16:30:00+00:00,73.55000305175781,74.06999969482422,73.52999877929688,73.80999755859375,1886097
2025-04-22 17:30:00+00:00,73.42500305175781,73.55999755859375,73.18499755859375,73.54499816894531,1167201
2025-04-22 18:30:00+00:00,73.5155029296875,73.65989685058594,73.41999816894531,73.41999816894531,991828
2025-04-22 19:30:00+00:00,73.88999938964844,73.94000244140625,73.4749984741211,73.51499938964844,1964274
2025-04-23 13:30:00+00:00,73.59989929199219,73.94999694824219,73.04000091552734,73.29000091552734,3276867
2025-04-23 14:30:00+00:00,72.81500244140625,73.75,72.69000244140625,73.5999984741211,1685936
2025-04-23 15:30:00+00:00,72.79000091552734,72.97840118408203,72.67009735107422,72.81500244140625,2099884
2025-04-23 16:30:00+00:00,72.8550033569336,73.0,72.70500183105469,72.79000091552734,1319877
2025-04-23 17:30:00+00:00,72.52999877929688,72.90499877929688,72.5199966430664,72.86000061035156,884032
2025-04-23 18:30:00+00:00,72.78500366210938,72.86000061035156,72.37999725341797,72.52999877929688,2086409
2025-04-23 19:30:00+00:00,73.2699966430664,73.43000030517578,72.7750015258789,72.77999877929688,2251455
2025-04-24 13:30:00+00:00,73.36499786376953,73.38999938964844,72.55000305175781,73.0199966430664,4704801
2025-04-24 14:30:00+00:00,73.11000061035156,73.42500305175781,73.06999969482422,73.36000061035156,1789786
2025-04-24 15:30:00+00:00,73.12999725341797,73.16999816894531,72.9000015258789,73.09500122070312,1226308
2025-04-24 16:30:00+00:00,72.7040023803711,73.16000366210938,72.6500015258789,73.125,997471
2025-04-24 17:30:00+00:00,72.59500122070312,72.7750015258789,72.5,72.70500183105469,1520396
2025-04-24 18:30:00+00:00,72.44499969482422,72.65499877929688,72.30000305175781,72.59500122070312,1661468
2025-04-24 19:30:00+00:00,72.48999786376953,72.58499908447266,72.4000015258789,72.44499969482422,2516070
2025-04-25 13:30:00+00:00,71.40499877929688,72.91999816894531,71.125,72.6500015258789,4145245
2025-04-25 14:30:00+00:00,71.29499816894531,71.53500366210938,71.16000366210938,71.40499877929688,3161568
2025-04-25 15:30:00+00:00,71.6449966430664,71.80000305175781,71.16000366210938,71.29000091552734,1483817
2025-04-25 16:30:00+00:00,71.65499877929688,71.66500091552734,71.44499969482422,71.6449966430664,1042131
2025-04-25 17:30:00+00:00,72.0250015258789,72.06999969482422,71.55000305175781,71.65010070800781,1406944
2025-04-25 18:30:00+00:00,71.79000091552734,72.0199966430664,71.79000091552734,72.0199966430664,987349
2025-04-25 19:30:00+00:00,71.91000366210938,71.98999786376953,71.76499938964844,71.78500366210938,1544571
2025-04-28 13:30:00+00:00,71.58000183105469,72.26000213623047,71.48999786376953,72.07499694824219,2567659
2025-04-28 14:30:00+00:00,71.95500183105469,71.96499633789062,71.4000015258789,71.58000183105469,1509198
2025-04-28 15:30:00+00:00,71.71499633789062,71.95999908447266,71.61000061035156,71.95500183105469,980082
2025-04-28 16:30:00+00:00,71.375,71.75499725341797,71.37000274658203,71.71499633789062,1646251
2025-04-28 17:30:00+00:00,71.66500091552734,71.66999816894531,71.30999755859375,71.37999725341797,1660779
2025-04-28 18:30:00+00:00,71.6500015258789,71.72000122070312,71.4800033569336,71.66500091552734,1801973
2025-04-28 19:30:00+00:00,71.73999786376953,71.9000015258789,71.51499938964844,71.6500015258789,2949195
2025-04-29 13:30:00+00:00,72.05000305175781,72.16999816894531,70.27999877929688,71.19000244140625,5156911
2025-04-29 14:30:00+00:00,72.30999755859375,72.41999816894531,71.94000244140625,72.04000091552734,1816765
2025-04-29 15:30:00+00:00,72.41000366210938,72.41999816894531,72.16000366210938,72.31500244140625,1318859
2025-04-29 16:30:00+00:00,72.41000366210938,72.44000244140625,72.18000030517578,72.41000366210938,922589
2025-04-29 17:30:00+00:00,72.41000366210938,72.70999908447266,72.375,72.40499877929688,992434
2025-04-29 18:30:00+00:00,72.41999816894531,72.48999786376953,72.33999633789062,72.40499877929688,1295994
2025-04-29 19:30:00+00:00,72.36000061035156,72.51499938964844,72.27999877929688,72.42500305175781,1898620
2025-04-30 13:30:00+00:00,71.80000305175781,73.4800033569336,71.68499755859375,73.3499984741211,2788956
2025-04-30 14:30:00+00:00,72.30999755859375,72.41000366210938,71.79499816894531,71.80000305175781,1681733
2025-04-30 15:30:00+00:00,72.375,72.41000366210938,72.12999725341797,72.30500030517578,1583609
2025-04-30 16:30:00+00:00,72.4749984741211,72.6500015258789,72.32499694824219,72.375,1292983
2025-04-30 17:30:00+00:00,72.29499816894531,72.66000366210938,72.2699966430664,72.4749984741211,1434940
2025-04-30 18:30:00+00:00,72.37000274658203,72.58000183105469,72.11000061035156,72.29000091552734,1418968
2025-04-30 19:30:00+00:00,72.53500366210938,72.81999969482422,72.29499816894531,72.37000274658203,2615361
2025-05-01 13:30:00+00:00,71.50499725341797,72.04000091552734,71.37999725341797,72.0,3081577
2025-05-01 14:30:00+00:00,71.42500305175781,71.61499786376953,71.33499908447266,71.50499725341797,1987655
2025-05-01 15:30:00+00:00,71.27999877929688,71.51000213623047,71.2699966430664,71.41999816894531,1569600
2025-05-01 16:30:00+00:00,71.7750015258789,71.86499786376953,71.2300033569336,71.2699966430664,1579387
2025-05-01 17:30:00+00:00,71.4800033569336,71.85549926757812,71.41000366210938,71.7699966430664,1623339
2025-05-01 18:30:00+00:00,71.4800033569336,71.68000030517578,71.3499984741211,71.4854965209961,1102968
2025-05-01 19:30:00+00:00,71.29000091552734,71.63999938964844,71.25,71.47000122070312,2733226
2025-05-02 13:30:00+00:00,71.4749984741211,71.7300033569336,71.09500122070312,71.5,2864005
2025-05-02 14:30:00+00:00,71.41500091552734,71.61000061035156,71.36000061035156,71.4800033569336,1353758
2025-05-02 15:30:00+00:00,71.35710144042969,71.55000305175781,71.3499984741211,71.41500091552734,811707
2025-05-02 16:30:00+00:00,71.43499755859375,71.50499725341797,71.25499725341797,71.35310363769531,728415
2025-05-02 17:30:00+00:00,71.61499786376953,71.6449966430664,71.40350341796875,71.43499755859375,879811
2025-05-02 18:30:00+00:00,71.73999786376953,71.80500030517578,71.61000061035156,71.61499786376953,1140927
2025-05-02 19:30:00+00:00,71.65499877929688,71.81500244140625,71.62999725341797,71.73500061035156,1531922
2025-05-05 13:30:00+00:00,71.4478988647461,71.73500061035156,71.01000213623047,71.66999816894531,2573864
2025-05-05 14:30:00+00:00,71.62999725341797,71.69499969482422,71.36000061035156,71.44000244140625,1066132
2025-05-05 15:30:00+00:00,71.6178970336914,71.68499755859375,71.48999786376953,71.62999725341797,880490
2025-05-05 16:30:00+00:00,71.34500122070312,71.62000274658203,71.33000183105469,71.62000274658203,591694
2025-05-05 17:30:00+00:00,71.57499694824219,71.58000183105469,71.33499908447266,71.33999633789062,783310
2025-05-05 18:30:00+00:00,71.59500122070312,71.70999908447266,71.53500366210938,71.57499694824219,968382
2025-05-05 19:30:00+00:00,71.73999786376953,71.80000305175781,71.52999877929688,71.59500122070312,2201661
2025-05-06 13:30:00+00:00,71.6449966430664,71.68699645996094,71.16000366210938,71.67500305175781,1894928
2025-05-06 14:30:00+00:00,71.5425033569336,71.69999694824219,71.30999755859375,71.64250183105469,1790916
2025-05-06 15:30:00+00:00,71.58000183105469,71.76010131835938,71.5199966430664,71.5425033569336,1078586
2025-05-06 16:30:00+00:00,71.76439666748047,71.83000183105469,71.51000213623047,71.58499908447266,997080
2025-05-06 17:30:00+00:00,71.76499938964844,71.80999755859375,71.55999755859375,71.76499938964844,829253
2025-05-06 18:30:00+00:00,71.7249984741211,71.9000015258789,71.66999816894531,71.76499938964844,1054001
2025-05-06 19:30:00+00:00,71.70999908447266,71.81999969482422,71.68000030517578,71.7249984741211,1882675
2025-05-07 13:30:00+00:00,72.08999633789062,72.19000244140625,71.66999816894531,71.72000122070312,2527232
2025-05-07 14:30:00+00:00,72.04499816894531,72.0999984741211,71.87999725341797,72.08999633789062,1419643
2025-05-07 15:30:00+00:00,72.38500213623047,72.43000030517578,72.02999877929688,72.04499816894531,1027054
2025-05-07 16:30:00+00:00,72.30729675292969,72.5,72.25,72.38999938964844,1133420
2025-05-07 17:30:00+00:00,72.33000183105469,72.37999725341797,72.0199966430664,72.30999755859375,2034598
2025-05-07 18:30:00+00:00,72.37999725341797,72.68499755859375,72.30000305175781,72.33999633789062,1678643
2025-05-07 19:30:00+00:00,72.4000015258789,72.66000366210938,72.33499908447266,72.38999938964844,2231338
2025-05-08 13:30:00+00:00,72.06500244140625,72.47000122070312,71.86000061035156,72.19999694824219,2124710
2025-05-08 14:30:00+00:00,71.94000244140625,72.0999984741211,71.69000244140625,72.06500244140625,1413496
2025-05-08 15:30:00+00:00,72.04000091552734,72.30999755859375,71.91000366210938,71.94999694824219,1408880
2025-05-08 16:30:00+00:00,71.7699966430664,72.07499694824219,71.73999786376953,72.04000091552734,737800
2025-05-08 17:30:00+00:00,71.51969909667969,71.81999969482422,71.48500061035156,71.7699966430664,1047321
2025-05-08 18:30:00+00:00,71.59380340576172,71.73999786376953,71.50499725341797,71.51499938964844,1349081
2025-05-08 19:30:00+00:00,71.19000244140625,71.6449966430664,71.12999725341797,71.59989929199219,2676602
2025-05-09 13:30:00+00:00,71.12999725341797,71.13999938964844,70.7300033569336,70.98999786376953,2294129
2025-05-09 14:30:00+00:00,70.87999725341797,71.1500015258789,70.7750015258789,71.13500213623047,882033
2025-05-09 15:30:00+00:00,70.83499908447266,71.01000213623047,70.83499908447266,70.875,581521
2025-05-09 16:30:00+00:00,70.69000244140625,70.83499908447266,70.5199966430664,70.83499908447266,856905
2025-05-09 17:30:00+00:00,70.70999908447266,70.79000091552734,70.62999725341797,70.69000244140625,568725
2025-05-09 18:30:00+00:00,70.73999786376953,70.875,70.72000122070312,70.72000122070312,969217
2025-05-09 19:30:00+00:00,70.51000213623047,70.83979797363281,70.45999908447266,70.73999786376953,2053816
2025-05-12 13:30:00+00:00,69.18499755859375,70.33000183105469,68.69999694824219,70.1449966430664,5219867
2025-05-12 14:30:00+00:00,69.33499908447266,69.5,69.17500305175781,69.19000244140625,2086856
2025-05-12 15:30:00+00:00,69.17500305175781,69.38999938964844,69.03500366210938,69.33499908447266,1380334
2025-05-12 16:30:00+00:00,69.01499938964844,69.33789825439453,68.9749984741211,69.18000030517578,1956419
2025-05-12 17:30:00+00:00,69.2300033569336,69.30500030517578,69.01000213623047,69.0199966430664,2190644
2025-05-12 18:30:00+00:00,69.37999725341797,69.38500213623047,69.22000122070312,69.2300033569336,2312743
2025-05-12 19:30:00+00:00,69.54000091552734,69.56999969482422,69.27999877929688,69.375,2882407
2025-05-13 13:30:00+00:00,69.30000305175781,69.69000244140625,69.05000305175781,69.58999633789062,2453405
2025-05-13 14:30:00+00:00,69.05999755859375,69.33000183105469,68.92500305175781,69.30999755859375,1757572
2025-05-13 15:30:00+00:00,68.91999816894531,69.16500091552734,68.88999938964844,69.05500030517578,1315474
2025-05-13 16:30:00+00:00,69.16500091552734,69.19000244140625,68.87000274658203,68.91500091552734,1206647
2025-05-13 17:30:00+00:00,68.96499633789062,69.22000122070312,68.95999908447266,69.16500091552734,1055019
2025-05-13 18:30:00+00:00,69.05000305175781,69.08999633789062,68.91999816894531,68.96309661865234,1538244
2025-05-13 19:30:00+00:00,68.91999816894531,69.16999816894531,68.91000366210938,69.05000305175781,2192058
2025-05-14 13:30:00+00:00,68.8949966430664,69.18000030517578,68.58000183105469,68.87999725341797,2432977
2025-05-14 14:30:00+00:00,68.96581268310547,68.99859619140625,68.7300033569336,68.88999938964844,1458413
2025-05-14 15:30:00+00:00,68.93499755859375,69.08999633789062,68.88500213623047,68.95999908447266,1204001
2025-05-14 16:30:00+00:00,69.00499725341797,69.05000305175781,68.81169891357422,68.93499755859375,1011693
2025-05-14 17:30:00+00:00,69.23999786376953,69.27999877929688,68.98999786376953,69.00499725341797,1709081
2025-05-14 18:30:00+00:00,69.29949951171875,69.31999969482422,69.12000274658203,69.24500274658203,1558403
2025-05-14 19:30:00+00:00,69.16000366210938,69.33999633789062,69.08999633789062,69.29499816894531,2736906
2025-05-15 13:30:00+00:00,70.4749984741211,70.625,69.5999984741211,69.69999694824219,3740404
2025-05-15 14:30:00+00:00,70.69999694824219,70.73999786376953,70.45110321044922,70.47000122070312,1987356
2025-05-15 15:30:00+00:00,71.08439636230469,71.19999694824219,70.69999694824219,70.70500183105469,2349937
2025-05-15 16:30:00+00:00,71.05370330810547,71.2249984741211,70.95999908447266,71.08000183105469,1901941
2025-05-15 17:30:00+00:00,71.22000122070312,71.29499816894531,71.04499816894531,71.05000305175781,1611507
2025-05-15 18:30:00+00:00,71.58499908447266,71.6449966430664,71.19999694824219,71.21499633789062,2072249
2025-05-15 19:30:00+00:00,71.66000366210938,71.7300033569336,71.5,71.58499908447266,2893516
2025-05-16 13:30:00+00:00,71.61000061035156,71.95999908447266,71.43000030517578,71.86000061035156,4494881
2025-05-16 14:30:00+00:00,71.52999877929688,71.7750015258789,71.45999908447266,71.61000061035156,3816730
2025-05-16 15:30:00+00:00,71.69210052490234,71.69999694824219,71.47000122070312,71.52999877929688,985444
2025-05-16 16:30:00+00:00,71.79499816894531,71.83999633789062,71.68000030517578,71.69999694824219,1025932
2025-05-16 17:30:00+00:00,71.94999694824219,71.94999694824219,71.78500366210938,71.79499816894531,869974
2025-05-16 18:30:00+00:00,72.03500366210938,72.0999984741211,71.9000015258789,71.94499969482422,1616964
2025-05-16 19:30:00+00:00,72.01000213623047,72.26000213623047,71.97000122070312,72.02999877929688,2320811
2025-05-19 13:30:00+00:00,71.87999725341797,72.16999816894531,71.71499633789062,72.02999877929688,2370675
2025-05-19 14:30:00+00:00,71.91500091552734,71.98500061035156,71.77999877929688,71.88500213623047,1217579
2025-05-19 15:30:00+00:00,71.88265228271484,71.9800033569336,71.83999633789062,71.91500091552734,808356
2025-05-19 16:30:00+00:00,71.8949966430664,72.0199966430664,71.80000305175781,71.88999938964844,811706
2025-05-19 17:30:00+00:00,71.7300033569336,71.91000366210938,71.69999694824219,71.9000015258789,937223
2025-05-19 18:30:00+00:00,71.67019653320312,71.80999755859375,71.63999938964844,71.7249984741211,1094511
2025-05-19 19:30:00+00:00,71.93000030517578,71.94999694824219,71.66999816894531,71.66999816894531,1298829
2025-05-20 13:30:00+00:00,71.91500091552734,72.08550262451172,71.76000213623047,71.80000305175781,1963980
2025-05-20 14:30:00+00:00,71.98500061035156,72.12999725341797,71.875,71.92440032958984,1205229
2025-05-20 15:30:00+00:00,71.58350372314453,72.0,71.56999969482422,71.98500061035156,793384
2025-05-20 16:30:00+00:00,71.56500244140625,71.66999816894531,71.5199966430664,71.58910369873047,970665
2025-05-20 17:30:00+00:00,71.48500061035156,71.63999938964844,71.48500061035156,71.56999969482422,1064612
2025-05-20 18:30:00+00:00,71.6449966430664,71.6875991821289,71.43000030517578,71.4800033569336,1200102
2025-05-20 19:30:00+00:00,71.69999694824219,71.73600006103516,71.61000061035156,71.6449966430664,2352952
2025-05-21 13:30:00+00:00,71.69499969482422,72.08000183105469,71.68000030517578,71.69000244140625,1843031
2025-05-21 14:30:00+00:00,71.7300033569336,71.80000305175781,71.58499908447266,71.69999694824219,882115
2025-05-21 15:30:00+00:00,71.63929748535156,71.7699966430664,71.59500122070312,71.7249984741211,599044
2025-05-21 16:30:00+00:00,71.79000091552734,71.90499877929688,71.63500213623047,71.63500213623047,1244202
2025-05-21 17:30:00+00:00,71.7300033569336,71.91000366210938,71.70999908447266,71.79000091552734,1276727
2025-05-21 18:30:00+00:00,71.88999938964844,71.9000015258789,71.5999984741211,71.73030090332031,1432490
2025-05-21 19:30:00+00:00,71.79000091552734,71.9800033569336,71.79000091552734,71.88999938964844,1602621
2025-05-22 13:30:00+00:00,71.17500305175781,71.98500061035156,71.16000366210938,71.83999633789062,2375961
2025-05-22 14:30:00+00:00,71.05500030517578,71.18499755859375,70.95999908447266,71.16999816894531,1085196
2025-05-22 15:30:00+00:00,71.33499908447266,71.47000122070312,71.03500366210938,71.05500030517578,926077
2025-05-22 16:30:00+00:00,71.30500030517578,71.3550033569336,71.12999725341797,71.33499908447266,826001
2025-05-22 17:30:00+00:00,71.45500183105469,71.51000213623047,71.24500274658203,71.30750274658203,807283
2025-05-22 18:30:00+00:00,71.51499938964844,71.51750183105469,71.30999755859375,71.45500183105469,904745
2025-05-22 19:30:00+00:00,71.12999725341797,71.5199966430664,71.0999984741211,71.51899719238281,1564263
2025-05-23 13:30:00+00:00,71.16500091552734,71.54000091552734,70.68499755859375,71.54000091552734,2020169
2025-05-23 14:30:00+00:00,71.58000183105469,71.58999633789062,71.06439971923828,71.16500091552734,1448202
2025-05-23 15:30:00+00:00,71.70500183105469,71.7699966430664,71.58000183105469,71.58000183105469,934940
2025-05-23 16:30:00+00:00,71.8499984741211,71.91000366210938,71.6500015258789,71.70500183105469,868108
2025-05-23 17:30:00+00:00,71.91500091552734,71.91999816894531,71.77999877929688,71.8550033569336,934798
2025-05-23 18:30:00+00:00,71.83000183105469,71.96499633789062,71.81500244140625,71.91999816894531,1216746
2025-05-23 19:30:00+00:00,71.77999877929688,71.9800033569336,71.7249984741211,71.82499694824219,1947561
2025-05-27 13:30:00+00:00,71.63500213623047,72.22000122070312,71.63500213623047,71.73999786376953,2347566
2025-05-27 14:30:00+00:00,71.71499633789062,71.78500366210938,71.56999969482422,71.63500213623047,1099050
2025-05-27 15:30:00+00:00,71.66500091552734,71.76000213623047,71.55999755859375,71.71499633789062,679590
2025-05-27 16:30:00+00:00,71.69000244140625,71.77999877929688,71.61000061035156,71.66500091552734,617029
2025-05-27 17:30:00+00:00,71.8949966430664,71.94999694824219,71.66999816894531,71.68440246582031,770516
2025-05-27 18:30:00+00:00,71.8949966430664,71.9000015258789,71.79000091552734,71.8949966430664,962872
2025-05-27 19:30:00+00:00,71.79000091552734,71.94000244140625,71.72000122070312,71.89250183105469,1514298
2025-05-28 13:30:00+00:00,71.58499908447266,71.9000015258789,71.41940307617188,71.69999694824219,1697872
2025-05-28 14:30:00+00:00,71.34500122070312,71.68000030517578,71.32499694824219,71.58999633789062,939604
2025-05-28 15:30:00+00:00,71.3550033569336,71.38500213623047,71.21499633789062,71.34500122070312,741209
2025-05-28 16:30:00+00:00,71.44999694824219,71.55999755859375,71.31999969482422,71.35130310058594,527681
2025-05-28 17:30:00+00:00,71.22000122070312,71.45999908447266,71.1500015258789,71.45829772949219,605337
2025-05-28 18:30:00+00:00,71.29499816894531,71.34500122070312,71.07499694824219,71.2249984741211,862112
2025-05-28 19:30:00+00:00,71.15499877929688,71.30500030517578,71.05000305175781,71.29499816894531,1213912
2025-05-29 13:30:00+00:00,71.0199966430664,71.16000366210938,70.45999908447266,71.0,2369525
2025-05-29 14:30:00+00:00,70.98500061035156,71.02999877929688,70.83999633789062,71.0199966430664,1004963
2025-05-29 15:30:00+00:00,70.96499633789062,71.01000213623047,70.75,70.98500061035156,726594
2025-05-29 16:30:00+00:00,71.29499816894531,71.33000183105469,70.95999908447266,70.97000122070312,773081
2025-05-29 17:30:00+00:00,71.45500183105469,71.45999908447266,71.24500274658203,71.29499816894531,733331
2025-05-29 18:30:00+00:00,71.5250015258789,71.56999969482422,71.44000244140625,71.45980072021484,850614
2025-05-29 19:30:00+00:00,71.5,71.66000366210938,71.44000244140625,71.5250015258789,1602206
2025-05-30 13:30:00+00:00,71.8499984741211,72.25,71.6050033569336,71.6050033569336,2204836
2025-05-30 14:30:00+00:00,71.90779876708984,72.0199966430664,71.73159790039062,71.8499984741211,937579
2025-05-30 15:30:00+00:00,71.73999786376953,71.9749984741211,71.69999694824219,71.9000015258789,897333
2025-05-30 16:30:00+00:00,71.94499969482422,71.9800033569336,71.7300033569336,71.74500274658203,870149
2025-05-30 17:30:00+00:00,72.1050033569336,72.20999908447266,71.88500213623047,71.94999694824219,1187269
2025-05-30 18:30:00+00:00,72.33499908447266,72.3499984741211,72.08000183105469,72.1050033569336,1660913
2025-05-30 19:30:00+00:00,72.0999984741211,72.47000122070312,72.05999755859375,72.33000183105469,3598494
2025-06-02 13:30:00+00:00,71.56999969482422,72.0250015258789,71.36000061035156,72.0250015258789,1930218
2025-06-02 14:30:00+00:00,71.59500122070312,71.76000213623047,71.44999694824219,71.58000183105469,1088749
2025-06-02 15:30:00+00:00,71.54000091552734,71.63999938964844,71.44999694824219,71.58000183105469,650810
2025-06-02 16:30:00+00:00,71.65499877929688,71.79499816894531,71.52999877929688,71.55000305175781,608634
2025-06-02 17:30:00+00:00,71.86000061035156,71.88990020751953,71.61000061035156,71.66000366210938,644568
2025-06-02 18:30:00+00:00,71.88999938964844,71.9000015258789,71.75499725341797,71.86499786376953,913416
2025-06-02 19:30:00+00:00,72.02999877929688,72.04000091552734,71.8550033569336,71.88500213623047,1413626
2025-06-03 13:30:00+00:00,70.63500213623047,71.77999877929688,70.4749984741211,71.70999908447266,3724312
2025-06-03 14:30:00+00:00,70.68000030517578,70.79000091552734,70.5,70.62999725341797,2501760
2025-06-03 15:30:00+00:00,70.86299896240234,71.01499938964844,70.6500015258789,70.69000244140625,1445756
2025-06-03 16:30:00+00:00,71.17500305175781,71.19999694824219,70.7750015258789,70.87000274658203,1246688
2025-06-03 17:30:00+00:00,71.22350311279297,71.26499938964844,71.11000061035156,71.17749786376953,1226766
2025-06-03 18:30:00+00:00,71.24500274658203,71.2699966430664,71.13999938964844,71.2249984741211,1496000
2025-06-03 19:30:00+00:00,71.19999694824219,71.34500122070312,71.18000030517578,71.25,3035845
2025-06-04 13:30:00+00:00,71.22000122070312,71.44000244140625,70.68000030517578,71.26000213623047,2619422
2025-06-04 14:30:00+00:00,71.30000305175781,71.38999938964844,71.13020324707031,71.21499633789062,1013456
2025-06-04 15:30:00+00:00,71.46499633789062,71.47000122070312,71.20500183105469,71.30500030517578,833473
2025-06-04 16:30:00+00:00,71.68499755859375,71.72000122070312,71.45999908447266,71.45999908447266,873998
2025-06-04 17:30:00+00:00,71.69999694824219,71.84500122070312,71.69000244140625,71.69000244140625,709246
2025-06-04 18:30:00+00:00,71.59500122070312,71.74500274658203,71.44999694824219,71.69499969482422,1047766
2025-06-04 19:30:00+00:00,71.37000274658203,71.63999938964844,71.3301010131836,71.5999984741211,2210091
2025-06-05 13:30:00+00:00,71.26000213623047,71.37999725341797,70.83999633789062,71.37999725341797,1601072
2025-06-05 14:30:00+00:00,71.08999633789062,71.33000183105469,71.04000091552734,71.26000213623047,1436408
2025-06-05 15:30:00+00:00,71.16999816894531,71.33000183105469,70.99500274658203,71.08499908447266,1040634
2025-06-05 16:30:00+00:00,71.25499725341797,71.45500183105469,71.15499877929688,71.16500091552734,765203
2025-06-05 17:30:00+00:00,71.0250015258789,71.29499816894531,70.83499908447266,71.25,1042298
2025-06-05 18:30:00+00:00,71.00499725341797,71.19499969482422,70.9800033569336,71.02999877929688,1283324
2025-06-05 19:30:00+00:00,70.94000244140625,71.08499908447266,70.83499908447266,71.01000213623047,1785731
2025-06-06 13:30:00+00:00,71.31500244140625,71.3949966430664,71.0199966430664,71.08499908447266,1935039
2025-06-06 14:30:00+00:00,71.23999786376953,71.31999969482422,71.16000366210938,71.30000305175781,948205
2025-06-06 15:30:00+00:00,71.11000061035156,71.24500274658203,70.9448013305664,71.23999786376953,739045
2025-06-06 16:30:00+00:00,71.2300033569336,71.2300033569336,71.04000091552734,71.11499786376953,508336
2025-06-06 17:30:00+00:00,71.29499816894531,71.36000061035156,71.20120239257812,71.23999786376953,541911
2025-06-06 18:30:00+00:00,71.28209686279297,71.37000274658203,71.2249984741211,71.30000305175781,644512
2025-06-06 19:30:00+00:00,71.33999633789062,71.45880126953125,71.2750015258789,71.27999877929688,1409510
2025-06-09 13:30:00+00:00,71.23739624023438,71.5199966430664,71.2217025756836,71.3499984741211,2464587
2025-06-09 14:30:00+00:00,71.3550033569336,71.4000015258789,71.08999633789062,71.23999786376953,1252933
2025-06-09 15:30:00+00:00,71.55500030517578,71.56999969482422,71.31500244140625,71.35179901123047,1129626
2025-06-09 16:30:00+00:00,71.55999755859375,71.61000061035156,71.43000030517578,71.55000305175781,836135
2025-06-09 17:30:00+00:00,71.54499816894531,71.61000061035156,71.48500061035156,71.55500030517578,808002
2025-06-09 18:30:00+00:00,71.66500091552734,71.66999816894531,71.48999786376953,71.54499816894531,1216866
2025-06-09 19:30:00+00:00,71.75,71.83000183105469,71.65170288085938,71.65499877929688,2015834
2025-06-10 13:30:00+00:00,71.90499877929688,72.1500015258789,71.76000213623047,71.9000015258789,2029598
2025-06-10 14:30:00+00:00,72.06999969482422,72.11799621582031,71.83999633789062,71.91000366210938,1320774
2025-06-10 15:30:00+00:00,72.2249984741211,72.26000213623047,72.05999755859375,72.05999755859375,1194971
2025-06-10 16:30:00+00:00,72.625,72.625,72.20999908447266,72.22010040283203,1209683
2025-06-10 17:30:00+00:00,72.36000061035156,72.68499755859375,72.32499694824219,72.625,1019323
2025-06-10 18:30:00+00:00,72.41500091552734,72.51000213623047,72.29000091552734,72.36000061035156,1029141
2025-06-10 19:30:00+00:00,72.37999725341797,72.41999816894531,72.22000122070312,72.41000366210938,2049087
2025-06-11 13:30:00+00:00,71.88999938964844,72.36000061035156,71.76000213623047,72.26499938964844,2716193
2025-06-11 14:30:00+00:00,71.96499633789062,71.99500274658203,71.77999877929688,71.88500213623047,1244939
2025-06-11 15:30:00+00:00,72.09500122070312,72.0999984741211,71.76000213623047,71.97000122070312,1161247
2025-06-11 16:30:00+00:00,72.1449966430664,72.15499877929688,72.00499725341797,72.0999984741211,856499
2025-06-11 17:30:00+00:00,72.0199966430664,72.16999816894531,71.97200012207031,72.13999938964844,864671
2025-06-11 18:30:00+00:00,71.9749984741211,72.125,71.95999908447266,72.0250015258789,1090235
2025-06-11 19:30:00+00:00,72.08999633789062,72.0999984741211,71.88500213623047,71.9800033569336,1794202
2025-06-12 13:30:00+00:00,72.19499969482422,72.39990234375,72.01000213623047,72.25,2367175
2025-06-12 14:30:00+00:00,72.0199966430664,72.20500183105469,71.94000244140625,72.19499969482422,1226039
2025-06-12 15:30:00+00:00,71.72000122070312,72.05000305175781,71.66999816894531,72.01499938964844,1362522
2025-06-12 16:30:00+00:00,71.78500366210938,71.80999755859375,71.5999984741211,71.72000122070312,963945
2025-06-12 17:30:00+00:00,72.01499938964844,72.01499938964844,71.76000213623047,71.79650115966797,784574
2025-06-12 18:30:00+00:00,72.19999694824219,72.19999694824219,71.94999694824219,72.01499938964844,1046417
2025-06-12 19:30:00+00:00,72.26000213623047,72.2699966430664,72.12999725341797,72.19000244140625,1981951
2025-06-13 13:30:00+00:00,71.7300033569336,71.87999725341797,71.5,71.7699966430664,2241977
2025-06-13 14:30:00+00:00,71.5250015258789,71.77999877929688,71.44499969482422,71.74500274658203,1285687
2025-06-13 15:30:00+00:00,71.55500030517578,71.70500183105469,71.5,71.5250015258789,801040
2025-06-13 16:30:00+00:00,71.28500366210938,71.63500213623047,71.21070098876953,71.55000305175781,964756
2025-06-13 17:30:00+00:00,70.98999786376953,71.33499908447266,70.97000122070312,71.28500366210938,1031657
2025-06-13 18:30:00+00:00,70.86000061035156,71.0250015258789,70.75499725341797,70.9800033569336,1356270
2025-06-13 19:30:00+00:00,71.01000213623047,71.08999633789062,70.7300033569336,70.86000061035156,3659144
2025-06-16 13:30:00+00:00,71.33499908447266,71.62000274658203,70.91999816894531,71.19999694824219,2995134
2025-06-16 14:30:00+00:00,70.44000244140625,71.37999725341797,70.30999755859375,71.33499908447266,2427356
2025-06-16 15:30:00+00:00,70.48500061035156,70.6260986328125,70.36000061035156,70.43000030517578,1254039
2025-06-16 16:30:00+00:00,70.31999969482422,70.58999633789062,70.23999786376953,70.48500061035156,1105039
2025-06-16 17:30:00+00:00,70.51499938964844,70.5199966430664,70.2699966430664,70.33000183105469,1426679
2025-06-16 18:30:00+00:00,70.3949966430664,70.6500015258789,70.37000274658203,70.51499938964844,1266879
2025-06-16 19:30:00+00:00,70.55000305175781,70.58999633789062,70.3949966430664,70.3949966430664,1989542
2025-06-17 13:30:00+00:00,70.30999755859375,70.43000030517578,69.9800033569336,70.25499725341797,3628318
2025-06-17 14:30:00+00:00,70.31500244140625,70.44249725341797,70.18499755859375,70.30999755859375,1129027
2025-06-17 15:30:00+00:00,70.30290222167969,70.45500183105469,70.27439880371094,70.31500244140625,887062
2025-06-17 16:30:00+00:00,70.0199966430664,70.40499877929688,69.9800033569336,70.30290222167969,904631
2025-06-17 17:30:00+00:00,69.90499877929688,70.09500122070312,69.83499908447266,70.0250015258789,1247243
2025-06-17 18:30:00+00:00,69.99500274658203,70.02999877929688,69.76000213623047,69.90499877929688,1370001
2025-06-17 19:30:00+00:00,69.62000274658203,70.0,69.58000183105469,70.0,3089833
2025-06-18 13:30:00+00:00,69.59500122070312,70.0,69.57499694824219,70.0,2670049
2025-06-18 14:30:00+00:00,69.375,69.77999877929688,69.36499786376953,69.5999984741211,2455671
2025-06-18 15:30:00+00:00,69.32360076904297,69.37000274658203,69.08999633789062,69.3550033569336,1497975
2025-06-18 16:30:00+00:00,69.42500305175781,69.5,69.31999969482422,69.32499694824219,981703
2025-06-18 17:30:00+00:00,69.26830291748047,69.48999786376953,69.18000030517578,69.41999816894531,1659223
2025-06-18 18:30:00+00:00,69.29499816894531,69.44499969482422,69.19000244140625,69.26499938964844,1655060
2025-06-18 19:30:00+00:00,69.20500183105469,69.3949966430664,69.12000274658203,69.29000091552734,2648303
2025-06-20 13:30:00+00:00,69.33000183105469,69.5,68.98999786376953,69.08999633789062,5846306
2025-06-20 14:30:00+00:00,69.48619842529297,69.52999877929688,69.17500305175781,69.32499694824219,1688899
2025-06-20 15:30:00+00:00,69.26499938964844,69.5553970336914,69.18000030517578,69.51499938964844,939583
2025-06-20 16:30:00+00:00,69.46260070800781,69.5,69.26000213623047,69.26499938964844,696488
2025-06-20 17:30:00+00:00,69.36499786376953,69.48999786376953,69.36000061035156,69.45999908447266,849587
2025-06-20 18:30:00+00:00,69.08329772949219,69.36499786376953,69.05999755859375,69.36499786376953,1726991
2025-06-20 19:30:00+00:00,68.8499984741211,69.11499786376953,68.77999877929688,69.08999633789062,4303745
2025-06-23 13:30:00+00:00,69.59500122070312,69.7300033569336,68.97000122070312,69.13999938964844,2454941
2025-06-23 14:30:00+00:00,69.46499633789062,69.69000244140625,69.46499633789062,69.59449768066406,4901151
2025-06-23 15:30:00+00:00,69.19259643554688,69.44000244140625,69.1050033569336,69.42500305175781,1360056
2025-06-23 16:30:00+00:00,69.41999816894531,69.44999694824219,69.0999984741211,69.19000244140625,1677605
2025-06-23 17:30:00+00:00,69.41500091552734,69.50499725341797,69.3145980834961,69.42500305175781,1216639
2025-06-23 18:30:00+00:00,69.69999694824219,69.71499633789062,69.30999755859375,69.41500091552734,2154759
2025-06-23 19:30:00+00:00,69.7300033569336,69.80999755859375,69.65499877929688,69.70500183105469,2654358
2025-06-24 13:30:00+00:00,69.78949737548828,70.02999877929688,69.68499755859375,69.94499969482422,3132217
2025-06-24 14:30:00+00:00,69.94499969482422,69.98500061035156,69.79000091552734,69.79000091552734,1658466
2025-06-24 15:30:00+00:00,70.2249984741211,70.24500274658203,69.94499969482422,69.94499969482422,1134621
2025-06-24 16:30:00+00:00,70.31999969482422,70.3499984741211,70.2300033569336,70.2300033569336,804722
2025-06-24 17:30:00+00:00,70.16000366210938,70.31999969482422,70.13500213623047,70.31500244140625,1053231
2025-06-24 18:30:00+00:00,70.2750015258789,70.28500366210938,70.1050033569336,70.16500091552734,1033752
2025-06-24 19:30:00+00:00,70.19000244140625,70.33499908447266,70.16999816894531,70.2750015258789,1890569
2025-06-25 13:30:00+00:00,69.88999938964844,70.0,69.54000091552734,69.92500305175781,2434532
2025-06-25 14:30:00+00:00,69.75499725341797,69.88999938964844,69.58999633789062,69.88999938964844,1174581
2025-06-25 15:30:00+00:00,69.63999938964844,69.8499984741211,69.63500213623047,69.73500061035156,881390
2025-06-25 16:30:00+00:00,69.58000183105469,69.7249984741211,69.55000305175781,69.6449966430664,878732
2025-06-25 17:30:00+00:00,69.5250015258789,69.70500183105469,69.43000030517578,69.58000183105469,1197677
2025-06-25 18:30:00+00:00,69.71499633789062,69.76000213623047,69.50499725341797,69.52120208740234,954234
2025-06-25 19:30:00+00:00,69.6500015258789,69.73899841308594,69.58000183105469,69.70999908447266,2167365
2025-06-26 13:30:00+00:00,69.48500061035156,69.91999816894531,69.44439697265625,69.69999694824219,1889826
2025-06-26 14:30:00+00:00,69.29000091552734,69.49579620361328,69.1449966430664,69.48500061035156,1642466
2025-06-26 15:30:00+00:00,69.31500244140625,69.36499786376953,69.16500091552734,69.30000305175781,1018001
2025-06-26 16:30:00+00:00,69.31500244140625,69.375,69.20999908447266,69.31500244140625,851687
2025-06-26 17:30:00+00:00,69.18000030517578,69.41999816894531,69.18000030517578,69.31999969482422,1413560
2025-06-26 18:30:00+00:00,69.375,69.41999816894531,69.1500015258789,69.18000030517578,1452574
2025-06-26 19:30:00+00:00,69.49500274658203,69.52999877929688,69.2300033569336,69.37999725341797,2528274
2025-06-27 13:30:00+00:00,70.07499694824219,70.13999938964844,69.47000122070312,69.58999633789062,2464506
2025-06-27 14:30:00+00:00,70.0801010131836,70.22509765625,70.02999877929688,70.07499694824219,1691451
2025-06-27 15:30:00+00:00,70.33999633789062,70.36000061035156,70.06999969482422,70.08499908447266,1461113
2025-06-27 16:30:00+00:00,70.29499816894531,70.41000366210938,70.28500366210938,70.34500122070312,1189367
2025-06-27 17:30:00+00:00,70.03500366210938,70.29769897460938,70.01000213623047,70.29499816894531,1332419
2025-06-27 18:30:00+00:00,70.16000366210938,70.16000366210938,69.97000122070312,70.03500366210938,1304722
2025-06-27 19:30:00+00:00,70.31999969482422,70.55999755859375,70.1500015258789,70.15499877929688,3515345
2025-06-30 13:30:00+00:00,70.38999938964844,70.77999877929688,70.08999633789062,70.125,2254533
2025-06-30 14:30:00+00:00,70.36000061035156,70.41609954833984,70.20500183105469,70.3949966430664,1363556
2025-06-30 15:30:00+00:00,70.4000015258789,70.43000030517578,70.19499969482422,70.36499786376953,996342
2025-06-30 16:30:00+00:00,70.41000366210938,70.53990173339844,70.3550033569336,70.40499877929688,842045
2025-06-30 17:30:00+00:00,70.33499908447266,70.41999816894531,70.19000244140625,70.41500091552734,1140320
2025-06-30 18:30:00+00:00,70.55500030517578,70.57499694824219,70.30500030517578,70.33000183105469,1347016
2025-06-30 19:30:00+00:00,70.7249984741211,70.79000091552734,70.51000213623047,70.55000305175781,2519376
2025-07-01 13:30:00+00:00,71.65499877929688,71.66999816894531,70.9000015258789,70.98999786376953,3483171
2025-07-01 14:30:00+00:00,72.12999725341797,72.44999694824219,71.63500213623047,71.6500015258789,2439342
2025-07-01 15:30:00+00:00,71.72000122070312,72.19000244140625,71.68499755859375,72.12999725341797,1550696
2025-07-01 16:30:00+00:00,71.54499816894531,71.78849792480469,71.44499969482422,71.71499633789062,1504441
2025-07-01 17:30:00+00:00,71.73500061035156,71.7750015258789,71.52999877929688,71.54000091552734,980325
2025-07-01 18:30:00+00:00,71.69999694824219,71.87000274658203,71.6449966430664,71.7300033569336,1301956
2025-07-01 19:30:00+00:00,71.68000030517578,71.81500244140625,71.63500213623047,71.69090270996094,2476209
2025-07-02 13:30:00+00:00,71.3499984741211,71.82499694824219,71.32499694824219,71.69000244140625,2334957
2025-07-02 14:30:00+00:00,70.98500061035156,71.36000061035156,70.73500061035156,71.34500122070312,1634223
2025-07-02 15:30:00+00:00,70.86499786376953,71.16999816894531,70.80000305175781,70.98500061035156,1782512
2025-07-02 16:30:00+00:00,71.0199966430664,71.03500366210938,70.83000183105469,70.86000061035156,718009
2025-07-02 17:30:00+00:00,70.93499755859375,71.05000305175781,70.875,71.0199966430664,808002
2025-07-02 18:30:00+00:00,70.77999877929688,71.05500030517578,70.75499725341797,70.94000244140625,1184703
2025-07-02 19:30:00+00:00,70.93000030517578,70.97000122070312,70.74250030517578,70.77999877929688,2581466
2025-07-03 13:30:00+00:00,70.75499725341797,70.93000030517578,70.44999694824219,70.93000030517578,2710639
2025-07-03 14:30:00+00:00,71.11499786376953,71.18499755859375,70.71009826660156,70.75,1473428
2025-07-03 15:30:00+00:00,71.2750015258789,71.30999755859375,71.08499908447266,71.11499786376953,1317207
2025-07-07 13:30:00+00:00,71.1449966430664,71.37000274658203,70.80000305175781,71.37000274658203,2295652
2025-07-07 14:30:00+00:00,71.03500366210938,71.17500305175781,70.81500244140625,71.13999938964844,1310384
2025-07-07 15:30:00+00:00,70.83000183105469,71.16500091552734,70.81999969482422,71.03500366210938,760018
2025-07-07 16:30:00+00:00,71.08499908447266,71.22000122070312,70.82499694824219,70.83000183105469,709903
2025-07-07 17:30:00+00:00,70.90299987792969,71.17500305175781,70.8949966430664,71.08999633789062,1465457
2025-07-07 18:30:00+00:00,70.85780334472656,71.08989715576172,70.8010025024414,70.91000366210938,1178070
2025-07-07 19:30:00+00:00,71.02999877929688,71.02999877929688,70.8499984741211,70.85440063476562,1837241
2025-07-08 13:30:00+00:00,70.2249984741211,70.68000030517578,70.05999755859375,70.68000030517578,2664527
2025-07-08 14:30:00+00:00,70.13999938964844,70.31999969482422,69.87999725341797,70.2300033569336,1701361
2025-07-08 15:30:00+00:00,70.20500183105469,70.3550033569336,70.08000183105469,70.13999938964844,947716
2025-07-08 16:30:00+00:00,70.41999816894531,70.44979858398438,70.1050033569336,70.20500183105469,896101
2025-07-08 17:30:00+00:00,70.34500122070312,70.45500183105469,70.24500274658203,70.41500091552734,855380
2025-07-08 18:30:00+00:00,70.5199966430664,70.54000091552734,70.22000122070312,70.34500122070312,1127720
2025-07-08 19:30:00+00:00,70.26000213623047,70.54499816894531,70.23999786376953,70.51499938964844,3595379
2025-07-09 13:30:00+00:00,69.61000061035156,70.25,69.4800033569336,70.16000366210938,7908790
2025-07-09 14:30:00+00:00,69.21499633789062,69.67500305175781,69.11000061035156,69.61000061035156,5227752
2025-07-09 15:30:00+00:00,69.36499786376953,69.41000366210938,68.94999694824219,69.22000122070312,2914187
2025-07-09 16:30:00+00:00,69.23500061035156,69.42500305175781,69.0,69.36990356445312,1968655
2025-07-09 17:30:00+00:00,69.25,69.3499984741211,69.11000061035156,69.23500061035156,3181497
2025-07-09 18:30:00+00:00,69.48999786376953,69.57499694824219,69.17500305175781,69.23999786376953,3264291
2025-07-09 19:30:00+00:00,69.48500061035156,69.625,69.41000366210938,69.49810028076172,4889252
2025-07-10 13:30:00+00:00,69.57499694824219,69.66999816894531,69.16000366210938,69.29000091552734,4261382
2025-07-10 14:30:00+00:00,69.44999694824219,69.68499755859375,69.38999938964844,69.57499694824219,1665198
2025-07-10 15:30:00+00:00,69.54499816894531,69.6050033569336,69.41999816894531,69.45500183105469,1046356
2025-07-10 16:30:00+00:00,69.55999755859375,69.62999725341797,69.4800033569336,69.54499816894531,817982
2025-07-10 17:30:00+00:00,69.61499786376953,69.68499755859375,69.48500061035156,69.55999755859375,721436
2025-07-10 18:30:00+00:00,69.70999908447266,69.75499725341797,69.51000213623047,69.61000061035156,1797486
2025-07-10 19:30:00+00:00,69.7699966430664,69.84500122070312,69.69999694824219,69.72000122070312,1958661
2025-07-11 13:30:00+00:00,69.72000122070312,69.875,69.25,69.56500244140625,2050622
2025-07-11 14:30:00+00:00,69.83499908447266,70.04499816894531,69.7300033569336,69.7300033569336,1540766
2025-07-11 15:30:00+00:00,69.90499877929688,69.98750305175781,69.7699966430664,69.83499908447266,1016458
2025-07-11 16:30:00+00:00,70.08499908447266,70.0999984741211,69.8499984741211,69.90499877929688,855534
2025-07-11 17:30:00+00:00,69.98999786376953,70.13999938964844,69.81500244140625,70.08999633789062,1127232
2025-07-11 18:30:00+00:00,70.1050033569336,70.125,69.91999816894531,69.98500061035156,775576
2025-07-11 19:30:00+00:00,69.87999725341797,70.15499877929688,69.87000274658203,70.1050033569336,1846583
2025-07-14 13:30:00+00:00,69.69000244140625,70.08000183105469,69.59500122070312,69.80000305175781,2235408
2025-07-14 14:30:00+00:00,69.74500274658203,69.83000183105469,69.4800033569336,69.68000030517578,1303509
2025-07-14 15:30:00+00:00,69.6050033569336,69.83999633789062,69.55000305175781,69.74500274658203,1540879
2025-07-14 16:30:00+00:00,69.52999877929688,69.70999908447266,69.48500061035156,69.5999984741211,1077809
2025-07-14 17:30:00+00:00,69.45999908447266,69.5250015258789,69.33000183105469,69.5199966430664,1101298
2025-07-14 18:30:00+00:00,69.3499984741211,69.56500244140625,69.27189636230469,69.47000122070312,2066512
2025-07-14 19:30:00+00:00,69.47000122070312,69.5199966430664,69.30999755859375,69.3499984741211,2899510
2025-07-15 13:30:00+00:00,69.32499694824219,69.54499816894531,69.25499725341797,69.51000213623047,2043974
2025-07-15 14:30:00+00:00,69.31999969482422,69.47000122070312,69.1500015258789,69.32499694824219,1882876
2025-07-15 15:30:00+00:00,69.29499816894531,69.3499984741211,69.1500015258789,69.31999969482422,1375207
2025-07-15 16:30:00+00:00,69.43000030517578,69.5,69.27999877929688,69.30000305175781,776050
2025-07-15 17:30:00+00:00,69.29499816894531,69.45500183105469,69.2699966430664,69.43499755859375,726836
2025-07-15 18:30:00+00:00,69.5250015258789,69.55000305175781,69.29010009765625,69.29010009765625,892678
2025-07-15 19:30:00+00:00,69.33999633789062,69.54499816894531,69.30999755859375,69.5250015258789,1851488
2025-07-16 13:30:00+00:00,69.0250015258789,69.5,68.95999908447266,69.3499984741211,3171067
2025-07-16 14:30:00+00:00,69.0999984741211,69.2750015258789,68.79000091552734,69.0199966430664,1954752
2025-07-16 15:30:00+00:00,69.18000030517578,69.26000213623047,69.02999877929688,69.08999633789062,982367
2025-07-16 16:30:00+00:00,69.25,69.29000091552734,69.08000183105469,69.19000244140625,687562
2025-07-16 17:30:00+00:00,69.2699966430664,69.4000015258789,69.2300033569336,69.25499725341797,855623
2025-07-16 18:30:00+00:00,69.33499908447266,69.43000030517578,69.2750015258789,69.2750015258789,1335918
2025-07-16 19:30:00+00:00,69.2699966430664,69.33499908447266,69.17500305175781,69.33499908447266,1890317
2025-07-17 13:30:00+00:00,69.80000305175781,70.11000061035156,69.55999755859375,69.80999755859375,4131505
2025-07-17 14:30:00+00:00,69.76499938964844,69.8499984741211,69.51000213623047,69.79499816894531,1990320
2025-07-17 15:30:00+00:00,69.70500183105469,69.9000015258789,69.68499755859375,69.76499938964844,1344047
2025-07-17 16:30:00+00:00,69.7750015258789,69.79499816894531,69.61499786376953,69.70500183105469,821345
2025-07-17 17:30:00+00:00,69.83000183105469,69.91999816894531,69.7249984741211,69.7750015258789,1587342
2025-07-17 18:30:00+00:00,70.3550033569336,70.56999969482422,69.79000091552734,69.83000183105469,4062409
2025-07-17 19:30:00+00:00,70.61499786376953,70.68499755859375,70.36000061035156,70.36000061035156,3463989
2025-07-18 13:30:00+00:00,70.59500122070312,70.69999694824219,70.2699966430664,70.44499969482422,4894863
2025-07-18 14:30:00+00:00,70.31999969482422,70.61499786376953,70.23999786376953,70.59500122070312,1346424
2025-07-18 15:30:00+00:00,70.2249984741211,70.41000366210938,70.1500015258789,70.31670379638672,941817
2025-07-18 16:30:00+00:00,70.16999816894531,70.37000274658203,70.09500122070312,70.2249984741211,918800
2025-07-18 17:30:00+00:00,70.09719848632812,70.30000305175781,70.08499908447266,70.18499755859375,792326
2025-07-18 18:30:00+00:00,70.11499786376953,70.16000366210938,70.0199966430664,70.09220123291016,1170525
2025-07-18 19:30:00+00:00,69.83999633789062,70.12580108642578,69.83499908447266,70.12000274658203,1961555
2025-07-21 13:30:00+00:00,70.00499725341797,70.48999786376953,69.93000030517578,70.19499969482422,3861292
2025-07-21 14:30:00+00:00,70.05500030517578,70.19499969482422,69.95999908447266,70.01000213623047,2163217
2025-07-21 15:30:00+00:00,70.33499908447266,70.44999694824219,70.0199966430664,70.05500030517578,1383237
2025-07-21 16:30:00+00:00,70.375,70.43499755859375,70.25499725341797,70.33999633789062,1145963
2025-07-21 17:30:00+00:00,70.42500305175781,70.4800033569336,70.3499984741211,70.37000274658203,1221440
2025-07-21 18:30:00+00:00,70.31500244140625,70.62000274658203,70.28500366210938,70.43000030517578,2309486
2025-07-21 19:30:00+00:00,70.13999938964844,70.32499694824219,70.1050033569336,70.31500244140625,2716044
2025-07-22 13:30:00+00:00,69.41999816894531,70.25920104980469,68.69000244140625,69.44999694824219,8485274
2025-07-22 14:30:00+00:00,69.42500305175781,69.69999694824219,69.08999633789062,69.4000015258789,2733312
2025-07-22 15:30:00+00:00,69.61000061035156,69.63500213623047,69.2750015258789,69.42500305175781,1864674
2025-07-22 16:30:00+00:00,69.51499938964844,69.64530181884766,69.37999725341797,69.6050033569336,1022248
2025-07-22 17:30:00+00:00,69.70500183105469,69.73999786376953,69.4800033569336,69.5199966430664,1021108
2025-07-22 18:30:00+00:00,69.43440246582031,69.79000091552734,69.43000030517578,69.69999694824219,1475157
2025-07-22 19:30:00+00:00,69.625,69.69000244140625,69.33499908447266,69.43499755859375,2546049
2025-07-23 13:30:00+00:00,69.11409759521484,69.73999786376953,69.08869934082031,69.50499725341797,3939582
2025-07-23 14:30:00+00:00,68.69499969482422,69.23500061035156,68.63999938964844,69.11499786376953,3334758
2025-07-23 15:30:00+00:00,68.79010009765625,68.94000244140625,68.5999984741211,68.69499969482422,2066853
2025-07-23 16:30:00+00:00,69.12999725341797,69.12999725341797,68.74500274658203,68.80000305175781,1847212
2025-07-23 17:30:00+00:00,69.03500366210938,69.19999694824219,68.94180297851562,69.12999725341797,1604953
2025-07-23 18:30:00+00:00,68.9198989868164,69.08989715576172,68.87999725341797,69.03500366210938,1449611
2025-07-23 19:30:00+00:00,69.18000030517578,69.22000122070312,68.86000061035156,68.91999816894531,2855253
2025-07-24 13:30:00+00:00,69.33499908447266,69.41999816894531,69.05500030517578,69.25499725341797,2220979
2025-07-24 14:30:00+00:00,69.50499725341797,69.55000305175781,69.23500061035156,69.33999633789062,1550157
2025-07-24 15:30:00+00:00,69.37000274658203,69.54000091552734,69.36000061035156,69.50479888916016,979679
2025-07-24 16:30:00+00:00,69.23500061035156,69.49669647216797,69.2249984741211,69.36499786376953,796999
2025-07-24 17:30:00+00:00,69.07029724121094,69.29779815673828,69.05999755859375,69.23619842529297,859962
2025-07-24 18:30:00+00:00,69.06500244140625,69.15499877929688,68.98999786376953,69.08000183105469,1302368
2025-07-24 19:30:00+00:00,69.08999633789062,69.1500015258789,69.0,69.06500244140625,1833347
2025-07-25 13:30:00+00:00,68.84559631347656,69.12999725341797,68.75,69.12999725341797,2894504
2025-07-25 14:30:00+00:00,68.81500244140625,68.9749984741211,68.77999877929688,68.84500122070312,1192363
2025-07-25 15:30:00+00:00,68.9000015258789,68.94670104980469,68.79000091552734,68.80999755859375,875955
2025-07-25 16:30:00+00:00,68.9542007446289,68.98999786376953,68.87999725341797,68.90119934082031,731956
2025-07-25 17:30:00+00:00,68.92500305175781,69.0199966430664,68.87999725341797,68.95500183105469,1024634
2025-07-25 18:30:00+00:00,69.16500091552734,69.16500091552734,68.90499877929688,68.92500305175781,1004671
2025-07-25 19:30:00+00:00,69.16999816894531,69.2300033569336,69.07499694824219,69.16999816894531,2283929
2025-07-28 13:30:00+00:00,68.67749786376953,68.9000015258789,68.54000091552734,68.73999786376953,2613841
2025-07-28 14:30:00+00:00,68.73500061035156,68.76499938964844,68.54000091552734,68.67500305175781,1301041
2025-07-28 15:30:00+00:00,68.375,68.73999786376953,68.31999969482422,68.73999786376953,1595373
2025-07-28 16:30:00+00:00,68.24299621582031,68.38999938964844,68.20999908447266,68.375,1433775
2025-07-28 17:30:00+00:00,68.16500091552734,68.26820373535156,68.08219909667969,68.25,937382
2025-07-28 18:30:00+00:00,68.1449966430664,68.27999877929688,68.10330200195312,68.16500091552734,1604055
2025-07-28 19:30:00+00:00,68.0999984741211,68.19000244140625,68.05999755859375,68.1449966430664,2049779
2025-07-29 13:30:00+00:00,68.75499725341797,68.78710174560547,68.1500015258789,68.33999633789062,2421200
2025-07-29 14:30:00+00:00,69.23500061035156,69.29989624023438,68.6449966430664,68.7500991821289,1928801
2025-07-29 15:30:00+00:00,69.30500030517578,69.34500122070312,68.9800033569336,69.23500061035156,1657653
2025-07-29 16:30:00+00:00,69.09729766845703,69.36499786376953,69.05000305175781,69.30999755859375,1071478
2025-07-29 17:30:00+00:00,69.05999755859375,69.20999908447266,68.87000274658203,69.09010314941406,1147792
2025-07-29 18:30:00+00:00,69.1500015258789,69.17900085449219,69.01010131835938,69.06500244140625,1335458
2025-07-29 19:30:00+00:00,69.37999725341797,69.41999816894531,69.1500015258789,69.15499877929688,2782672
2025-07-30 13:30:00+00:00,69.0802001953125,69.25,68.97000122070312,69.11000061035156,1641385
2025-07-30 14:30:00+00:00,69.15499877929688,69.19000244140625,69.00499725341797,69.08000183105469,925271
2025-07-30 15:30:00+00:00,69.24500274658203,69.27989959716797,69.01499938964844,69.1500015258789,684046
2025-07-30 16:30:00+00:00,69.13500213623047,69.24500274658203,69.08499908447266,69.24500274658203,467063
2025-07-30 17:30:00+00:00,69.25499725341797,69.27999877929688,69.12000274658203,69.13999938964844,760560
2025-07-30 18:30:00+00:00,68.69000244140625,69.33000183105469,68.66500091552734,69.25499725341797,1486853
2025-07-30 19:30:00+00:00,68.76000213623047,68.7699966430664,68.5250015258789,68.69499969482422,1947355
2025-07-31 13:30:00+00:00,68.24500274658203,68.4000015258789,67.91999816894531,68.1500015258789,2431320
2025-07-31 14:30:00+00:00,68.1500015258789,68.42500305175781,68.13500213623047,68.24500274658203,1417457
2025-07-31 15:30:00+00:00,68.46499633789062,68.52999877929688,68.13999938964844,68.13999938964844,1216039
2025-07-31 16:30:00+00:00,68.4000015258789,68.6500015258789,68.34500122070312,68.45999908447266,1088802
2025-07-31 17:30:00+00:00,68.4000015258789,68.41500091552734,68.20999908447266,68.4000015258789,1081344
2025-07-31 18:30:00+00:00,68.05999755859375,68.41999816894531,68.0250015258789,68.3949966430664,1426138
2025-07-31 19:30:00+00:00,67.91999816894531,68.11000061035156,67.73999786376953,68.05549621582031,2318694
2025-08-01 13:30:00+00:00,68.50270080566406,68.94000244140625,68.2699966430664,68.59500122070312,3869091
2025-08-01 14:30:00+00:00,68.89009857177734,68.89009857177734,68.41999816894531,68.54499816894531,1633903
2025-08-01 15:30:00+00:00,68.84989929199219,68.9800033569336,68.7334976196289,68.8949966430664,1072811
2025-08-01 16:30:00+00:00,68.91999816894531,68.9800033569336,68.7300033569336,68.84500122070312,1166379
2025-08-01 17:30:00+00:00,68.9000015258789,69.01000213623047,68.7750015258789,68.9197998046875,1182979
2025-08-01 18:30:00+00:00,68.82499694824219,69.04000091552734,68.80000305175781,68.90499877929688,1231799
2025-08-01 19:30:00+00:00,68.86000061035156,69.01000213623047,68.76000213623047,68.82499694824219,2268287
2025-08-04 13:30:00+00:00,68.58999633789062,68.87000274658203,68.30999755859375,68.71499633789062,2053175
2025-08-04 14:30:00+00:00,68.57499694824219,68.73999786376953,68.41999816894531,68.58499908447266,1175706
2025-08-04 15:30:00+00:00,68.71499633789062,68.83999633789062,68.55000305175781,68.5781021118164,753847
2025-08-04 16:30:00+00:00,68.75,68.8499984741211,68.71880340576172,68.71880340576172,735301
2025-08-04 17:30:00+00:00,68.8550033569336,68.91999816894531,68.73999786376953,68.75499725341797,823416
2025-08-04 18:30:00+00:00,68.98500061035156,69.08499908447266,68.85420227050781,68.8550033569336,1090539
2025-08-04 19:30:00+00:00,68.94999694824219,69.04499816894531,68.91500091552734,68.98169708251953,1898196
2025-08-05 13:30:00+00:00,69.19000244140625,69.19000244140625,68.75,68.9000015258789,1833055
2025-08-05 14:30:00+00:00,69.08000183105469,69.48500061035156,68.9000015258789,69.19499969482422,1961799
2025-08-05 15:30:00+00:00,68.92500305175781,69.22000122070312,68.90499877929688,69.08499908447266,870570
2025-08-05 16:30:00+00:00,69.1449966430664,69.22000122070312,68.92250061035156,68.93000030517578,613362
2025-08-05 17:30:00+00:00,69.08000183105469,69.22850036621094,69.0,69.1449966430664,683595
2025-08-05 18:30:00+00:00,69.10810089111328,69.24659729003906,69.0250015258789,69.08000183105469,1127641
2025-08-05 19:30:00+00:00,69.04000091552734,69.10929870605469,68.97000122070312,69.0999984741211,1950806
2025-08-06 13:30:00+00:00,69.2300033569336,69.27999877929688,68.62999725341797,69.12000274658203,1600724
2025-08-06 14:30:00+00:00,69.38999938964844,69.4800033569336,69.20500183105469,69.22000122070312,1208558
2025-08-06 15:30:00+00:00,69.51239776611328,69.52999877929688,69.31999969482422,69.4000015258789,831204
2025-08-06 16:30:00+00:00,69.55000305175781,69.69999694824219,69.41999816894531,69.5199966430664,874828
2025-08-06 17:30:00+00:00,69.75,69.76499938964844,69.54000091552734,69.54499816894531,820804
2025-08-06 18:30:00+00:00,69.69999694824219,69.75,69.58999633789062,69.74500274658203,1032450
2025-08-06 19:30:00+00:00,69.5199966430664,69.80000305175781,69.4800033569336,69.70500183105469,2440228
2025-08-07 13:30:00+00:00,70.08000183105469,70.28500366210938,69.33000183105469,69.45999908447266,2841357
2025-08-07 14:30:00+00:00,69.88999938964844,70.20999908447266,69.87370300292969,70.08999633789062,1579662
2025-08-07 15:30:00+00:00,70.20500183105469,70.31999969482422,69.87999725341797,69.87999725341797,1616994
2025-08-07 16:30:00+00:00,70.43499755859375,70.45989990234375,70.1500015258789,70.20500183105469,1361909
2025-08-07 17:30:00+00:00,70.58999633789062,70.625,70.43000030517578,70.43499755859375,1222486
2025-08-07 18:30:00+00:00,70.34500122070312,70.71499633789062,70.27999877929688,70.58999633789062,1340804
2025-08-07 19:30:00+00:00,70.45999908447266,70.61499786376953,70.34500122070312,70.34500122070312,2438909
2025-08-08 13:30:00+00:00,70.72000122070312,70.87100219726562,70.36499786376953,70.36499786376953,1819640
2025-08-08 14:30:00+00:00,70.44280242919922,70.81999969482422,70.43000030517578,70.7249984741211,1065629
2025-08-08 15:30:00+00:00,70.46499633789062,70.51000213623047,70.31159973144531,70.44000244140625,994501
2025-08-08 16:30:00+00:00,70.33499908447266,70.48999786376953,70.25499725341797,70.47000122070312,731387
2025-08-08 17:30:00+00:00,70.37000274658203,70.37999725341797,70.20999908447266,70.33100128173828,614279
2025-08-08 18:30:00+00:00,70.30660247802734,70.41999816894531,70.2300033569336,70.36000061035156,756352
2025-08-08 19:30:00+00:00,70.33499908447266,70.36000061035156,70.08000183105469,70.30000305175781,1599799
2025-08-11 13:30:00+00:00,70.2249984741211,70.48999786376953,70.05000305175781,70.30000305175781,2061160
2025-08-11 14:30:00+00:00,70.23539733886719,70.2750015258789,69.95999908447266,70.22000122070312,1228036
2025-08-11 15:30:00+00:00,70.38500213623047,70.45500183105469,70.19000244140625,70.2300033569336,826243
2025-08-11 16:30:00+00:00,70.36000061035156,70.4198989868164,70.24500274658203,70.37999725341797,693314
2025-08-11 17:30:00+00:00,70.68499755859375,70.70500183105469,70.3499984741211,70.36499786376953,914212
2025-08-11 18:30:00+00:00,70.7750015258789,70.84500122070312,70.63999938964844,70.69000244140625,1248021
2025-08-11 19:30:00+00:00,70.78500366210938,70.86000061035156,70.69000244140625,70.77279663085938,2003709
2025-08-12 13:30:00+00:00,70.46499633789062,71.05999755859375,70.40950012207031,70.81500244140625,1572839
2025-08-12 14:30:00+00:00,70.34500122070312,70.6449966430664,70.2750015258789,70.46499633789062,1378016
2025-08-12 15:30:00+00:00,70.53990173339844,70.55999755859375,70.22000122070312,70.34500122070312,967858
2025-08-12 16:30:00+00:00,70.6449966430664,70.64969635009766,70.44000244140625,70.54000091552734,752217
2025-08-12 17:30:00+00:00,70.625,70.76000213623047,70.61000061035156,70.6449966430664,1042667
2025-08-12 18:30:00+00:00,70.57499694824219,70.65499877929688,70.54499816894531,70.625,813848
2025-08-12 19:30:00+00:00,70.7300033569336,70.76000213623047,70.53500366210938,70.57499694824219,1762399
2025-08-13 13:30:00+00:00,70.31999969482422,70.7699966430664,70.2300033569336,70.69000244140625,1640830
2025-08-13 14:30:00+00:00,70.58280181884766,70.66439819335938,70.2300033569336,70.32499694824219,936341
2025-08-13 15:30:00+00:00,70.55500030517578,70.7249984741211,70.4800033569336,70.58509826660156,765355
2025-08-13 16:30:00+00:00,70.3949966430664,70.63999938964844,70.38500213623047,70.55500030517578,656620
2025-08-13 17:30:00+00:00,70.43499755859375,70.51000213623047,70.34349822998047,70.39579772949219,575707
2025-08-13 18:30:00+00:00,70.42500305175781,70.51000213623047,70.30000305175781,70.43000030517578,856715
2025-08-13 19:30:00+00:00,70.47000122070312,70.5250015258789,70.41500091552734,70.43000030517578,1613375
2025-08-14 13:30:00+00:00,69.81500244140625,70.45999908447266,69.76499938964844,70.37999725341797,1746127
2025-08-14 14:30:00+00:00,69.78500366210938,69.87000274658203,69.69499969482422,69.81999969482422,1143411
2025-08-14 15:30:00+00:00,69.62000274658203,69.79000091552734,69.55000305175781,69.78500366210938,1058549
2025-08-14 16:30:00+00:00,69.66639709472656,69.70269775390625,69.56999969482422,69.625,601725
2025-08-14 17:30:00+00:00,69.5250015258789,69.68000030517578,69.4800033569336,69.66500091552734,762850
2025-08-14 18:30:00+00:00,69.62999725341797,69.66999816894531,69.44999694824219,69.5250015258789,1198167
2025-08-14 19:30:00+00:00,69.5250015258789,69.62999725341797,69.38999938964844,69.62999725341797,2292202
2025-08-15 13:30:00+00:00,69.69000244140625,70.08000183105469,69.56999969482422,69.73999786376953,2790465
2025-08-15 14:30:00+00:00,69.74500274658203,70.00509643554688,69.69000244140625,69.69000244140625,1005572
2025-08-15 15:30:00+00:00,69.81999969482422,69.96499633789062,69.74500274658203,69.75,839726
2025-08-15 16:30:00+00:00,70.01499938964844,70.05500030517578,69.81999969482422,69.81999969482422,1189360
2025-08-15 17:30:00+00:00,70.27999877929688,70.33000183105469,69.93000030517578,70.01000213623047,807695
2025-08-15 18:30:00+00:00,70.12000274658203,70.38500213623047,70.11000061035156,70.27999877929688,971150
2025-08-15 19:30:00+00:00,69.94000244140625,70.15499877929688,69.88999938964844,70.11499786376953,2199872
2025-08-18 13:30:00+00:00,69.72000122070312,70.05000305175781,69.68009948730469,69.9800033569336,2081570
2025-08-18 14:30:00+00:00,69.54000091552734,69.79000091552734,69.54000091552734,69.70999908447266,1502439
2025-08-18 15:30:00+00:00,69.3550033569336,69.60810089111328,69.33000183105469,69.54000091552734,1039764
2025-08-18 16:30:00+00:00,69.33499908447266,69.46499633789062,69.26499938964844,69.3550033569336,1030584
2025-08-18 17:30:00+00:00,69.06500244140625,69.36499786376953,69.06500244140625,69.33999633789062,1148550
2025-08-18 18:30:00+00:00,69.13500213623047,69.19000244140625,69.05000305175781,69.06500244140625,1074580
2025-08-18 19:30:00+00:00,69.1449966430664,69.29499816894531,69.12999725341797,69.13500213623047,2412520
2025-08-19 13:30:00+00:00,69.83499908447266,69.83999633789062,69.30000305175781,69.30000305175781,1744047
2025-08-19 14:30:00+00:00,69.73999786376953,69.9749984741211,69.70999908447266,69.83000183105469,1010179
2025-08-19 15:30:00+00:00,69.875,69.90499877929688,69.66000366210938,69.73999786376953,664830
2025-08-19 16:30:00+00:00,70.064697265625,70.20500183105469,69.84010314941406,69.875,1066382
2025-08-19 17:30:00+00:00,69.98500061035156,70.08499908447266,69.91500091552734,70.06500244140625,577989
2025-08-19 18:30:00+00:00,70.05999755859375,70.22000122070312,69.9749984741211,69.9800033569336,1032499
2025-08-19 19:30:00+00:00,70.1449966430664,70.16000366210938,69.98999786376953,70.06719970703125,1816021
2025-08-20 13:30:00+00:00,71.05000305175781,71.70500183105469,70.55000305175781,70.73999786376953,4654307
2025-08-20 14:30:00+00:00,70.6500015258789,71.19000244140625,70.58000183105469,71.04000091552734,2022039
2025-08-20 15:30:00+00:00,70.82510375976562,70.95999908447266,70.6449966430664,70.6500015258789,951998
2025-08-20 16:30:00+00:00,70.64720153808594,70.87999725341797,70.61499786376953,70.82499694824219,821986
2025-08-20 17:30:00+00:00,70.68000030517578,70.69999694824219,70.40499877929688,70.6500015258789,1211632
2025-08-20 18:30:00+00:00,70.6500015258789,70.77510070800781,70.63999938964844,70.68000030517578,1159209
2025-08-20 19:30:00+00:00,70.68499755859375,70.83000183105469,70.62999725341797,70.65499877929688,2272099
2025-08-21 13:30:00+00:00,70.6449966430664,70.90499877929688,70.33000183105469,70.5999984741211,1563952
2025-08-21 14:30:00+00:00,70.59519958496094,70.73999786376953,70.48500061035156,70.6449966430664,743278
2025-08-21 15:30:00+00:00,70.55000305175781,70.625,70.46499633789062,70.5999984741211,673285
2025-08-21 16:30:00+00:00,70.5250015258789,70.5999984741211,70.46499633789062,70.55000305175781,524278
2025-08-21 17:30:00+00:00,70.5645980834961,70.6449966430664,70.50499725341797,70.5250015258789,646173
2025-08-21 18:30:00+00:00,70.625,70.66999816894531,70.55500030517578,70.57499694824219,637458
2025-08-21 19:30:00+00:00,70.62999725341797,70.66999816894531,70.56999969482422,70.625,1215160
2025-08-22 13:30:00+00:00,70.39739990234375,71.0199966430664,70.20259857177734,70.95999908447266,2022150
2025-08-22 14:30:00+00:00,70.21730041503906,70.44499969482422,69.91999816894531,70.4000015258789,1929923
2025-08-22 15:30:00+00:00,70.16000366210938,70.26499938964844,70.0199966430664,70.22000122070312,1292159
2025-08-22 16:30:00+00:00,70.1449966430664,70.30999755859375,70.11499786376953,70.16000366210938,896346
2025-08-22 17:30:00+00:00,70.19499969482422,70.21759796142578,70.1050033569336,70.1449966430664,702320
2025-08-22 18:30:00+00:00,70.0071029663086,70.26499938964844,69.98999786376953,70.19999694824219,1046060
2025-08-22 19:30:00+00:00,70.13999938964844,70.19000244140625,70.00499725341797,70.00499725341797,1622831
2025-08-25 13:30:00+00:00,69.70349884033203,70.2300033569336,69.59500122070312,70.11000061035156,2219819
2025-08-25 14:30:00+00:00,69.37999725341797,69.71499633789062,69.30000305175781,69.70999908447266,1415725
2025-08-25 15:30:00+00:00,69.26499938964844,69.47000122070312,69.23999786376953,69.37000274658203,964719
2025-08-25 16:30:00+00:00,69.25,69.33509826660156,69.19999694824219,69.2699966430664,939715
2025-08-25 17:30:00+00:00,69.17500305175781,69.26580047607422,69.05000305175781,69.24500274658203,1039952
2025-08-25 18:30:00+00:00,68.875,69.18000030517578,68.83999633789062,69.18000030517578,1532151
2025-08-25 19:30:00+00:00,68.91999816894531,68.98999786376953,68.71499633789062,68.87999725341797,2237129
2025-08-26 13:30:00+00:00,68.82499694824219,69.08000183105469,68.69000244140625,69.04000091552734,2251865
2025-08-26 14:30:00+00:00,68.77980041503906,68.875,68.67250061035156,68.83000183105469,1215549
2025-08-26 15:30:00+00:00,68.77999877929688,68.79000091552734,68.66280364990234,68.7750015258789,974505
2025-08-26 16:30:00+00:00,68.74500274658203,68.88700103759766,68.67420196533203,68.77999877929688,857148
2025-08-26 17:30:00+00:00,68.875,68.92780303955078,68.69000244140625,68.75,817223
2025-08-26 18:30:00+00:00,68.90460205078125,68.94000244140625,68.80999755859375,68.87000274658203,1285862
2025-08-26 19:30:00+00:00,68.7300033569336,68.91500091552734,68.57499694824219,68.90499877929688,2655038
2025-08-27 13:30:00+00:00,68.56500244140625,68.85540008544922,68.55999755859375,68.81999969482422,1845441
2025-08-27 14:30:00+00:00,68.61499786376953,68.75,68.55000305175781,68.56500244140625,1353254
2025-08-27 15:30:00+00:00,68.7300033569336,68.73999786376953,68.46499633789062,68.61499786376953,1407867
2025-08-27 16:30:00+00:00,68.55999755859375,68.7249984741211,68.50499725341797,68.7249984741211,909335
2025-08-27 17:30:00+00:00,68.75499725341797,68.77999877929688,68.55999755859375,68.56500244140625,864116
2025-08-27 18:30:00+00:00,68.71499633789062,68.77999877929688,68.67500305175781,68.75499725341797,1007287
2025-08-27 19:30:00+00:00,68.79499816894531,68.87000274658203,68.69999694824219,68.72000122070312,1625054
2025-08-28 13:30:00+00:00,68.44999694824219,68.87999725341797,68.27999877929688,68.87999725341797,2799326
2025-08-28 14:30:00+00:00,68.4884033203125,68.58499908447266,68.34500122070312,68.44499969482422,1299721
2025-08-28 15:30:00+00:00,68.42050170898438,68.52999877929688,68.31999969482422,68.48500061035156,848653
2025-08-28 16:30:00+00:00,68.62419891357422,68.66999816894531,68.43000030517578,68.43000030517578,613488
2025-08-28 17:30:00+00:00,68.5199966430664,68.7300033569336,68.48999786376953,68.625,861384
2025-08-28 18:30:00+00:00,68.63500213623047,68.68990325927734,68.51000213623047,68.5250015258789,744894
2025-08-28 19:30:00+00:00,68.36000061035156,68.63500213623047,68.28500366210938,68.63500213623047,2772231
2025-08-29 13:30:00+00:00,68.65499877929688,68.92579650878906,68.42500305175781,68.51000213623047,2093447
2025-08-29 14:30:00+00:00,68.63999938964844,68.87000274658203,68.56999969482422,68.66000366210938,1356016
2025-08-29 15:30:00+00:00,68.80500030517578,68.8458023071289,68.61499786376953,68.6500015258789,1541716
2025-08-29 16:30:00+00:00,68.84220123291016,68.89559936523438,68.73999786376953,68.80500030517578,979584
2025-08-29 17:30:00+00:00,68.96499633789062,68.98999786376953,68.80000305175781,68.83999633789062,984179
2025-08-29 18:30:00+00:00,69.125,69.13999938964844,68.94120025634766,68.97000122070312,1478761
2025-08-29 19:30:00+00:00,69.0,69.12999725341797,68.9000015258789,69.125,2786886
2025-09-02 13:30:00+00:00,68.32499694824219,69.33999633789062,68.26499938964844,68.95999908447266,4515207
2025-09-02 14:30:00+00:00,68.74970245361328,68.8550033569336,68.25499725341797,68.32499694824219,3547593
2025-09-02 15:30:00+00:00,68.83000183105469,68.91999816894531,68.63009643554688,68.74500274658203,2544566
2025-09-02 16:30:00+00:00,68.81999969482422,68.89739990234375,68.66999816894531,68.82640075683594,896964
2025-09-02 17:30:00+00:00,68.98500061035156,69.12000274658203,68.80000305175781,68.81999969482422,4246840
2025-09-02 18:30:00+00:00,68.83999633789062,69.01499938964844,68.73999786376953,68.98500061035156,1571071
2025-09-02 19:30:00+00:00,69.04499816894531,69.09500122070312,68.83499908447266,68.83499908447266,3749524
2025-09-03 13:30:00+00:00,68.37000274658203,69.09500122070312,68.18499755859375,68.66000366210938,6078552
2025-09-03 14:30:00+00:00,68.97489929199219,69.0,68.32009887695312,68.36499786376953,3510064
2025-09-03 15:30:00+00:00,68.40589904785156,68.99500274658203,67.91000366210938,68.9800033569336,5566285
2025-09-03 16:30:00+00:00,67.80999755859375,68.62999725341797,67.37000274658203,68.40499877929688,5594492
2025-09-03 17:30:00+00:00,68.66000366210938,68.68000030517578,67.79010009765625,67.81999969482422,2505483
2025-09-03 18:30:00+00:00,68.83000183105469,68.94000244140625,68.42500305175781,68.65499877929688,4284187
2025-09-03 19:30:00+00:00,69.00499725341797,69.08999633789062,68.76272583007812,68.83000183105469,3980047
2025-09-04 13:30:00+00:00,68.98500061035156,69.45999908447266,68.88500213623047,69.11000061035156,1914803
2025-09-04 14:30:00+00:00,68.76499938964844,69.08999633789062,68.70999908447266,68.98999786376953,1195309
2025-09-04 15:30:00+00:00,68.625,68.80999755859375,68.5199966430664,68.7699966430664,1793981
2025-09-04 16:30:00+00:00,68.5,68.6449966430664,68.44999694824219,68.62999725341797,930783
2025-09-04 17:30:00+00:00,68.33499908447266,68.5250015258789,68.2699966430664,68.5,1331109
2025-09-04 18:30:00+00:00,68.1449966430664,68.3550033569336,68.11499786376953,68.33999633789062,2842714
2025-09-04 19:30:00+00:00,68.26000213623047,68.29499816894531,68.11499786376953,68.14070129394531,3027957
2025-09-05 13:30:00+00:00,68.3550033569336,68.58000183105469,67.88999938964844,68.01000213623047,6912489
2025-09-05 14:30:00+00:00,68.38500213623047,68.4749984741211,68.15499877929688,68.36000061035156,2179010
2025-09-05 15:30:00+00:00,68.09500122070312,68.41709899902344,68.08999633789062,68.37999725341797,1139600
2025-09-05 16:30:00+00:00,68.06999969482422,68.19499969482422,68.04000091552734,68.09500122070312,1139761
2025-09-05 17:30:00+00:00,67.9000015258789,68.13500213623047,67.875,68.06999969482422,1470497
2025-09-05 18:30:00+00:00,67.9749984741211,68.18000030517578,67.90499877929688,67.90499877929688,1394940
2025-09-05 19:30:00+00:00,67.97000122070312,68.0,67.87000274658203,67.97010040283203,2517308
2025-09-08 13:30:00+00:00,67.6050033569336,67.87999725341797,67.3550033569336,67.8550033569336,3293800
2025-09-08 14:30:00+00:00,67.31999969482422,67.70500183105469,67.30500030517578,67.6050033569336,2290503
2025-09-08 15:30:00+00:00,67.37999725341797,67.44999694824219,67.16000366210938,67.3281021118164,1969728
2025-09-08 16:30:00+00:00,67.40750122070312,67.56999969482422,67.36499786376953,67.37999725341797,1278268
2025-09-08 17:30:00+00:00,67.34500122070312,67.43000030517578,67.20999908447266,67.40850067138672,1491066
2025-09-08 18:30:00+00:00,67.24500274658203,67.37000274658203,67.22010040283203,67.34500122070312,1530049
2025-09-08 19:30:00+00:00,67.44999694824219,67.48999786376953,67.21499633789062,67.24659729003906,3775722
2025-09-09 13:30:00+00:00,67.9749984741211,68.04000091552734,67.4000015258789,67.4000015258789,2099075
2025-09-09 14:30:00+00:00,67.79573822021484,68.05999755859375,67.67500305175781,67.9800033569336,1463127
2025-09-09 15:30:00+00:00,67.875,67.91500091552734,67.7511978149414,67.77999877929688,807029
2025-09-09 16:30:00+00:00,67.99500274658203,68.04000091552734,67.81500244140625,67.87000274658203,845204
2025-09-09 17:30:00+00:00,68.04499816894531,68.08999633789062,67.95999908447266,67.98999786376953,1030315
2025-09-09 18:30:00+00:00,68.04499816894531,68.1050033569336,67.91500091552734,68.04000091552734,1439781
2025-09-09 19:30:00+00:00,67.9000015258789,68.05500030517578,67.9000015258789,68.04900360107422,2608409
2025-09-10 13:30:00+00:00,67.61000061035156,67.83000183105469,67.5199966430664,67.79000091552734,2997357
2025-09-10 14:30:00+00:00,67.40499877929688,67.6050033569336,67.20999908447266,67.6050033569336,2346513
2025-09-10 15:30:00+00:00,67.41999816894531,67.56999969482422,67.31999969482422,67.40499877929688,1430969
2025-09-10 16:30:00+00:00,67.57499694824219,67.62000274658203,67.30500030517578,67.41500091552734,903070
2025-09-10 17:30:00+00:00,67.91500091552734,67.95500183105469,67.55999755859375,67.58000183105469,1059700
2025-09-10 18:30:00+00:00,67.82499694824219,68.08540344238281,67.81999969482422,67.91999816894531,1694180
2025-09-10 19:30:00+00:00,67.81999969482422,67.8499984741211,67.65390014648438,67.80999755859375,2763248
2025-09-11 13:30:00+00:00,68.0469970703125,68.13500213623047,67.75,67.91999816894531,2047471
2025-09-11 14:30:00+00:00,68.0250015258789,68.12999725341797,67.95999908447266,68.04499816894531,1288597
2025-09-11 15:30:00+00:00,68.15499877929688,68.16000366210938,68.00360107421875,68.02909851074219,1019413
2025-09-11 16:30:00+00:00,67.9749984741211,68.16500091552734,67.91000366210938,68.16000366210938,982487
2025-09-11 17:30:00+00:00,67.82499694824219,68.02999877929688,67.76000213623047,67.9749984741211,1272323
2025-09-11 18:30:00+00:00,67.62999725341797,67.83000183105469,67.61000061035156,67.82499694824219,2253449
2025-09-11 19:30:00+00:00,67.5999984741211,67.70999908447266,67.58000183105469,67.62999725341797,2636024
2025-09-12 13:30:00+00:00,67.3550033569336,67.71499633789062,67.31999969482422,67.5999984741211,3085165
2025-09-12 14:30:00+00:00,67.3949966430664,67.5250015258789,67.25,67.3550033569336,2458250
2025-09-12 15:30:00+00:00,67.19550323486328,67.4000015258789,67.11000061035156,67.38999938964844,1670469
2025-09-12 16:30:00+00:00,66.99500274658203,67.19999694824219,66.93499755859375,67.19550323486328,1911796
2025-09-12 17:30:00+00:00,67.12999725341797,67.19000244140625,66.98999786376953,66.99579620361328,1351669
2025-09-12 18:30:00+00:00,67.0634994506836,67.19999694824219,67.05000305175781,67.13310241699219,1243108
2025-09-12 19:30:00+00:00,67.01000213623047,67.12000274658203,66.98999786376953,67.06500244140625,2472177
2025-09-15 13:30:00+00:00,66.61000061035156,66.77999877929688,66.5199966430664,66.68000030517578,3026984
2025-09-15 14:30:00+00:00,66.29499816894531,66.68499755859375,66.2699966430664,66.61990356445312,1913530
2025-09-15 15:30:00+00:00,66.2699966430664,66.37999725341797,66.15499877929688,66.29000091552734,1337220
2025-09-15 16:30:00+00:00,66.29499816894531,66.38999938964844,66.22000122070312,66.2750015258789,1292267
2025-09-15 17:30:00+00:00,66.29499816894531,66.31500244140625,66.16999816894531,66.29499816894531,1183146
2025-09-15 18:30:00+00:00,66.18000030517578,66.38999938964844,66.18000030517578,66.30000305175781,1512288
2025-09-15 19:30:00+00:00,66.20999908447266,66.23999786376953,66.0999984741211,66.19000244140625,2630829
2025-09-16 13:30:00+00:00,66.125,66.44000244140625,66.05500030517578,66.3499984741211,2815066
2025-09-16 14:30:00+00:00,66.2249984741211,66.51000213623047,66.08000183105469,66.125,1552360
2025-09-16 15:30:00+00:00,66.41999816894531,66.4749984741211,66.16000366210938,66.22000122070312,1203177
2025-09-16 16:30:00+00:00,66.32499694824219,66.47989654541016,66.2738037109375,66.41999816894531,1226473
2025-09-16 17:30:00+00:00,66.3550033569336,66.42500305175781,66.29440307617188,66.31999969482422,1075114
2025-09-16 18:30:00+00:00,66.41500091552734,66.48999786376953,66.30999755859375,66.3499984741211,1730431
2025-09-16 19:30:00+00:00,66.26499938964844,66.45999908447266,66.2300033569336,66.41500091552734,3406925
2025-09-17 13:30:00+00:00,66.83499908447266,66.94499969482422,66.40499877929688,66.40499877929688,2968224
2025-09-17 14:30:00+00:00,67.06999969482422,67.08999633789062,66.81500244140625,66.83000183105469,1216478
2025-09-17 15:30:00+00:00,66.87000274658203,67.07990264892578,66.83000183105469,67.06500244140625,1003142
2025-09-17 16:30:00+00:00,66.88500213623047,66.90499877929688,66.8302993774414,66.87000274658203,878183
2025-09-17 17:30:00+00:00,66.85880279541016,67.12999725341797,66.77120208740234,66.87999725341797,1867659
2025-09-17 18:30:00+00:00,66.90499877929688,66.99800109863281,66.7699966430664,66.86000061035156,2266037
2025-09-17 19:30:00+00:00,67.03500366210938,67.08000183105469,66.88500213623047,66.91000366210938,2225395
2025-09-18 13:30:00+00:00,66.68499755859375,67.03500366210938,66.55999755859375,66.80000305175781,2683305
2025-09-18 14:30:00+00:00,66.77999877929688,66.79989624023438,66.51499938964844,66.69000244140625,1542444
2025-09-18 15:30:00+00:00,66.76499938964844,66.94999694824219,66.68499755859375,66.79000091552734,1169028
2025-09-18 16:30:00+00:00,66.74500274658203,66.86000061035156,66.70999908447266,66.76499938964844,900236
2025-09-18 17:30:00+00:00,66.6050033569336,66.78500366210938,66.5999984741211,66.7426986694336,1020281
2025-09-18 18:30:00+00:00,66.53500366210938,66.62999725341797,66.45999908447266,66.6050033569336,1465316
2025-09-18 19:30:00+00:00,66.42500305175781,66.55500030517578,66.3499984741211,66.53500366210938,2641042
2025-09-19 13:30:00+00:00,66.4000015258789,66.62999725341797,66.34500122070312,66.48999786376953,4698588
2025-09-19 14:30:00+00:00,66.23500061035156,66.4468002319336,66.04499816894531,66.3949966430664,2064255
2025-09-19 15:30:00+00:00,66.25,66.31620025634766,66.09500122070312,66.23500061035156,1397170
2025-09-19 16:30:00+00:00,66.33499908447266,66.34500122070312,66.18000030517578,66.26000213623047,712193
2025-09-19 17:30:00+00:00,66.4749984741211,66.55000305175781,66.31999969482422,66.33499908447266,1246627
2025-09-19 18:30:00+00:00,66.54000091552734,66.55999755859375,66.43000030517578,66.4749984741211,1021361
2025-09-19 19:30:00+00:00,66.44000244140625,66.7300033569336,66.4000015258789,66.52999877929688,2532533
2025-09-22 13:30:00+00:00,66.56999969482422,66.58999633789062,66.08000183105469,66.16000366210938,2179685
2025-09-22 14:30:00+00:00,66.38500213623047,66.58999633789062,66.37000274658203,66.56999969482422,1236903
2025-09-22 15:30:00+00:00,66.44499969482422,66.47000122070312,66.27999877929688,66.38500213623047,1181756
2025-09-22 16:30:00+00:00,66.46880340576172,66.48500061035156,66.2300033569336,66.44999694824219,1043269
2025-09-22 17:30:00+00:00,66.36000061035156,66.5199966430664,66.30999755859375,66.46499633789062,1226040
2025-09-22 18:30:00+00:00,66.37999725341797,66.42620086669922,66.33439636230469,66.36000061035156,1112337
2025-09-22 19:30:00+00:00,66.22000122070312,66.43000030517578,66.22000122070312,66.375,2064466
2025-09-23 13:30:00+00:00,65.91500091552734,66.37999725341797,65.9000015258789,66.3499984741211,2544672
2025-09-23 14:30:00+00:00,65.9749984741211,66.13500213623047,65.91419982910156,65.91419982910156,1486599
2025-09-23 15:30:00+00:00,66.1050033569336,66.19000244140625,65.97000122070312,65.9800033569336,1293925
2025-09-23 16:30:00+00:00,66.20500183105469,66.2300033569336,66.02999877929688,66.1050033569336,906690
2025-09-23 17:30:00+00:00,66.63279724121094,66.66999816894531,66.16000366210938,66.19999694824219,2114416
2025-09-23 18:30:00+00:00,66.66999816894531,66.76000213623047,66.61000061035156,66.63500213623047,1386905
2025-09-23 19:30:00+00:00,66.7300033569336,66.75,66.60350036621094,66.66999816894531,1977421
2025-09-24 13:30:00+00:00,66.5199966430664,66.7177963256836,65.95999908447266,66.40499877929688,3122766
2025-09-24 14:30:00+00:00,66.44000244140625,66.5999984741211,66.32499694824219,66.51000213623047,1630317
2025-09-24 15:30:00+00:00,66.52999877929688,66.77999877929688,66.43000030517578,66.43499755859375,1556833
2025-09-24 16:30:00+00:00,66.46499633789062,66.5697021484375,66.44000244140625,66.52580261230469,850329
2025-09-24 17:30:00+00:00,66.4738998413086,66.62999725341797,66.45500183105469,66.47000122070312,867328
2025-09-24 18:30:00+00:00,66.36499786376953,66.5250015258789,66.33999633789062,66.4749984741211,975930
2025-09-24 19:30:00+00:00,66.44000244140625,66.4800033569336,66.33000183105469,66.36499786376953,2730967
2025-09-25 13:30:00+00:00,66.26499938964844,66.91999816894531,66.2249984741211,66.75,3206735
2025-09-25 14:30:00+00:00,66.24500274658203,66.2699966430664,66.06500244140625,66.26499938964844,1405983
2025-09-25 15:30:00+00:00,66.06500244140625,66.26000213623047,66.02999877929688,66.23999786376953,1193737
2025-09-25 16:30:00+00:00,66.1449966430664,66.21189880371094,66.05000305175781,66.06900024414062,900914
2025-09-25 17:30:00+00:00,65.98989868164062,66.1500015258789,65.94999694824219,66.13999938964844,1269242
2025-09-25 18:30:00+00:00,66.03500366210938,66.1449966430664,65.94999694824219,65.98419952392578,1149893
2025-09-25 19:30:00+00:00,65.98999786376953,66.125,65.9623031616211,66.03500366210938,1548280
2025-09-26 13:30:00+00:00,66.05500030517578,66.33499908447266,65.99500274658203,66.06999969482422,2332820
2025-09-26 14:30:00+00:00,65.94000244140625,66.22000122070312,65.91000366210938,66.05500030517578,1266842
2025-09-26 15:30:00+00:00,65.92500305175781,65.95500183105469,65.79000091552734,65.94499969482422,1276425
2025-09-26 16:30:00+00:00,65.92559814453125,65.95500183105469,65.83999633789062,65.92500305175781,1123952
2025-09-26 17:30:00+00:00,65.59500122070312,65.92500305175781,65.53500366210938,65.92500305175781,2961253
2025-09-26 18:30:00+00:00,65.51000213623047,65.68000030517578,65.51000213623047,65.58999633789062,1800835
2025-09-26 19:30:00+00:00,65.6449966430664,65.7300033569336,65.5,65.51000213623047,3442647
2025-09-29 13:30:00+00:00,65.66000366210938,65.80000305175781,65.35379791259766,65.66999816894531,2834639
2025-09-29 14:30:00+00:00,65.94000244140625,66.0250015258789,65.65570068359375,65.66000366210938,1712071
2025-09-29 15:30:00+00:00,66.05500030517578,66.08999633789062,65.875,65.93499755859375,1491977
2025-09-29 16:30:00+00:00,65.86000061035156,66.08000183105469,65.84500122070312,66.05500030517578,941058
2025-09-29 17:30:00+00:00,65.85009765625,65.91000366210938,65.77999877929688,65.8550033569336,933700
2025-09-29 18:30:00+00:00,66.04499816894531,66.05000305175781,65.83000183105469,65.86000061035156,1043203
2025-09-29 19:30:00+00:00,66.05500030517578,66.0999984741211,65.99500274658203,66.05000305175781,1461997
2025-09-30 13:30:00+00:00,66.375,66.41699981689453,65.96009826660156,66.06999969482422,2176936
2025-09-30 14:30:00+00:00,66.44499969482422,66.4800033569336,66.31999969482422,66.375,1456187
2025-09-30 15:30:00+00:00,66.42500305175781,66.4749984741211,66.30000305175781,66.44499969482422,966847
2025-09-30 16:30:00+00:00,66.57499694824219,66.5999984741211,66.41000366210938,66.42250061035156,885453
2025-09-30 17:30:00+00:00,66.57499694824219,66.63999938964844,66.5199966430664,66.58000183105469,1070351
2025-09-30 18:30:00+00:00,66.41500091552734,66.58000183105469,66.4000015258789,66.57499694824219,1070616
2025-09-30 19:30:00+00:00,66.32499694824219,66.45500183105469,66.30500030517578,66.41799926757812,1835279
2025-10-01 13:30:00+00:00,66.65499877929688,66.83000183105469,66.4000015258789,66.50499725341797,3534387
2025-10-01 14:30:00+00:00,66.68499755859375,66.81999969482422,66.52420043945312,66.65499877929688,2037997
2025-10-01 15:30:00+00:00,66.39070129394531,66.69499969482422,66.36000061035156,66.69000244140625,880395
2025-10-01 16:30:00+00:00,66.38069915771484,66.43000030517578,66.29000091552734,66.3949966430664,879355
2025-10-01 17:30:00+00:00,66.66500091552734,66.69000244140625,66.375,66.38500213623047,852802
2025-10-01 18:30:00+00:00,66.625,66.67500305175781,66.5250015258789,66.66999816894531,1144269
2025-10-01 19:30:00+00:00,66.7699966430664,66.80000305175781,66.59500122070312,66.625,1893385
2025-10-02 13:30:00+00:00,66.29499816894531,66.6500015258789,66.13999938964844,66.5250015258789,3056408
2025-10-02 14:30:00+00:00,66.31500244140625,66.53500366210938,66.27999877929688,66.29499816894531,1470137
2025-10-02 15:30:00+00:00,65.95500183105469,66.31649780273438,65.875,66.31500244140625,2254586
2025-10-02 16:30:00+00:00,65.94499969482422,66.05999755859375,65.86000061035156,65.95500183105469,1102349
2025-10-02 17:30:00+00:00,66.06500244140625,66.06649780273438,65.92500305175781,65.94999694824219,931151
2025-10-02 18:30:00+00:00,65.95010375976562,66.08499908447266,65.93000030517578,66.06800079345703,1070319
2025-10-02 19:30:00+00:00,66.11499786376953,66.13999938964844,65.9000015258789,65.95500183105469,2127054
2025-10-03 13:30:00+00:00,66.57499694824219,66.68000030517578,66.04000091552734,66.0999984741211,2557448
2025-10-03 14:30:00+00:00,66.5250015258789,66.66999816894531,66.44999694824219,66.57250213623047,1371751
2025-10-03 15:30:00+00:00,66.69999694824219,66.82499694824219,66.49099731445312,66.52999877929688,1202603
2025-10-03 16:30:00+00:00,66.74500274658203,66.80000305175781,66.69000244140625,66.70500183105469,783783
2025-10-03 17:30:00+00:00,66.82379913330078,66.98500061035156,66.71900177001953,66.7499008178711,1134071
2025-10-03 18:30:00+00:00,66.80500030517578,66.92739868164062,66.7699966430664,66.81999969482422,880231
2025-10-03 19:30:00+00:00,66.65499877929688,66.9000015258789,66.62999725341797,66.80500030517578,1351460
2025-10-06 13:30:00+00:00,66.16670227050781,66.5,65.88500213623047,66.48999786376953,3189059
2025-10-06 14:30:00+00:00,65.9800033569336,66.20500183105469,65.97019958496094,66.16500091552734,1421252
2025-10-06 15:30:00+00:00,65.94499969482422,66.05500030517578,65.91000366210938,65.98500061035156,1241785
2025-10-06 16:30:00+00:00,65.91500091552734,66.00499725341797,65.9000015258789,65.9458999633789,1067617
2025-10-06 17:30:00+00:00,65.9749984741211,66.0250015258789,65.9000015258789,65.91649627685547,1535198
2025-10-06 18:30:00+00:00,65.91500091552734,65.9786376953125,65.83999633789062,65.9749984741211,1396490
2025-10-06 19:30:00+00:00,66.08499908447266,66.12999725341797,65.91000366210938,65.91000366210938,2286927
2025-10-07 13:30:00+00:00,66.36000061035156,66.44999694824219,65.87000274658203,66.2249984741211,2656863
2025-10-07 14:30:00+00:00,66.82499694824219,66.8550033569336,66.30000305175781,66.36499786376953,1702296
2025-10-07 15:30:00+00:00,67.16500091552734,67.26000213623047,66.81500244140625,66.82499694824219,2290955
2025-10-07 16:30:00+00:00,67.03500366210938,67.18000030517578,66.95999908447266,67.16500091552734,1121526
2025-10-07 17:30:00+00:00,66.8949966430664,67.05000305175781,66.875,67.0342025756836,838270
2025-10-07 18:30:00+00:00,66.77999877929688,66.9000015258789,66.7300033569336,66.89559936523438,1031371
2025-10-07 19:30:00+00:00,66.80000305175781,66.83000183105469,66.68499755859375,66.77999877929688,1568262
2025-10-08 13:30:00+00:00,66.2699966430664,66.87000274658203,66.19999694824219,66.66500091552734,2542959
2025-10-08 14:30:00+00:00,66.27999877929688,66.32550048828125,66.16500091552734,66.27999877929688,1096697
2025-10-08 15:30:00+00:00,66.2300033569336,66.28500366210938,66.11000061035156,66.28500366210938,1001854
2025-10-08 16:30:00+00:00,66.18499755859375,66.24500274658203,66.11499786376953,66.2249984741211,688260
2025-10-08 17:30:00+00:00,66.18699645996094,66.22000122070312,66.08000183105469,66.18379974365234,871513
2025-10-08 18:30:00+00:00,66.08979797363281,66.19499969482422,66.08000183105469,66.18499755859375,1036461
2025-10-08 19:30:00+00:00,66.12000274658203,66.18000030517578,66.05999755859375,66.08499908447266,1793939
2025-10-09 13:30:00+00:00,66.48999786376953,66.58999633789062,66.12000274658203,66.29000091552734,2434262
2025-10-09 14:30:00+00:00,66.6050033569336,66.80000305175781,66.48999786376953,66.48999786376953,1576627
2025-10-09 15:30:00+00:00,66.2249984741211,66.66999816894531,66.16999816894531,66.61000061035156,1503944
2025-10-09 16:30:00+00:00,66.36000061035156,66.4198989868164,66.19000244140625,66.22000122070312,1087915
2025-10-09 17:30:00+00:00,66.2249984741211,66.41000366210938,66.1500015258789,66.36499786376953,877677
2025-10-09 18:30:00+00:00,66.29499816894531,66.30999755859375,66.16999816894531,66.22000122070312,1000430
2025-10-09 19:30:00+00:00,66.37000274658203,66.41000366210938,66.26000213623047,66.29499816894531,1782189
2025-10-10 13:30:00+00:00,66.77999877929688,67.0,66.375,66.5199966430664,2914046
2025-10-10 14:30:00+00:00,67.12000274658203,67.3499984741211,66.55500030517578,66.77999877929688,3016647
2025-10-10 15:30:00+00:00,66.88500213623047,67.3949966430664,66.80500030517578,67.11000061035156,1735189
2025-10-10 16:30:00+00:00,67.0011978149414,67.1449966430664,66.875,66.88500213623047,1075353
2025-10-10 17:30:00+00:00,67.0250015258789,67.06500244140625,66.88500213623047,67.01000213623047,1455912
2025-10-10 18:30:00+00:00,67.04499816894531,67.0999984741211,66.91010284423828,67.0250015258789,1233281
2025-10-10 19:30:00+00:00,67.05500030517578,67.25,66.98999786376953,67.05000305175781,3435777
2025-10-13 13:30:00+00:00,66.2750015258789,66.80000305175781,66.0,66.2300033569336,3014701
2025-10-13 14:30:00+00:00,66.68000030517578,66.68000030517578,66.22000122070312,66.2699966430664,1848461
2025-10-13 15:30:00+00:00,66.5250015258789,66.69499969482422,66.4749984741211,66.67500305175781,1146233
2025-10-13 16:30:00+00:00,66.61509704589844,66.70999908447266,66.49500274658203,66.5199966430664,1510831
2025-10-13 17:30:00+00:00,66.57499694824219,66.70790100097656,66.5199966430664,66.61499786376953,1040655
2025-10-13 18:30:00+00:00,66.71499633789062,66.72000122070312,66.51000213623047,66.57499694824219,1425500
2025-10-13 19:30:00+00:00,66.79000091552734,66.80000305175781,66.66999816894531,66.71900177001953,1914255
2025-10-14 13:30:00+00:00,67.17500305175781,67.33499908447266,66.75,66.87000274658203,2911928
2025-10-14 14:30:00+00:00,66.94499969482422,67.2699966430664,66.9000015258789,67.17500305175781,1887332
2025-10-14 15:30:00+00:00,66.96499633789062,67.0250015258789,66.74500274658203,66.94499969482422,1681108
2025-10-14 16:30:00+00:00,67.24400329589844,67.24500274658203,66.96499633789062,66.96499633789062,946938
2025-10-14 17:30:00+00:00,67.2750015258789,67.31999969482422,67.15019989013672,67.24500274658203,930364
2025-10-14 18:30:00+00:00,67.36499786376953,67.38999938964844,67.21499633789062,67.2750015258789,1153404
2025-10-14 19:30:00+00:00,67.5250015258789,67.56999969482422,67.27760314941406,67.36419677734375,1848035
2025-10-15 13:30:00+00:00,67.625,67.72000122070312,67.12000274658203,67.26499938964844,1828490
2025-10-15 14:30:00+00:00,67.31500244140625,67.69499969482422,67.29499816894531,67.625,1438536
2025-10-15 15:30:00+00:00,67.36499786376953,67.41000366210938,67.1449966430664,67.30999755859375,1066565
2025-10-15 16:30:00+00:00,67.19499969482422,67.42500305175781,67.16500091552734,67.36499786376953,750238
2025-10-15 17:30:00+00:00,67.17500305175781,67.37000274658203,67.16999816894531,67.19499969482422,978727
2025-10-15 18:30:00+00:00,67.02999877929688,67.20999908447266,67.00450134277344,67.18000030517578,1308034
2025-10-15 19:30:00+00:00,67.08999633789062,67.1050033569336,66.91999816894531,67.02999877929688,1732693
2025-10-16 13:30:00+00:00,67.55000305175781,67.62999725341797,67.16000366210938,67.17500305175781,2685899
2025-10-16 14:30:00+00:00,67.9749984741211,68.05000305175781,67.5250015258789,67.5530014038086,2807374
2025-10-16 15:30:00+00:00,67.80000305175781,68.1050033569336,67.75,67.9749984741211,2642206
2025-10-16 16:30:00+00:00,67.83499908447266,67.84500122070312,67.61000061035156,67.80999755859375,1275820
2025-10-16 17:30:00+00:00,67.58999633789062,67.8499984741211,67.56999969482422,67.83000183105469,1127421
2025-10-16 18:30:00+00:00,67.62799835205078,67.69999694824219,67.41000366210938,67.58439636230469,1130590
2025-10-16 19:30:00+00:00,67.57499694824219,67.71720123291016,67.52999877929688,67.625,1802352
2025-10-17 13:30:00+00:00,68.26499938964844,68.30000305175781,67.80000305175781,68.0,4335631
2025-10-17 14:30:00+00:00,68.13500213623047,68.2697982788086,67.93499755859375,68.26000213623047,1602553
2025-10-17 15:30:00+00:00,68.2750015258789,68.37999725341797,68.11150360107422,68.13500213623047,1342649
2025-10-17 16:30:00+00:00,68.20760345458984,68.30500030517578,68.12000274658203,68.2750015258789,874884
2025-10-17 17:30:00+00:00,68.375,68.38500213623047,68.125,68.20500183105469,844979
2025-10-17 18:30:00+00:00,68.42500305175781,68.45999908447266,68.30999755859375,68.375,1194677
2025-10-17 19:30:00+00:00,68.44999694824219,68.49500274658203,68.37999725341797,68.41999816894531,2062850
2025-10-20 13:30:00+00:00,68.03500366210938,68.4800033569336,67.91999816894531,68.42500305175781,2995106
2025-10-20 14:30:00+00:00,68.2969970703125,68.30999755859375,67.94999694824219,68.02999877929688,1802634
2025-10-20 15:30:00+00:00,68.44999694824219,68.47000122070312,68.25,68.29499816894531,1446297
2025-10-20 16:30:00+00:00,68.43499755859375,68.53500366210938,68.36000061035156,68.44840240478516,1182715
2025-10-20 17:30:00+00:00,68.34500122070312,68.57499694824219,68.2750015258789,68.44000244140625,1662115
2025-10-20 18:30:00+00:00,68.44499969482422,68.55000305175781,68.31500244140625,68.34500122070312,1755550
2025-10-20 19:30:00+00:00,68.45999908447266,68.63999938964844,68.41999816894531,68.44499969482422,3151589
2025-10-21 13:30:00+00:00,70.8949966430664,71.2300033569336,70.2300033569336,70.56500244140625,13715902
2025-10-21 14:30:00+00:00,70.7300033569336,70.99250030517578,70.41999816894531,70.8949966430664,3571613
2025-10-21 15:30:00+00:00,70.72000122070312,71.12000274658203,70.63999938964844,70.73860168457031,2735578
2025-10-21 16:30:00+00:00,71.07499694824219,71.07499694824219,70.62999725341797,70.72000122070312,2300541
2025-10-21 17:30:00+00:00,71.34500122070312,71.36000061035156,71.04280090332031,71.08000183105469,2349667
2025-10-21 18:30:00+00:00,70.9000015258789,71.38999938964844,70.6449966430664,71.34500122070312,2234087
2025-10-21 19:30:00+00:00,71.23999786376953,71.2699966430664,70.9000015258789,70.90499877929688,2953452
2025-10-22 13:30:00+00:00,71.33999633789062,71.5,70.51000213623047,71.36000061035156,4893345
2025-10-22 14:30:00+00:00,71.44999694824219,71.61499786376953,71.15499877929688,71.33000183105469,2893671
2025-10-22 15:30:00+00:00,71.21499633789062,71.56999969482422,71.19999694824219,71.44499969482422,1409554
2025-10-22 16:30:00+00:00,71.3949966430664,71.4749984741211,71.12000274658203,71.22000122070312,1203186
2025-10-22 17:30:00+00:00,71.06500244140625,71.41000366210938,71.04010009765625,71.39219665527344,1346836
2025-10-22 18:30:00+00:00,70.875,71.12000274658203,70.8499984741211,71.06500244140625,1406095
2025-10-22 19:30:00+00:00,70.77999877929688,70.93499755859375,70.69000244140625,70.875,1871298
2025-10-23 13:30:00+00:00,70.375,70.92870330810547,70.35150146484375,70.80999755859375,2511622
2025-10-23 14:30:00+00:00,70.03559875488281,70.41500091552734,69.87999725341797,70.37999725341797,1371447
2025-10-23 15:30:00+00:00,69.83999633789062,70.04499816894531,69.75,70.02999877929688,1082806
2025-10-23 16:30:00+00:00,69.93699645996094,69.94499969482422,69.7699966430664,69.83999633789062,1043687
2025-10-23 17:30:00+00:00,69.8499984741211,69.9469985961914,69.72000122070312,69.93499755859375,948887
2025-10-23 18:30:00+00:00,70.11499786376953,70.16000366210938,69.83999633789062,69.8499984741211,1450958
2025-10-23 19:30:00+00:00,69.94999694824219,70.12750244140625,69.93000030517578,70.11499786376953,2145604
2025-10-24 13:30:00+00:00,69.9749984741211,70.05000305175781,69.75499725341797,69.91000366210938,2690573
2025-10-24 14:30:00+00:00,69.83000183105469,70.0,69.7699966430664,69.9749984741211,1654903
2025-10-24 15:30:00+00:00,69.87999725341797,69.95500183105469,69.7249984741211,69.83499908447266,1348380
2025-10-24 16:30:00+00:00,69.87000274658203,69.92990112304688,69.78500366210938,69.875,1156899
2025-10-24 17:30:00+00:00,69.9800033569336,69.98500061035156,69.83000183105469,69.86509704589844,1250615
2025-10-24 18:30:00+00:00,69.79100036621094,70.02999877929688,69.7699966430664,69.97360229492188,1685596
2025-10-24 19:30:00+00:00,69.70999908447266,69.80580139160156,69.6449966430664,69.79000091552734,3021314
2025-10-27 13:30:00+00:00,69.45500183105469,69.77999877929688,69.30500030517578,69.77999877929688,2811580
2025-10-27 14:30:00+00:00,69.40499877929688,69.50499725341797,69.25,69.45500183105469,1390699
2025-10-27 15:30:00+00:00,69.48500061035156,69.56999969482422,69.38500213623047,69.4000015258789,1392409
2025-10-27 16:30:00+00:00,69.51000213623047,69.56999969482422,69.46499633789062,69.4800033569336,900523
2025-10-27 17:30:00+00:00,69.76000213623047,69.76000213623047,69.47000122070312,69.50499725341797,1151360
2025-10-27 18:30:00+00:00,69.92500305175781,69.94000244140625,69.7249984741211,69.75,1276522
2025-10-27 19:30:00+00:00,70.08000183105469,70.11499786376953,69.90249633789062,69.91999816894531,2200473
2025-10-28 13:30:00+00:00,70.5999984741211,70.62999725341797,69.94999694824219,70.04499816894531,2249658
2025-10-28 14:30:00+00:00,70.65499877929688,70.9000015258789,70.58999633789062,70.5999984741211,1613761
2025-10-28 15:30:00+00:00,70.6050033569336,70.79000091552734,70.50279998779297,70.66000366210938,1169789
2025-10-28 16:30:00+00:00,70.42500305175781,70.62999725341797,70.3949966430664,70.61000061035156,1039939
2025-10-28 17:30:00+00:00,70.29499816894531,70.43499755859375,70.15499877929688,70.43000030517578,1186685
2025-10-28 18:30:00+00:00,70.33439636230469,70.36499786376953,70.12439727783203,70.29499816894531,1135938
2025-10-28 19:30:00+00:00,70.18000030517578,70.3499984741211,70.1449966430664,70.33000183105469,1553213
2025-10-29 13:30:00+00:00,68.96499633789062,70.02999877929688,68.8550033569336,69.91999816894531,3340501
2025-10-29 14:30:00+00:00,68.5374984741211,69.0,68.4800033569336,68.97000122070312,2063837
2025-10-29 15:30:00+00:00,68.37000274658203,68.6050033569336,68.31999969482422,68.54000091552734,1904970
2025-10-29 16:30:00+00:00,68.27999877929688,68.47000122070312,68.15499877929688,68.375,1489889
2025-10-29 17:30:00+00:00,68.41999816894531,68.44499969482422,68.2300033569336,68.28800201416016,1651871
2025-10-29 18:30:00+00:00,68.45500183105469,68.58000183105469,68.30999755859375,68.42990112304688,2842923
2025-10-29 19:30:00+00:00,68.38500213623047,68.53500366210938,68.29000091552734,68.45580291748047,2800055
2025-10-30 13:30:00+00:00,69.13999938964844,69.2750015258789,68.38719940185547,68.44999694824219,3042814
2025-10-30 14:30:00+00:00,69.01000213623047,69.29000091552734,69.0,69.13600158691406,1609258
2025-10-30 15:30:00+00:00,69.03500366210938,69.09500122070312,68.88500213623047,69.01499938964844,1129191
2025-10-30 16:30:00+00:00,68.83999633789062,69.08000183105469,68.7750015258789,69.03768157958984,1122794
2025-10-30 17:30:00+00:00,68.83350372314453,68.875,68.69000244140625,68.8499984741211,856037
2025-10-30 18:30:00+00:00,69.01499938964844,69.02999877929688,68.80000305175781,68.83499908447266,1224568
2025-10-30 19:30:00+00:00,68.97000122070312,69.11000061035156,68.86499786376953,69.01000213623047,2390812
2025-10-31 13:30:00+00:00,68.57499694824219,68.66000366210938,67.90010070800781,68.54499816894531,2410412
2025-10-31 14:30:00+00:00,68.4800033569336,68.6500015258789,68.30000305175781,68.58000183105469,1788343
2025-10-31 15:30:00+00:00,68.83499908447266,68.83499908447266,68.4749984741211,68.48999786376953,1211135
2025-10-31 16:30:00+00:00,68.68000030517578,68.95999908447266,68.67500305175781,68.83000183105469,1364656
2025-10-31 17:30:00+00:00,68.79000091552734,68.91999816894531,68.66110229492188,68.67500305175781,1147347
2025-10-31 18:30:00+00:00,68.93499755859375,68.94999694824219,68.76000213623047,68.78500366210938,1177737
2025-10-31 19:30:00+00:00,68.90499877929688,69.06999969482422,68.8499984741211,68.94000244140625,2514886
2025-11-03 14:30:00+00:00,67.95999908447266,68.88999938964844,67.95999908447266,68.80000305175781,2570329
2025-11-03 15:30:00+00:00,67.98999786376953,67.99500274658203,67.66000366210938,67.95999908447266,2175534
2025-11-03 16:30:00+00:00,67.875,68.08999633789062,67.86000061035156,67.99500274658203,1463129
2025-11-03 17:30:00+00:00,67.72000122070312,67.875,67.68499755859375,67.875,1341142
2025-11-03 18:30:00+00:00,67.94499969482422,68.01000213623047,67.71499633789062,67.72139739990234,1347347
2025-11-03 19:30:00+00:00,68.08999633789062,68.11969757080078,67.87999725341797,67.94999694824219,1541234
2025-11-03 20:30:00+00:00,67.98500061035156,68.11499786376953,67.95999908447266,68.08499908447266,2564250
2025-11-04 14:30:00+00:00,68.51000213623047,68.55999755859375,68.16999816894531,68.47000122070312,2997246
2025-11-04 15:30:00+00:00,68.56500244140625,68.69499969482422,68.4800033569336,68.5,1639153
2025-11-04 16:30:00+00:00,68.33499908447266,68.6500015258789,68.31999969482422,68.56500244140625,1138981
2025-11-04 17:30:00+00:00,68.28839874267578,68.3499984741211,68.16000366210938,68.33499908447266,1111398
2025-11-04 18:30:00+00:00,68.31639862060547,68.37999725341797,68.19999694824219,68.28500366210938,962409
2025-11-04 19:30:00+00:00,68.58550262451172,68.61000061035156,68.28500366210938,68.30999755859375,1009385
2025-11-04 20:30:00+00:00,68.67500305175781,68.7300033569336,68.54000091552734,68.58999633789062,1685449
2025-11-05 14:30:00+00:00,68.42500305175781,68.83000183105469,68.4000015258789,68.66000366210938,1813450
2025-11-05 15:30:00+00:00,68.38999938964844,68.59500122070312,68.26499938964844,68.43000030517578,1033218
2025-11-05 16:30:00+00:00,68.4749984741211,68.54499816894531,68.30999755859375,68.38999938964844,1024820
2025-11-05 17:30:00+00:00,68.32499694824219,68.48999786376953,68.31999969482422,68.4749984741211,837930
2025-11-05 18:30:00+00:00,68.31439971923828,68.33999633789062,68.17500305175781,68.32340240478516,803734
2025-11-05 19:30:00+00:00,68.34500122070312,68.41500091552734,68.29499816894531,68.31500244140625,941180
2025-11-05 20:30:00+00:00,68.49500274658203,68.63999938964844,68.31999969482422,68.3499984741211,2659614
2025-11-06 14:30:00+00:00,68.3499984741211,68.45999908447266,67.91999816894531,68.30000305175781,2820166
2025-11-06 15:30:00+00:00,68.86499786376953,68.94000244140625,68.34010314941406,68.34500122070312,1932679
2025-11-06 16:30:00+00:00,69.0,69.05000305175781,68.81999969482422,68.87000274658203,1308363
2025-11-06 17:30:00+00:00,68.70999908447266,69.0250015258789,68.62137603759766,69.0,805488
2025-11-06 18:30:00+00:00,68.68499755859375,68.81999969482422,68.6500015258789,68.71649932861328,916593
2025-11-06 19:30:00+00:00,68.97000122070312,68.9800033569336,68.63099670410156,68.68499755859375,1260624
2025-11-06 20:30:00+00:00,69.08000183105469,69.13500213623047,68.88500213623047,68.97000122070312,3542245
2025-11-07 14:30:00+00:00,70.34500122070312,70.58499908447266,69.41000366210938,69.80999755859375,5903242
2025-11-07 15:30:00+00:00,70.66500091552734,70.8499984741211,70.2300033569336,70.34500122070312,2709975
2025-11-07 16:30:00+00:00,70.49500274658203,70.87000274658203,70.41999816894531,70.66999816894531,2178872
2025-11-07 17:30:00+00:00,70.32499694824219,70.6969985961914,70.30500030517578,70.48999786376953,1850297
2025-11-07 18:30:00+00:00,70.50499725341797,70.52999877929688,70.31999969482422,70.32499694824219,2506318
2025-11-07 19:30:00+00:00,70.6050033569336,70.62000274658203,70.37999725341797,70.51000213623047,2565824
2025-11-07 20:30:00+00:00,70.55500030517578,70.62999725341797,70.48500061035156,70.61000061035156,3741435
2025-11-10 14:30:00+00:00,69.55500030517578,70.24500274658203,69.5,70.01000213623047,3500282
2025-11-10 15:30:00+00:00,69.82499694824219,70.12000274658203,69.44000244140625,69.55500030517578,1945158
2025-11-10 16:30:00+00:00,69.9800033569336,69.98500061035156,69.58499908447266,69.82499694824219,1873046
2025-11-10 17:30:00+00:00,70.01000213623047,70.02999877929688,69.83999633789062,69.9800033569336,1280167
2025-11-10 18:30:00+00:00,70.25499725341797,70.29499816894531,70.01499938964844,70.01499938964844,817519
2025-11-10 19:30:00+00:00,70.44999694824219,70.5250015258789,70.19499969482422,70.25,1064029
2025-11-10 20:30:00+00:00,70.5199966430664,70.66000366210938,70.45999908447266,70.45999908447266,1773575
2025-11-11 14:30:00+00:00,70.91999816894531,71.0,70.66000366210938,71.0,2308545
2025-11-11 15:30:00+00:00,71.25,71.29499816894531,70.7699966430664,70.91999816894531,2161969
2025-11-11 16:30:00+00:00,71.32499694824219,71.45999908447266,71.19999694824219,71.25499725341797,1544365
2025-11-11 17:30:00+00:00,71.50499725341797,71.54000091552734,71.2699966430664,71.31999969482422,1247374
2025-11-11 18:30:00+00:00,71.67500305175781,71.69000244140625,71.38999938964844,71.50499725341797,1778150
2025-11-11 19:30:00+00:00,71.62000274658203,71.69000244140625,71.57499694824219,71.67572021484375,1731112
2025-11-11 20:30:00+00:00,71.6449966430664,71.75,71.54499816894531,71.61499786376953,2705344
2025-11-12 14:30:00+00:00,71.62000274658203,71.81500244140625,71.33999633789062,71.48999786376953,2368495
2025-11-12 15:30:00+00:00,71.75,71.88999938964844,71.5999984741211,71.62449645996094,1270639
2025-11-12 16:30:00+00:00,71.69499969482422,71.80000305175781,71.5999984741211,71.75499725341797,1166837
2025-11-12 17:30:00+00:00,71.71499633789062,71.7699966430664,71.5999984741211,71.69000244140625,1270604
2025-11-12 18:30:00+00:00,71.71440124511719,71.81999969482422,71.61000061035156,71.70999908447266,1420168
2025-11-12 19:30:00+00:00,71.66999816894531,71.74500274658203,71.63500213623047,71.71499633789062,1059822
2025-11-12 20:30:00+00:00,71.54000091552734,71.71499633789062,71.54000091552734,71.66999816894531,2276667
2025-11-13 14:30:00+00:00,71.25509643554688,71.54000091552734,71.0199966430664,71.41500091552734,2466529
2025-11-13 15:30:00+00:00,71.25,71.38999938964844,71.08000183105469,71.25,1778119
2025-11-13 16:30:00+00:00,71.45500183105469,71.48999786376953,71.22000122070312,71.24500274658203,1211951
2025-11-13 17:30:00+00:00,71.61000061035156,71.6449966430664,71.40499877929688,71.44999694824219,1027279
2025-11-13 18:30:00+00:00,71.42500305175781,71.6675033569336,71.38500213623047,71.6050033569336,1020532
2025-11-13 19:30:00+00:00,71.37999725341797,71.47000122070312,71.28500366210938,71.43000030517578,1089961
2025-11-13 20:30:00+00:00,71.08999633789062,71.41000366210938,71.0,71.375,2421990
2025-11-14 14:30:00+00:00,70.87999725341797,71.63999938964844,70.73999786376953,71.40499877929688,3203448
2025-11-14 15:30:00+00:00,70.69499969482422,70.9800033569336,70.62999725341797,70.875,1113550
2025-11-14 16:30:00+00:00,70.76580047607422,70.80000305175781,70.5999984741211,70.69000244140625,1115276
2025-11-14 17:30:00+00:00,70.80999755859375,70.98500061035156,70.76000213623047,70.76499938964844,682137
2025-11-14 18:30:00+00:00,70.8949966430664,70.96859741210938,70.76499938964844,70.80449676513672,1279179
2025-11-14 19:30:00+00:00,70.93499755859375,71.06500244140625,70.87000274658203,70.88999938964844,945838
2025-11-14 20:30:00+00:00,71.16000366210938,71.16999816894531,70.90460205078125,70.93000030517578,2060450
2025-11-17 14:30:00+00:00,71.23500061035156,71.5250015258789,70.87999725341797,71.19999694824219,2068848
2025-11-17 15:30:00+00:00,71.03500366210938,71.32499694824219,70.95999908447266,71.23500061035156,1225259
2025-11-17 16:30:00+00:00,71.23500061035156,71.30999755859375,71.0250015258789,71.03500366210938,815102
2025-11-17 17:30:00+00:00,71.23500061035156,71.23999786376953,71.06500244140625,71.23999786376953,818521
2025-11-17 18:30:00+00:00,71.256103515625,71.34500122070312,71.16500091552734,71.23999786376953,901899
2025-11-17 19:30:00+00:00,70.99009704589844,71.26029968261719,70.94499969482422,71.25499725341797,1167935
2025-11-17 20:30:00+00:00,70.68000030517578,71.03669738769531,70.62000274658203,70.99009704589844,1993889
2025-11-18 14:30:00+00:00,71.00499725341797,71.25,70.58999633789062,70.98999786376953,2511109
2025-11-18 15:30:00+00:00,70.7300033569336,71.0250015258789,70.6520004272461,71.00499725341797,1559129
2025-11-18 16:30:00+00:00,71.04550170898438,71.09500122070312,70.56999969482422,70.7300033569336,1171793
2025-11-18 17:30:00+00:00,71.22000122070312,71.2300033569336,70.94000244140625,71.04000091552734,966362
2025-11-18 18:30:00+00:00,71.2300033569336,71.29499816894531,71.16999816894531,71.22000122070312,862609
2025-11-18 19:30:00+00:00,71.23650360107422,71.30999755859375,71.12999725341797,71.23500061035156,1073205
2025-11-18 20:30:00+00:00,71.23999786376953,71.33999633789062,71.16999816894531,71.23500061035156,2181072
2025-11-19 14:30:00+00:00,70.99500274658203,71.23999786376953,70.81430053710938,71.19999694824219,1979438
2025-11-19 15:30:00+00:00,70.92500305175781,71.13500213623047,70.9000015258789,70.99449920654297,1104044
2025-11-19 16:30:00+00:00,71.38500213623047,71.44499969482422,70.9000015258789,70.92500305175781,1217520
2025-11-19 17:30:00+00:00,71.38999938964844,71.44000244140625,71.2699966430664,71.37999725341797,1007462
2025-11-19 18:30:00+00:00,71.15499877929688,71.44000244140625,71.11499786376953,71.3949966430664,1154711
2025-11-19 19:30:00+00:00,71.1050033569336,71.2300033569336,71.00499725341797,71.1500015258789,1451585
2025-11-19 20:30:00+00:00,71.11499786376953,71.23999786376953,71.05999755859375,71.0999984741211,2056312
2025-11-20 14:30:00+00:00,70.6449966430664,71.1050033569336,70.61000061035156,70.94999694824219,2956138
2025-11-20 15:30:00+00:00,70.93000030517578,70.97930145263672,70.62000274658203,70.63999938964844,1691465
2025-11-20 16:30:00+00:00,71.05500030517578,71.25499725341797,70.87999725341797,70.93000030517578,1678428
2025-11-20 17:30:00+00:00,71.13999938964844,71.2300033569336,70.875,71.05999755859375,1262420
2025-11-20 18:30:00+00:00,71.28500366210938,71.375,71.0,71.13999938964844,1025464
2025-11-20 19:30:00+00:00,71.3499984741211,71.43499755859375,71.2300033569336,71.28500366210938,1312783
2025-11-20 20:30:00+00:00,71.22000122070312,71.4800033569336,71.19000244140625,71.3550033569336,2259370
2025-11-21 14:30:00+00:00,72.82499694824219,72.84500122070312,71.48500061035156,71.68000030517578,5546157
2025-11-21 15:30:00+00:00,72.63500213623047,73.19000244140625,72.49500274658203,72.81999969482422,3813358
2025-11-21 16:30:00+00:00,72.72000122070312,72.87999725341797,72.58000183105469,72.62999725341797,2141962
2025-11-21 17:30:00+00:00,73.00499725341797,73.06999969482422,72.71499633789062,72.72000122070312,1919672
2025-11-21 18:30:00+00:00,73.0199966430664,73.13999938964844,72.91999816894531,73.00499725341797,2396533
2025-11-21 19:30:00+00:00,72.88500213623047,73.16000366210938,72.80000305175781,73.0199966430664,2618341
2025-11-21 20:30:00+00:00,72.97000122070312,73.11499786376953,72.88500213623047,72.88500213623047,3683426
2025-11-24 14:30:00+00:00,71.73500061035156,73.16000366210938,71.56999969482422,73.16000366210938,5336075
2025-11-24 15:30:00+00:00,71.83999633789062,72.05999755859375,71.58999633789062,71.73500061035156,1711301
2025-11-24 16:30:00+00:00,72.05999755859375,72.06580352783203,71.80999755859375,71.83999633789062,1425620
2025-11-24 17:30:00+00:00,72.09989929199219,72.12000274658203,71.90499877929688,72.05000305175781,981979
2025-11-24 18:30:00+00:00,72.07499694824219,72.2300033569336,71.98999786376953,72.08999633789062,990204
2025-11-24 19:30:00+00:00,72.08999633789062,72.0999984741211,71.93000030517578,72.07499694824219,1332478
2025-11-24 20:30:00+00:00,72.55999755859375,72.80999755859375,72.07499694824219,72.08999633789062,6903831
2025-11-25 14:30:00+00:00,72.625,72.92500305175781,72.54000091552734,72.79499816894531,2686379
2025-11-25 15:30:00+00:00,72.28500366210938,72.71499633789062,72.26000213623047,72.62000274658203,1928717
2025-11-25 16:30:00+00:00,72.52200317382812,72.5250015258789,72.26000213623047,72.29000091552734,1669269
2025-11-25 17:30:00+00:00,72.26830291748047,72.54930114746094,72.25499725341797,72.52999877929688,1088456
2025-11-25 18:30:00+00:00,72.31999969482422,72.32499694824219,72.1395034790039,72.26000213623047,1056305
2025-11-25 19:30:00+00:00,72.3550033569336,72.47000122070312,72.30500030517578,72.31500244140625,1118341
2025-11-25 20:30:00+00:00,72.6050033569336,72.62000274658203,72.31500244140625,72.3499984741211,2190639
2025-11-26 14:30:00+00:00,72.69999694824219,72.73500061035156,72.38999938964844,72.5999984741211,1993551
2025-11-26 15:30:00+00:00,72.7300033569336,72.88500213623047,72.6635971069336,72.69499969482422,1083753
2025-11-26 16:30:00+00:00,72.87000274658203,73.0199966430664,72.70999908447266,72.72000122070312,794236
2025-11-26 17:30:00+00:00,72.8949966430664,72.91000366210938,72.72000122070312,72.86499786376953,672730
2025-11-26 18:30:00+00:00,72.94499969482422,72.96499633789062,72.80999755859375,72.88999938964844,1154874
2025-11-26 19:30:00+00:00,72.95960235595703,72.96499633789062,72.87000274658203,72.94499969482422,856711
2025-11-26 20:30:00+00:00,72.87999725341797,73.08499908447266,72.87999725341797,72.95500183105469,1803736
2025-11-28 14:30:00+00:00,73.05999755859375,73.2300033569336,72.83000183105469,73.0,2062125
2025-11-28 15:30:00+00:00,72.91000366210938,73.0999984741211,72.76000213623047,73.05999755859375,1318036
2025-11-28 16:30:00+00:00,72.91500091552734,73.0250015258789,72.875,72.90010070800781,981543
2025-12-01 14:30:00+00:00,72.28500366210938,72.90499877929688,72.2249984741211,72.5999984741211,2641622
2025-12-01 15:30:00+00:00,72.28500366210938,72.3550033569336,72.1050033569336,72.30000305175781,1455400
2025-12-01 16:30:00+00:00,72.05500030517578,72.31500244140625,71.99500274658203,72.28500366210938,1837626
2025-12-01 17:30:00+00:00,72.16500091552734,72.2249984741211,72.0199966430664,72.05000305175781,1000116
2025-12-01 18:30:00+00:00,72.21499633789062,72.23289489746094,72.06500244140625,72.16999816894531,1062626
2025-12-01 19:30:00+00:00,72.12999725341797,72.2300033569336,72.08000183105469,72.21499633789062,1066076
2025-12-01 20:30:00+00:00,72.0,72.21499633789062,71.93000030517578,72.125,2496604
2025-12-02 14:30:00+00:00,70.94499969482422,71.80000305175781,70.9354019165039,71.80000305175781,2962465
2025-12-02 15:30:00+00:00,71.03500366210938,71.08000183105469,70.66000366210938,70.94000244140625,2380204
2025-12-02 16:30:00+00:00,70.7249984741211,71.06999969482422,70.54000091552734,71.02999877929688,2480342
2025-12-02 17:30:00+00:00,70.58499908447266,70.80989837646484,70.47000122070312,70.7300033569336,1301421
2025-12-02 18:30:00+00:00,70.51499938964844,70.63999938964844,70.43000030517578,70.58499908447266,1040906
2025-12-02 19:30:00+00:00,70.6500015258789,70.69499969482422,70.47000122070312,70.51499938964844,1255251
2025-12-02 20:30:00+00:00,70.66000366210938,70.80000305175781,70.61000061035156,70.6500015258789,2805823
2025-12-03 14:30:00+00:00,70.99500274658203,71.4000015258789,70.75499725341797,70.87999725341797,3983411
2025-12-03 15:30:00+00:00,70.96499633789062,71.1449966430664,70.79499816894531,71.0,1307652
2025-12-03 16:30:00+00:00,70.88999938964844,71.04499816894531,70.86000061035156,70.97000122070312,987002
2025-12-03 17:30:00+00:00,70.9000015258789,70.91500091552734,70.7300033569336,70.8949966430664,921820
2025-12-03 18:30:00+00:00,70.875,70.94499969482422,70.73999786376953,70.90989685058594,891266
2025-12-03 19:30:00+00:00,70.625,70.9000015258789,70.61499786376953,70.875,1274454
2025-12-03 20:30:00+00:00,70.80999755859375,70.80999755859375,70.61000061035156,70.625,2390379
2025-12-04 14:30:00+00:00,70.80500030517578,71.33999633789062,70.80500030517578,70.83000183105469,3283392
2025-12-04 15:30:00+00:00,70.69499969482422,70.90499877929688,70.61499786376953,70.80500030517578,1638112
2025-12-04 16:30:00+00:00,70.69000244140625,70.7249984741211,70.57499694824219,70.69999694824219,1034049
2025-12-04 17:30:00+00:00,70.73500061035156,70.76000213623047,70.61000061035156,70.69000244140625,856558
2025-12-04 18:30:00+00:00,70.52010345458984,70.73999786376953,70.5199966430664,70.73989868164062,792158
2025-12-04 19:30:00+00:00,70.52999877929688,70.59500122070312,70.44999694824219,70.5250015258789,1041362
2025-12-04 20:30:00+00:00,70.44999694824219,70.57820129394531,70.37010192871094,70.5199966430664,2345609
2025-12-05 14:30:00+00:00,70.55500030517578,70.70999908447266,70.22239685058594,70.31500244140625,1932876
2025-12-05 15:30:00+00:00,70.51499938964844,70.65499877929688,70.45999908447266,70.55999755859375,1474442
2025-12-05 16:30:00+00:00,70.16500091552734,70.54000091552734,70.12000274658203,70.51499938964844,1305278
2025-12-05 17:30:00+00:00,69.98500061035156,70.17500305175781,69.95999908447266,70.16999816894531,1490711
2025-12-05 18:30:00+00:00,70.07499694824219,70.16500091552734,69.98500061035156,69.98500061035156,1065059
2025-12-05 19:30:00+00:00,70.08999633789062,70.12999725341797,69.9800033569336,70.07499694824219,1319616
2025-12-05 20:30:00+00:00,69.9749984741211,70.08999633789062,69.87349700927734,70.08499908447266,2570325
2025-12-08 14:30:00+00:00,70.11000061035156,70.23500061035156,69.48999786376953,69.83999633789062,2978797
2025-12-08 15:30:00+00:00,70.08999633789062,70.26000213623047,69.91500091552734,70.11499786376953,1674432
2025-12-08 16:30:00+00:00,69.92350006103516,70.33999633789062,69.88500213623047,70.09500122070312,1201006
2025-12-08 17:30:00+00:00,70.13999938964844,70.17500305175781,69.8949966430664,69.92500305175781,959541
2025-12-08 18:30:00+00:00,70.15499877929688,70.23500061035156,70.06500244140625,70.13999938964844,955198
2025-12-08 19:30:00+00:00,70.21499633789062,70.31999969482422,70.09500122070312,70.16000366210938,1791215
2025-12-08 20:30:00+00:00,70.28500366210938,70.37999725341797,70.1449966430664,70.20999908447266,2332802
2025-12-09 14:30:00+00:00,70.32499694824219,70.625,70.30500030517578,70.37000274658203,1656202
2025-12-09 15:30:00+00:00,70.36499786376953,70.53500366210938,70.13500213623047,70.32499694824219,1370968
2025-12-09 16:30:00+00:00,70.125,70.41500091552734,70.12000274658203,70.36499786376953,800749
2025-12-09 17:30:00+00:00,69.98500061035156,70.13999938964844,69.97000122070312,70.125,914305
2025-12-09 18:30:00+00:00,69.9749984741211,70.0199966430664,69.83000183105469,69.98999786376953,918380
2025-12-09 19:30:00+00:00,70.03500366210938,70.05999755859375,69.86000061035156,69.9749984741211,1191467
2025-12-09 20:30:00+00:00,70.11499786376953,70.12000274658203,69.98999786376953,70.03500366210938,2134396
2025-12-10 14:30:00+00:00,70.12999725341797,70.52999877929688,70.06999969482422,70.38999938964844,1949645
2025-12-10 15:30:00+00:00,70.12000274658203,70.29000091552734,69.98500061035156,70.13500213623047,1321142
2025-12-10 16:30:00+00:00,69.94000244140625,70.16500091552734,69.87999725341797,70.12000274658203,1127284
2025-12-10 17:30:00+00:00,70.0999984741211,70.16000366210938,69.8949966430664,69.94499969482422,1297243
2025-12-10 18:30:00+00:00,69.9718017578125,70.13999938964844,69.88500213623047,70.09500122070312,1288760
2025-12-10 19:30:00+00:00,69.86499786376953,70.0999984741211,69.77999877929688,69.9800033569336,1871553
2025-12-10 20:30:00+00:00,70.2249984741211,70.33000183105469,69.8550033569336,69.86499786376953,3093639
2025-12-11 14:30:00+00:00,69.38999938964844,70.69000244140625,69.01499938964844,70.55000305175781,4493371
2025-12-11 15:30:00+00:00,69.4000015258789,69.69499969482422,69.31999969482422,69.38999938964844,2385436
2025-12-11 16:30:00+00:00,69.05000305175781,69.40249633789062,68.91999816894531,69.40249633789062,1931029
2025-12-11 17:30:00+00:00,68.97000122070312,69.19000244140625,68.95999908447266,69.05000305175781,2326933
2025-12-11 18:30:00+00:00,68.94499969482422,69.04499816894531,68.79000091552734,68.9749984741211,2172571
2025-12-11 19:30:00+00:00,69.0999984741211,69.30000305175781,68.93499755859375,68.94000244140625,1925621
2025-12-11 20:30:00+00:00,69.12000274658203,69.16999816894531,68.94000244140625,69.0999984741211,3183373
2025-12-12 14:30:00+00:00,69.82499694824219,69.91000366210938,69.04000091552734,69.11000061035156,3198894
2025-12-12 15:30:00+00:00,69.96499633789062,70.0199966430664,69.65499877929688,69.81999969482422,3147164
2025-12-12 16:30:00+00:00,69.83000183105469,70.08499908447266,69.70500183105469,69.96499633789062,1706231
2025-12-12 17:30:00+00:00,69.8949966430664,69.8949966430664,69.66000366210938,69.83000183105469,1198900
2025-12-12 18:30:00+00:00,70.2249984741211,70.2300033569336,69.81999969482422,69.8949966430664,1079413
2025-12-12 19:30:00+00:00,70.48999786376953,70.56999969482422,70.21499633789062,70.2249984741211,1385163
2025-12-12 20:30:00+00:00,70.54000091552734,70.61990356445312,70.41500091552734,70.49500274658203,2832607
2025-12-15 14:30:00+00:00,71.12000274658203,71.31500244140625,70.31999969482422,70.43000030517578,4233093
2025-12-15 15:30:00+00:00,70.76499938964844,71.20999908447266,70.72000122070312,71.11499786376953,1596443
2025-12-15 16:30:00+00:00,70.70559692382812,70.88500213623047,70.68499755859375,70.7699966430664,1058173
2025-12-15 17:30:00+00:00,70.59500122070312,70.71499633789062,70.58999633789062,70.69999694824219,1100236
2025-12-15 18:30:00+00:00,70.7750015258789,70.77999877929688,70.56500244140625,70.59500122070312,1171631
2025-12-15 19:30:00+00:00,70.98500061035156,71.07499694824219,70.7699966430664,70.77999877929688,1391354
2025-12-15 20:30:00+00:00,70.9749984741211,71.04989624023438,70.94999694824219,70.98999786376953,2590993
2025-12-16 14:30:00+00:00,70.72000122070312,71.30000305175781,70.54000091552734,71.30000305175781,3593160
2025-12-16 15:30:00+00:00,70.6500015258789,70.80000305175781,70.5999984741211,70.72000122070312,1469095
2025-12-16 16:30:00+00:00,70.79499816894531,70.80000305175781,70.625,70.6449966430664,1222217
2025-12-16 17:30:00+00:00,70.8550033569336,70.91999816894531,70.70999908447266,70.80000305175781,916435
2025-12-16 18:30:00+00:00,70.81500244140625,70.91500091552734,70.76899719238281,70.85479736328125,1062997
2025-12-16 19:30:00+00:00,70.7249984741211,70.92579650878906,70.70500183105469,70.81999969482422,1337103
2025-12-16 20:30:00+00:00,70.37999725341797,70.74500274658203,70.33000183105469,70.7249984741211,2878790
2025-12-17 14:30:00+00:00,70.41000366210938,70.83499908447266,70.30500030517578,70.56999969482422,2218330
2025-12-17 15:30:00+00:00,70.5999984741211,70.76000213623047,70.39009857177734,70.40499877929688,1488817
2025-12-17 16:30:00+00:00,70.36000061035156,70.6500015258789,70.32499694824219,70.5999984741211,1064907
2025-12-17 17:30:00+00:00,70.58000183105469,70.58499908447266,70.33499908447266,70.36499786376953,769870
2025-12-17 18:30:00+00:00,70.76860046386719,70.91999816894531,70.55999755859375,70.57499694824219,1040464
2025-12-17 19:30:00+00:00,70.58999633789062,70.81500244140625,70.56999969482422,70.76499938964844,1434277
2025-12-17 20:30:00+00:00,70.66500091552734,70.78559875488281,70.54000091552734,70.58000183105469,2354719
2025-12-18 14:30:00+00:00,70.37999725341797,70.79499816894531,70.2249984741211,70.2699966430664,2457357
2025-12-18 15:30:00+00:00,70.45500183105469,70.49500274658203,70.2750015258789,70.375,1641822
2025-12-18 16:30:00+00:00,70.2750015258789,70.48500061035156,70.16999816894531,70.45500183105469,1455100
2025-12-18 17:30:00+00:00,70.44999694824219,70.45999908447266,70.20999908447266,70.2750015258789,877806
2025-12-18 18:30:00+00:00,70.54499816894531,70.63500213623047,70.44999694824219,70.44999694824219,885669
2025-12-18 19:30:00+00:00,70.58000183105469,70.62999725341797,70.5199966430664,70.54499816894531,1049795
2025-12-18 20:30:00+00:00,70.375,70.76000213623047,70.36000061035156,70.58000183105469,2319962
2025-12-19 14:30:00+00:00,70.58499908447266,70.59500122070312,70.02999877929688,70.05999755859375,6235235
2025-12-19 15:30:00+00:00,70.7300033569336,70.76499938964844,70.5199966430664,70.58499908447266,1199101
2025-12-19 16:30:00+00:00,70.45500183105469,70.73999786376953,70.37000274658203,70.7300033569336,1040474
2025-12-19 17:30:00+00:00,70.29000091552734,70.4800033569336,70.22000122070312,70.45500183105469,1028117
2025-12-19 18:30:00+00:00,70.44999694824219,70.5250015258789,70.2699966430664,70.29000091552734,636312
2025-12-19 19:30:00+00:00,70.44499969482422,70.51499938964844,70.33999633789062,70.44499969482422,1191425
2025-12-19 20:30:00+00:00,70.08999633789062,70.58000183105469,70.08000183105469,70.44499969482422,2631311
2025-12-22 14:30:00+00:00,69.95469665527344,70.11000061035156,69.65499877929688,69.93000030517578,2424927
2025-12-22 15:30:00+00:00,69.99500274658203,70.07550048828125,69.86499786376953,69.95500183105469,1340083
2025-12-22 16:30:00+00:00,69.94499969482422,70.08000183105469,69.91500091552734,69.9989013671875,817750
2025-12-22 17:30:00+00:00,70.08999633789062,70.19499969482422,69.93000030517578,69.94499969482422,853676
2025-12-22 18:30:00+00:00,70.05000305175781,70.125,69.98500061035156,70.08000183105469,789883
2025-12-22 19:30:00+00:00,70.04000091552734,70.0999984741211,69.94000244140625,70.04779815673828,1308063
2025-12-22 20:30:00+00:00,70.19499969482422,70.22000122070312,70.05000305175781,70.05000305175781,2338147
2025-12-23 14:30:00+00:00,70.13500213623047,70.25499725341797,69.69000244140625,70.19999694824219,2035252
2025-12-23 15:30:00+00:00,70.01000213623047,70.17549896240234,69.97440338134766,70.13999938964844,822691
2025-12-23 16:30:00+00:00,69.94439697265625,70.11499786376953,69.88500213623047,70.0250015258789,1096537
2025-12-23 17:30:00+00:00,70.08499908447266,70.09500122070312,69.91000366210938,69.94280242919922,685247
2025-12-23 18:30:00+00:00,70.05500030517578,70.18499755859375,70.00499725341797,70.08999633789062,744309
2025-12-23 19:30:00+00:00,69.86000061035156,70.1050033569336,69.83499908447266,70.05500030517578,889609
2025-12-23 20:30:00+00:00,69.8550033569336,69.94000244140625,69.7750015258789,69.87000274658203,1206634
2025-12-24 14:30:00+00:00,69.87000274658203,69.9574966430664,69.81500244140625,69.8949966430664,1116434
2025-12-24 15:30:00+00:00,69.82499694824219,69.9000015258789,69.78500366210938,69.875,777997
2025-12-24 16:30:00+00:00,69.98500061035156,70.01499938964844,69.79000091552734,69.81999969482422,768085
2025-12-26 14:30:00+00:00,70.03500366210938,70.16000366210938,69.94999694824219,69.94999694824219,1118326
2025-12-26 15:30:00+00:00,69.92500305175781,70.1050033569336,69.88500213623047,70.02999877929688,685941
2025-12-26 16:30:00+00:00,69.91500091552734,69.94999694824219,69.86499786376953,69.93000030517578,339263
2025-12-26 17:30:00+00:00,69.81500244140625,69.91819763183594,69.80999755859375,69.91500091552734,568160
2025-12-26 18:30:00+00:00,69.7490005493164,69.83499908447266,69.7249984741211,69.81500244140625,500266
2025-12-26 19:30:00+00:00,69.80500030517578,69.82499694824219,69.7249984741211,69.74590301513672,600197
2025-12-26 20:30:00+00:00,69.87999725341797,69.93499755859375,69.77999877929688,69.80000305175781,852356
2025-12-29 14:30:00+00:00,70.27999877929688,70.31999969482422,69.8499984741211,70.0,2723024
2025-12-29 15:30:00+00:00,70.22000122070312,70.41999816894531,70.1281967163086,70.2750015258789,1367733
2025-12-29 16:30:00+00:00,70.1449966430664,70.25,70.1343994140625,70.22000122070312,600055
2025-12-29 17:30:00+00:00,70.29000091552734,70.29000091552734,70.11009979248047,70.1500015258789,547752
2025-12-29 18:30:00+00:00,70.20500183105469,70.31500244140625,70.16999816894531,70.29000091552734,631779
2025-12-29 19:30:00+00:00,70.06999969482422,70.21499633789062,70.06999969482422,70.19999694824219,720655
2025-12-29 20:30:00+00:00,70.15499877929688,70.16999816894531,70.05999755859375,70.06999969482422,1124912
2025-12-30 14:30:00+00:00,69.84500122070312,70.12999725341797,69.80000305175781,70.0,1580733
2025-12-30 15:30:00+00:00,70.0470962524414,70.0470962524414,69.84320068359375,69.8499984741211,848811
2025-12-30 16:30:00+00:00,70.05500030517578,70.08499908447266,70.01000213623047,70.04419708251953,546077
2025-12-30 17:30:00+00:00,70.0718994140625,70.12999725341797,70.02999877929688,70.05999755859375,673278
2025-12-30 18:30:00+00:00,70.05500030517578,70.0999984741211,70.0,70.07440185546875,554014
2025-12-30 19:30:00+00:00,70.0999984741211,70.13999938964844,70.05439758300781,70.05500030517578,619387
2025-12-30 20:30:00+00:00,70.0999984741211,70.23500061035156,70.06999969482422,70.11000061035156,1461561
2025-12-31 14:30:00+00:00,70.05999755859375,70.13990020751953,69.9010009765625,70.06999969482422,848708
2025-12-31 15:30:00+00:00,70.04585266113281,70.06999969482422,69.93399810791016,70.05500030517578,582734
2025-12-31 16:30:00+00:00,70.00499725341797,70.05500030517578,69.9749984741211,70.04499816894531,482533
2025-12-31 17:30:00+00:00,70.03500366210938,70.04000091552734,69.9800033569336,70.00499725341797,398159
2025-12-31 18:30:00+00:00,70.1050033569336,70.16000366210938,70.0250015258789,70.03990173339844,501567
2025-12-31 19:30:00+00:00,69.95500183105469,70.1500015258789,69.94499969482422,70.10800170898438,670379
2025-12-31 20:30:00+00:00,69.93000030517578,70.05500030517578,69.88009643554688,69.95010375976562,1287380
2026-01-02 14:30:00+00:00,69.31999969482422,69.87000274658203,69.19999694824219,69.8499984741211,2389131
2026-01-02 15:30:00+00:00,69.33000183105469,69.41999816894531,69.08000183105469,69.31999969482422,1559188
2026-01-02 16:30:00+00:00,69.2750015258789,69.36000061035156,69.22000122070312,69.32499694824219,872597
2026-01-02 17:30:00+00:00,69.2249984741211,69.30000305175781,69.08999633789062,69.2750015258789,962823
2026-01-02 18:30:00+00:00,69.21499633789062,69.2874984741211,69.13999938964844,69.2249984741211,666431
2026-01-02 19:30:00+00:00,69.1178970336914,69.30000305175781,69.11000061035156,69.21499633789062,998104
2026-01-02 20:30:00+00:00,69.11000061035156,69.13500213623047,68.9749984741211,69.11499786376953,2179523
2026-01-05 14:30:00+00:00,68.26840209960938,68.91999816894531,68.21499633789062,68.91999816894531,3811450
2026-01-05 15:30:00+00:00,68.29000091552734,68.30000305175781,68.0999984741211,68.2699966430664,2291764
2026-01-05 16:30:00+00:00,68.18499755859375,68.31999969482422,68.08000183105469,68.29499816894531,2206910
2026-01-05 17:30:00+00:00,68.03500366210938,68.23500061035156,67.91999816894531,68.19000244140625,2270742
2026-01-05 18:30:00+00:00,68.15499877929688,68.16000366210938,67.93000030517578,68.03500366210938,1631718
2026-01-05 19:30:00+00:00,68.05249786376953,68.20500183105469,67.93000030517578,68.15499877929688,2060867
2026-01-05 20:30:00+00:00,67.97000122070312,68.18000030517578,67.94000244140625,68.04499816894531,2742062
2026-01-06 14:30:00+00:00,67.97000122070312,68.25,67.8550033569336,68.05999755859375,3937154
2026-01-06 15:30:00+00:00,67.96499633789062,67.99500274658203,67.7300033569336,67.98500061035156,2494312
2026-01-06 16:30:00+00:00,67.98500061035156,68.00499725341797,67.83999633789062,67.94000244140625,1374728
2026-01-06 17:30:00+00:00,67.8499984741211,68.01499938964844,67.8499984741211,67.9738998413086,1468327
2026-01-06 18:30:00+00:00,67.94499969482422,67.95980072021484,67.81500244140625,67.8550033569336,1504732
2026-01-06 19:30:00+00:00,67.83499908447266,68.01000213623047,67.7300033569336,67.94869995117188,2551412
2026-01-06 20:30:00+00:00,67.8499984741211,67.9800033569336,67.72000122070312,67.76499938964844,3930703
2026-01-07 14:30:00+00:00,67.46499633789062,68.06999969482422,67.44999694824219,67.98999786376953,3452577
2026-01-07 15:30:00+00:00,67.5999984741211,67.71600341796875,67.46499633789062,67.46499633789062,1985190
2026-01-07 16:30:00+00:00,67.57499694824219,67.69499969482422,67.55999755859375,67.59500122070312,1388828
2026-01-07 17:30:00+00:00,67.44499969482422,67.58499908447266,67.4000015258789,67.57499694824219,1576631
2026-01-07 18:30:00+00:00,67.52999877929688,67.52999877929688,67.27400207519531,67.44509887695312,1954440
2026-01-07 19:30:00+00:00,67.5,67.63999938964844,67.47000122070312,67.5250015258789,1917212
2026-01-07 20:30:00+00:00,67.52999877929688,67.58000183105469,67.45500183105469,67.49500274658203,2792486
2026-01-08 14:30:00+00:00,68.65499877929688,68.8499984741211,67.50090026855469,67.52999877929688,4245160
2026-01-08 15:30:00+00:00,69.06999969482422,69.125,68.62999725341797,68.6500015258789,2925194
2026-01-08 16:30:00+00:00,69.16500091552734,69.22000122070312,68.96499633789062,69.07499694824219,1756089
2026-01-08 17:30:00+00:00,69.06500244140625,69.25,69.04440307617188,69.16999816894531,1247255
2026-01-08 18:30:00+00:00,69.375,69.43000030517578,69.0530014038086,69.05979919433594,1442534
2026-01-08 19:30:00+00:00,69.21499633789062,69.45500183105469,69.19499969482422,69.375,1627761
2026-01-08 20:30:00+00:00,69.36499786376953,69.38999938964844,69.18000030517578,69.21499633789062,2325071
2026-01-09 14:30:00+00:00,69.92500305175781,70.11509704589844,69.12000274658203,69.43000030517578,4105594
2026-01-09 15:30:00+00:00,69.83999633789062,70.03500366210938,69.69000244140625,69.93000030517578,2529382
2026-01-09 16:30:00+00:00,70.28500366210938,70.33000183105469,69.80999755859375,69.83499908447266,1928657
2026-01-09 17:30:00+00:00,70.28500366210938,70.41999816894531,70.25499725341797,70.28500366210938,1739388
2026-01-09 18:30:00+00:00,70.31999969482422,70.41999816894531,70.17500305175781,70.28500366210938,1344130
2026-01-09 19:30:00+00:00,70.55500030517578,70.56999969482422,70.30999755859375,70.31999969482422,1782540
2026-01-09 20:30:00+00:00,70.52999877929688,70.66000366210938,70.4749984741211,70.55500030517578,2839762
2026-01-12 14:30:00+00:00,70.87999725341797,70.96499633789062,70.2699966430664,70.8949966430664,3203856
2026-01-12 15:30:00+00:00,70.58499908447266,70.94999694824219,70.41999816894531,70.87999725341797,3234713
2026-01-12 16:30:00+00:00,70.40540313720703,70.68000030517578,70.3499984741211,70.59500122070312,1250676
2026-01-12 17:30:00+00:00,70.45760345458984,70.54989624023438,70.3550033569336,70.4000015258789,1265738
2026-01-12 18:30:00+00:00,70.54000091552734,70.55500030517578,70.36000061035156,70.45500183105469,1198896
2026-01-12 19:30:00+00:00,70.43990325927734,70.62000274658203,70.23500061035156,70.5468978881836,3305216
2026-01-12 20:30:00+00:00,70.4749984741211,70.6050033569336,70.33499908447266,70.43000030517578,2216452
2026-01-13 14:30:00+00:00,70.88500213623047,70.94999694824219,70.30000305175781,70.41999816894531,3015329
2026-01-13 15:30:00+00:00,70.58000183105469,70.88999938964844,70.44999694824219,70.87999725341797,3138906
2026-01-13 16:30:00+00:00,70.43250274658203,70.58999633789062,70.2699966430664,70.57499694824219,1444160
2026-01-13 17:30:00+00:00,70.5999984741211,70.6500015258789,70.4000015258789,70.43000030517578,1324899
2026-01-13 18:30:00+00:00,70.89427947998047,70.9000015258789,70.61000061035156,70.61499786376953,2310388
2026-01-13 19:30:00+00:00,70.87000274658203,70.95999908447266,70.83000183105469,70.8949966430664,1162496
2026-01-13 20:30:00+00:00,71.21499633789062,71.2300033569336,70.87000274658203,70.875,2896976
2026-01-14 14:30:00+00:00,71.29499816894531,71.48999786376953,70.80999755859375,71.16999816894531,3282545
2026-01-14 15:30:00+00:00,71.51000213623047,71.54499816894531,71.26499938964844,71.29499816894531,1704587
2026-01-14 16:30:00+00:00,71.36000061035156,71.55999755859375,71.26499938964844,71.50499725341797,2039992
2026-01-14 17:30:00+00:00,71.38500213623047,71.44499969482422,71.22000122070312,71.36000061035156,1020063
2026-01-14 18:30:00+00:00,71.55000305175781,71.56999969482422,71.31999969482422,71.38500213623047,866821
2026-01-14 19:30:00+00:00,71.46269989013672,71.70999908447266,71.37999725341797,71.55500030517578,1352724
2026-01-14 20:30:00+00:00,71.43000030517578,71.55999755859375,71.1500015258789,71.47000122070312,2886789
2026-01-15 14:30:00+00:00,71.19499969482422,71.5999984741211,71.04000091552734,71.58999633789062,1969862
2026-01-15 15:30:00+00:00,71.20500183105469,71.25,70.87999725341797,71.19499969482422,1563623
2026-01-15 16:30:00+00:00,70.88999938964844,71.24500274658203,70.88999938964844,71.20500183105469,1174409
2026-01-15 17:30:00+00:00,70.7249984741211,71.0188980102539,70.7249984741211,70.8949966430664,1241259
2026-01-15 18:30:00+00:00,70.72000122070312,70.73999786376953,70.5199966430664,70.7300033569336,1762699
2026-01-15 19:30:00+00:00,70.6050033569336,70.73999786376953,70.5,70.72000122070312,1855653
2026-01-15 20:30:00+00:00,70.47000122070312,70.6050033569336,70.36499786376953,70.6050033569336,2690808
2026-01-16 14:30:00+00:00,70.25,70.70999908447266,70.04000091552734,70.29000091552734,4997865
2026-01-16 15:30:00+00:00,70.38999938964844,70.55000305175781,70.23999786376953,70.25,2084325
2026-01-16 16:30:00+00:00,70.61499786376953,70.73999786376953,70.30999755859375,70.38999938964844,1352684
2026-01-16 17:30:00+00:00,70.53500366210938,70.70690155029297,70.53050231933594,70.61499786376953,874182
2026-01-16 18:30:00+00:00,70.5250015258789,70.55999755859375,70.29000091552734,70.54000091552734,1260882
2026-01-16 19:30:00+00:00,70.40499877929688,70.62999725341797,70.38999938964844,70.5250015258789,1322468
2026-01-16 20:30:00+00:00,70.42500305175781,70.49500274658203,70.27999877929688,70.41000366210938,3198931
2026-01-20 14:30:00+00:00,70.45999908447266,70.51499938964844,69.79000091552734,70.0,4164878
2026-01-20 15:30:00+00:00,70.82499694824219,70.83000183105469,70.375,70.45999908447266,1831797
2026-01-20 16:30:00+00:00,71.24500274658203,71.27799987792969,70.79499816894531,70.83000183105469,1957557
2026-01-20 17:30:00+00:00,71.45999908447266,71.5978012084961,71.20010375976562,71.23999786376953,1578063
2026-01-20 18:30:00+00:00,71.43499755859375,71.62000274658203,71.25,71.46499633789062,2220050
2026-01-20 19:30:00+00:00,71.51499938964844,71.56999969482422,71.2699966430664,71.43499755859375,2059588
2026-01-20 20:30:00+00:00,71.76000213623047,71.77999877929688,71.41999816894531,71.51499938964844,3611879
2026-01-21 14:30:00+00:00,71.0250015258789,72.23999786376953,70.96499633789062,71.9800033569336,4008928
2026-01-21 15:30:00+00:00,71.16000366210938,71.18000030517578,70.83000183105469,71.0199966430664,1565588
2026-01-21 16:30:00+00:00,71.375,71.46499633789062,71.02999877929688,71.16000366210938,2162419
2026-01-21 17:30:00+00:00,71.56999969482422,71.58499908447266,71.37999725341797,71.37999725341797,674035
2026-01-21 18:30:00+00:00,71.58000183105469,71.66500091552734,71.30500030517578,71.59500122070312,1256395
2026-01-21 19:30:00+00:00,71.95999908447266,71.95999908447266,71.51499938964844,71.58999633789062,1875340
2026-01-21 20:30:00+00:00,72.01499938964844,72.13500213623047,71.87999725341797,71.95500183105469,2952143
2026-01-22 14:30:00+00:00,71.82499694824219,71.94000244140625,71.44000244140625,71.82499694824219,2829087
2026-01-22 15:30:00+00:00,71.73999786376953,71.9800033569336,71.7300033569336,71.83000183105469,1239137
2026-01-22 16:30:00+00:00,71.875,71.93499755859375,71.71499633789062,71.74500274658203,1066477
2026-01-22 17:30:00+00:00,71.87000274658203,71.98999786376953,71.83000183105469,71.875,763951
2026-01-22 18:30:00+00:00,71.80000305175781,71.95500183105469,71.73999786376953,71.87000274658203,844148
2026-01-22 19:30:00+00:00,71.87000274658203,71.94499969482422,71.68250274658203,71.79499816894531,1354549
2026-01-22 20:30:00+00:00,71.8949966430664,72.04000091552734,71.79499816894531,71.875,2401198
2026-01-23 14:30:00+00:00,72.02999877929688,72.19000244140625,71.7750015258789,72.01499938964844,3076618
2026-01-23 15:30:00+00:00,72.12000274658203,72.21499633789062,71.94120025634766,72.0250015258789,1382804
2026-01-23 16:30:00+00:00,72.2300033569336,72.23999786376953,72.04000091552734,72.11499786376953,1221726
2026-01-23 17:30:00+00:00,72.37000274658203,72.42500305175781,72.18000030517578,72.2300033569336,3003748
2026-01-23 18:30:00+00:00,72.46499633789062,72.4800033569336,72.35420227050781,72.37000274658203,872983
2026-01-23 19:30:00+00:00,72.61000061035156,72.66000366210938,72.40010070800781,72.47000122070312,1042748
2026-01-23 20:30:00+00:00,72.875,73.05999755859375,72.50499725341797,72.62000274658203,4795238
2026-01-26 14:30:00+00:00,73.19499969482422,73.29000091552734,72.76499938964844,72.86000061035156,2465423
2026-01-26 15:30:00+00:00,72.99500274658203,73.29499816894531,72.98999786376953,73.19499969482422,1338921
2026-01-26 16:30:00+00:00,72.875,73.0,72.83000183105469,73.0,992354
2026-01-26 17:30:00+00:00,72.80000305175781,72.91999816894531,72.75499725341797,72.87654876708984,805993
2026-01-26 18:30:00+00:00,72.73500061035156,72.8550033569336,72.72000122070312,72.79000091552734,729449
2026-01-26 19:30:00+00:00,72.625,72.77749633789062,72.62000274658203,72.7300033569336,792772
2026-01-26 20:30:00+00:00,72.58000183105469,72.73999786376953,72.54000091552734,72.62999725341797,1716983
2026-01-27 14:30:00+00:00,72.8499984741211,72.94000244140625,72.26799774169922,72.44000244140625,2003194
2026-01-27 15:30:00+00:00,73.32990264892578,73.33499908447266,72.8550033569336,72.8550033569336,1442577
2026-01-27 16:30:00+00:00,73.31500244140625,73.4000015258789,73.19999694824219,73.32499694824219,1049874
2026-01-27 17:30:00+00:00,73.25499725341797,73.37999725341797,73.22000122070312,73.30999755859375,610699
2026-01-27 18:30:00+00:00,73.29000091552734,73.36499786376953,73.23999786376953,73.25499725341797,799858
2026-01-27 19:30:00+00:00,73.28009796142578,73.45999908447266,73.2300033569336,73.30000305175781,2066439
2026-01-27 20:30:00+00:00,73.54499816894531,73.55509948730469,73.23999786376953,73.27999877929688,1766146
2026-01-28 14:30:00+00:00,73.15499877929688,73.62000274658203,73.05500030517578,73.20999908447266,2619277
2026-01-28 15:30:00+00:00,73.28500366210938,73.40499877929688,73.12999725341797,73.16999816894531,1780521
2026-01-28 16:30:00+00:00,73.30999755859375,73.31549835205078,73.13999938964844,73.27999877929688,1153407
2026-01-28 17:30:00+00:00,73.11000061035156,73.33000183105469,73.0250015258789,73.30999755859375,1512027
2026-01-28 18:30:00+00:00,72.8949966430664,73.11499786376953,72.78199768066406,73.11000061035156,1277557
2026-01-28 19:30:00+00:00,72.81999969482422,72.93499755859375,72.56500244140625,72.8949966430664,1546716
2026-01-28 20:30:00+00:00,73.05000305175781,73.12000274658203,72.7750015258789,72.81999969482422,1900544
2026-01-29 14:30:00+00:00,73.23999786376953,73.68000030517578,73.13999938964844,73.18000030517578,2298308
2026-01-29 15:30:00+00:00,73.66000366210938,73.99500274658203,73.23999786376953,73.25499725341797,2105451
2026-01-29 16:30:00+00:00,73.73999786376953,73.8499984741211,73.53009796142578,73.66999816894531,1400157
2026-01-29 17:30:00+00:00,73.73989868164062,73.80000305175781,73.5199966430664,73.7300033569336,1111358
2026-01-29 18:30:00+00:00,73.94999694824219,73.94999694824219,73.6010971069336,73.73500061035156,1205139
2026-01-29 19:30:00+00:00,73.79499816894531,74.08499908447266,73.62999725341797,73.94999694824219,1943097
2026-01-29 20:30:00+00:00,73.41000366210938,73.83999633789062,73.33000183105469,73.80000305175781,3233341
2026-01-30 14:30:00+00:00,73.67500305175781,73.88999938964844,73.57499694824219,73.70999908447266,3401832
2026-02-02 18:30:00+00:00,75.23500061035156,75.25990295410156,75.0999984741211,75.15499877929688,5966177
2026-02-02 19:30:00+00:00,75.66999816894531,75.67500305175781,75.15499877929688,75.23500061035156,2053140
2026-02-02 20:30:00+00:00,75.3499984741211,75.69499969482422,75.30000305175781,75.66500091552734,2721485
2026-02-03 14:30:00+00:00,76.65249633789062,77.03500366210938,75.12999725341797,75.2699966430664,5879341
2026-02-03 15:30:00+00:00,77.12000274658203,77.12000274658203,76.43000030517578,76.66000366210938,3107509
2026-02-03 16:30:00+00:00,77.26499938964844,77.41500091552734,77.0,77.12000274658203,3267427
2026-02-03 17:30:00+00:00,77.125,77.5,77.12000274658203,77.26000213623047,2333358
2026-02-03 18:30:00+00:00,76.875,77.18499755859375,76.62000274658203,77.125,2188166
2026-02-03 19:30:00+00:00,77.0199966430664,77.08499908447266,76.69499969482422,76.87999725341797,1914301
2026-02-03 20:30:00+00:00,76.88999938964844,77.09500122070312,76.88999938964844,77.0199966430664,3163281
2026-02-04 14:30:00+00:00,77.31999969482422,78.04000091552734,77.08000183105469,77.26499938964844,5066289
2026-02-04 15:30:00+00:00,77.7343978881836,77.79000091552734,77.09500122070312,77.31500244140625,3607439
2026-02-04 16:30:00+00:00,77.96009826660156,78.0,77.56999969482422,77.73500061035156,2951085
2026-02-04 17:30:00+00:00,77.70999908447266,78.1050033569336,77.62999725341797,77.96499633789062,2692143
2026-02-04 18:30:00+00:00,77.81500244140625,78.0199966430664,77.70500183105469,77.70999908447266,1700232
2026-02-04 19:30:00+00:00,77.45500183105469,77.80999755859375,77.3499984741211,77.80999755859375,2731315
2026-02-04 20:30:00+00:00,77.30999755859375,77.56999969482422,77.24500274658203,77.45500183105469,3923059
2026-02-05 14:30:00+00:00,78.55500030517578,78.78500366210938,77.58999633789062,77.81999969482422,4975292
2026-02-05 15:30:00+00:00,78.00499725341797,78.72000122070312,77.99500274658203,78.55000305175781,2481452
2026-02-05 16:30:00+00:00,77.95500183105469,78.07499694824219,77.87000274658203,78.0,1922656
2026-02-05 17:30:00+00:00,78.41500091552734,78.4749984741211,77.94999694824219,77.95999908447266,1750186
2026-02-05 18:30:00+00:00,78.5999984741211,78.66500091552734,78.23999786376953,78.41500091552734,2049599
2026-02-05 19:30:00+00:00,78.78009796142578,78.8550033569336,78.5250015258789,78.5999984741211,1718692
2026-02-05 20:30:00+00:00,78.50499725341797,78.79499816894531,78.23500061035156,78.79000091552734,3009008
2026-02-06 14:30:00+00:00,78.93000030517578,79.05500030517578,78.26000213623047,78.5,4802609
2026-02-06 15:30:00+00:00,78.54000091552734,78.79000091552734,78.45999908447266,78.75199890136719,2157852
2026-02-06 16:30:00+00:00,78.54499816894531,78.75,78.5199966430664,78.53500366210938,1892028
2026-02-06 17:30:00+00:00,78.66500091552734,78.66999816894531,78.33000183105469,78.54499816894531,1635414
2026-02-06 18:30:00+00:00,78.93499755859375,78.9666976928711,78.66000366210938,78.66500091552734,1093130
2026-02-06 19:30:00+00:00,78.87999725341797,79.08000183105469,78.80999755859375,78.93499755859375,1466691
2026-02-06 20:30:00+00:00,79.03990173339844,79.19999694824219,78.87000274658203,78.875,2393852
2026-02-09 14:30:00+00:00,78.53929901123047,79.11000061035156,78.1449966430664,78.66999816894531,4457576
2026-02-09 15:30:00+00:00,77.91999816894531,78.53929901123047,77.91999816894531,78.53500366210938,3046803
2026-02-09 16:30:00+00:00,77.76499938964844,77.94000244140625,77.53500366210938,77.92500305175781,2417122
2026-02-09 17:30:00+00:00,77.93499755859375,78.0199966430664,77.66000366210938,77.76499938964844,1693483
2026-02-09 18:30:00+00:00,78.04499816894531,78.05500030517578,77.83000183105469,77.93499755859375,1578791
2026-02-09 19:30:00+00:00,78.16500091552734,78.18000030517578,77.91000366210938,78.05000305175781,1998502
2026-02-09 20:30:00+00:00,77.95500183105469,78.16000366210938,77.80999755859375,78.16000366210938,4432955
2026-02-10 14:30:00+00:00,76.69499969482422,77.51000213623047,76.16000366210938,76.62999725341797,8574983
2026-02-10 15:30:00+00:00,76.47000122070312,76.69000244140625,76.01000213623047,76.69000244140625,3563305
2026-02-10 16:30:00+00:00,76.37999725341797,76.61499786376953,76.12999725341797,76.47000122070312,2652130
2026-02-10 17:30:00+00:00,76.81999969482422,76.83999633789062,76.28500366210938,76.375,2254029
2026-02-10 18:30:00+00:00,76.99500274658203,77.06500244140625,76.79499816894531,76.82499694824219,1705510
2026-02-10 19:30:00+00:00,76.69999694824219,77.01499938964844,76.65290069580078,77.0,2247256
2026-02-10 20:30:00+00:00,76.80999755859375,77.00499725341797,76.63999938964844,76.70999908447266,3704441
2026-02-11 14:30:00+00:00,78.11499786376953,78.177001953125,76.58000183105469,76.87999725341797,4824260
2026-02-11 15:30:00+00:00,78.56500244140625,78.57499694824219,77.94999694824219,78.12000274658203,2437644
2026-02-11 16:30:00+00:00,78.83999633789062,78.93000030517578,78.48999786376953,78.56999969482422,2322260
2026-02-11 17:30:00+00:00,78.7844009399414,79.05000305175781,78.72000122070312,78.83499908447266,1611891
2026-02-11 18:30:00+00:00,78.65499877929688,78.9000015258789,78.56500244140625,78.79000091552734,1838025
2026-02-11 19:30:00+00:00,78.74500274658203,78.80999755859375,78.46499633789062,78.65499877929688,1622529
2026-02-11 20:30:00+00:00,78.5999984741211,78.7699966430664,78.55000305175781,78.74500274658203,3764776
2026-02-12 14:30:00+00:00,79.68000030517578,79.76000213623047,78.79000091552734,78.9800033569336,3563472
2026-02-12 15:30:00+00:00,80.34500122070312,80.37000274658203,79.62370300292969,79.68499755859375,4031778
2026-02-12 16:30:00+00:00,79.94000244140625,80.41000366210938,79.94000244140625,80.33499908447266,3060593
2026-02-12 17:30:00+00:00,80.01000213623047,80.2300033569336,79.86499786376953,79.94000244140625,2060233
2026-02-12 18:30:00+00:00,79.91000366210938,80.3499984741211,79.87999725341797,80.0,1881822
2026-02-12 19:30:00+00:00,79.75,79.95999908447266,79.66000366210938,79.91500091552734,2619410
2026-02-12 20:30:00+00:00,78.98999786376953,79.75499725341797,78.875,79.75,4229557
2026-02-13 14:30:00+00:00,78.54499816894531,79.26000213623047,78.12999725341797,78.44999694824219,4493317
2026-02-13 15:30:00+00:00,79.0199966430664,79.08000183105469,78.4749984741211,78.54499816894531,1745503
2026-02-13 16:30:00+00:00,79.06839752197266,79.19999694824219,78.85199737548828,79.0199966430664,1211630
2026-02-13 17:30:00+00:00,79.3499984741211,79.4000015258789,79.06999969482422,79.06999969482422,1079144
2026-02-13 18:30:00+00:00,78.94999694824219,79.3499984741211,78.8499984741211,79.34500122070312,941550
2026-02-13 19:30:00+00:00,78.63999938964844,78.97000122070312,78.61000061035156,78.94999694824219,1145964
2026-02-13 20:30:00+00:00,78.66000366210938,78.70999908447266,78.3550033569336,78.6449966430664,2659128
2026-02-17 14:30:00+00:00,79.19999694824219,79.54000091552734,78.875,78.98999786376953,3487216
2026-02-17 15:30:00+00:00,78.95500183105469,79.23999786376953,78.8499984741211,79.19499969482422,1786549
2026-02-17 16:30:00+00:00,78.80999755859375,79.06500244140625,78.73999786376953,78.95500183105469,1048510
2026-02-17 17:30:00+00:00,79.18000030517578,79.18000030517578,78.80500030517578,78.80500030517578,1053467
2026-02-17 18:30:00+00:00,79.28500366210938,79.37999725341797,79.05999755859375,79.17500305175781,1156141
2026-02-17 19:30:00+00:00,79.57499694824219,79.58499908447266,79.19999694824219,79.27999877929688,1529188
2026-02-17 20:30:00+00:00,79.59500122070312,79.63500213623047,79.3550033569336,79.57499694824219,2597776
2026-02-18 14:30:00+00:00,79.54499816894531,79.83999633789062,79.25,79.5,3202858
2026-02-18 15:30:00+00:00,79.55000305175781,79.77999877929688,79.30500030517578,79.54499816894531,1691120
2026-02-18 16:30:00+00:00,79.16000366210938,79.56659698486328,78.99440002441406,79.55500030517578,1045638
2026-02-18 17:30:00+00:00,79.1697006225586,79.19000244140625,79.01499938964844,79.15499877929688,836308
2026-02-18 18:30:00+00:00,79.08499908447266,79.2300033569336,78.92320251464844,79.16000366210938,911967
2026-02-18 19:30:00+00:00,79.19999694824219,79.21499633789062,79.0,79.08000183105469,975815
2026-02-18 20:30:00+00:00,79.4749984741211,79.5199966430664,79.16999816894531,79.20500183105469,2262847
2026-02-19 14:30:00+00:00,79.11499786376953,79.67120361328125,78.88999938964844,79.45999908447266,2630923
2026-02-19 15:30:00+00:00,78.6500015258789,79.2300033569336,78.58999633789062,79.11509704589844,1647362
2026-02-19 16:30:00+00:00,78.80000305175781,78.83499908447266,78.63500213623047,78.63999938964844,1020240
2026-02-19 17:30:00+00:00,78.91000366210938,78.93000030517578,78.74500274658203,78.80999755859375,673390
2026-02-19 18:30:00+00:00,78.99500274658203,79.13860321044922,78.875,78.90499877929688,914781
2026-02-19 19:30:00+00:00,78.9749984741211,79.00499725341797,78.75499725341797,78.99500274658203,1197710
2026-02-19 20:30:00+00:00,78.88999938964844,79.05000305175781,78.80000305175781,78.9800033569336,2181466
2026-02-20 14:30:00+00:00,79.55000305175781,79.56500244140625,78.88999938964844,79.33000183105469,3352706
2026-02-20 15:30:00+00:00,79.375,79.56500244140625,79.1500015258789,79.54499816894531,1251821
2026-02-20 16:30:00+00:00,79.5,79.52999877929688,79.32499694824219,79.37000274658203,954373
2026-02-20 17:30:00+00:00,79.55999755859375,79.57499694824219,79.31999969482422,79.5,1501850
2026-02-20 18:30:00+00:00,79.67500305175781,79.67500305175781,79.40499877929688,79.55500030517578,1502855
2026-02-20 19:30:00+00:00,79.7300033569336,79.79000091552734,79.53500366210938,79.68000030517578,955208
2026-02-20 20:30:00+00:00,79.83999633789062,79.83999633789062,79.63999938964844,79.7300033569336,1936874
2026-02-23 14:30:00+00:00,80.06999969482422,80.2300033569336,79.5,79.5199966430664,4454932
2026-02-23 15:30:00+00:00,80.31999969482422,80.375,79.9800033569336,80.06999969482422,2306949
2026-02-23 16:30:00+00:00,80.40989685058594,80.66999816894531,80.2699966430664,80.31500244140625,1407515
2026-02-23 17:30:00+00:00,80.38500213623047,80.41999816894531,80.13999938964844,80.4000015258789,992272
2026-02-23 18:30:00+00:00,80.5250015258789,80.61000061035156,80.36000061035156,80.38500213623047,1078433
2026-02-23 19:30:00+00:00,80.84500122070312,80.84500122070312,80.43499755859375,80.5199966430664,1540877
2026-02-23 20:30:00+00:00,80.56500244140625,80.84500122070312,80.5,80.83999633789062,1964336
2026-02-24 14:30:00+00:00,80.31999969482422,81.08999633789062,79.8499984741211,80.54000091552734,4457241
2026-02-24 15:30:00+00:00,80.53500366210938,80.79499816894531,80.32499694824219,80.32550048828125,1881942
2026-02-24 16:30:00+00:00,80.50499725341797,80.70500183105469,80.38999938964844,80.54000091552734,1277430
2026-02-24 17:30:00+00:00,80.38999938964844,80.5250015258789,80.375,80.50499725341797,1350874
2026-02-24 18:30:00+00:00,80.6449966430664,80.66500091552734,80.3550033569336,80.38999938964844,845292
2026-02-24 19:30:00+00:00,80.76000213623047,80.80999755859375,80.56999969482422,80.6500015258789,1093421
2026-02-24 20:30:00+00:00,80.72000122070312,80.90879821777344,80.69000244140625,80.75499725341797,2011046
2026-02-25 14:30:00+00:00,80.03500366210938,80.58499908447266,79.55500030517578,80.4000015258789,3824671
2026-02-25 15:30:00+00:00,80.29000091552734,80.5,80.01000213623047,80.03500366210938,2078917
2026-02-25 16:30:00+00:00,80.56990051269531,80.69000244140625,80.28500366210938,80.29499816894531,1451910
2026-02-25 17:30:00+00:00,80.3949966430664,80.59500122070312,80.3499984741211,80.56999969482422,939067
2026-02-25 18:30:00+00:00,80.23999786376953,80.40989685058594,80.20999908447266,80.4000015258789,1873750
2026-02-25 19:30:00+00:00,80.20999908447266,80.29989624023438,80.11000061035156,80.24500274658203,1550944
2026-02-25 20:30:00+00:00,80.46499633789062,80.5199966430664,80.19999694824219,80.20500183105469,1897527
2026-02-26 14:30:00+00:00,80.44000244140625,80.88999938964844,80.37000274658203,80.75,2159855
2026-02-26 15:30:00+00:00,80.27999877929688,80.43000030517578,80.02100372314453,80.43000030517578,1300452
2026-02-26 16:30:00+00:00,80.27999877929688,80.5,80.17500305175781,80.28500366210938,1311950
2026-02-26 17:30:00+00:00,80.54499816894531,80.66000366210938,80.22000122070312,80.29000091552734,865625
2026-02-26 18:30:00+00:00,80.66999816894531,80.70500183105469,80.4800033569336,80.54499816894531,865325
2026-02-26 19:30:00+00:00,80.51499938964844,80.68000030517578,80.38500213623047,80.6781005859375,826384
2026-02-26 20:30:00+00:00,80.48999786376953,80.52989959716797,80.2750015258789,80.5199966430664,1996357
2026-02-27 14:30:00+00:00,81.23500061035156,81.55000305175781,80.81999969482422,80.94000244140625,2629620
2026-02-27 15:30:00+00:00,81.43499755859375,81.5250015258789,81.16000366210938,81.23999786376953,1359183
2026-02-27 16:30:00+00:00,81.42500305175781,81.69000244140625,81.38500213623047,81.44000244140625,1641050
2026-02-27 17:30:00+00:00,81.36000061035156,81.45999908447266,81.20500183105469,81.41999816894531,1326659
2026-02-27 18:30:00+00:00,81.5302963256836,81.67500305175781,81.30999755859375,81.3550033569336,1095336
2026-02-27 19:30:00+00:00,81.44499969482422,81.54499816894531,81.2699966430664,81.52999877929688,1413925
2026-02-27 20:30:00+00:00,81.55000305175781,82.0,81.28500366210938,81.44499969482422,3530183
2026-03-02 14:30:00+00:00,80.81999969482422,81.4000015258789,80.66000366210938,81.25,3256597
2026-03-02 15:30:00+00:00,80.58000183105469,81.01000213623047,80.51000213623047,80.83000183105469,1628279
2026-03-02 16:30:00+00:00,80.55999755859375,80.61000061035156,80.3949966430664,80.57499694824219,1078912
2026-03-02 17:30:00+00:00,80.44999694824219,80.61499786376953,80.31999969482422,80.55500030517578,1078179
2026-03-02 18:30:00+00:00,80.66500091552734,80.66999816894531,80.28500366210938,80.44999694824219,992323
2026-03-02 19:30:00+00:00,80.38500213623047,80.79499816894531,80.31999969482422,80.66500091552734,1372012
2026-03-02 20:30:00+00:00,80.19999694824219,80.5250015258789,80.15499877929688,80.38500213623047,2224963
2026-03-03 14:30:00+00:00,79.2676010131836,80.08000183105469,78.76499938964844,79.86000061035156,5011258
2026-03-03 15:30:00+00:00,78.76000213623047,79.32499694824219,78.70500183105469,79.2699966430664,1807844
2026-03-03 16:30:00+00:00,79.16500091552734,79.19999694824219,78.55500030517578,78.76000213623047,1430394
2026-03-03 17:30:00+00:00,79.04000091552734,79.23999786376953,78.93000030517578,79.16000366210938,959040
2026-03-03 18:30:00+00:00,79.44499969482422,79.5,79.0199966430664,79.04499816894531,865310
2026-03-03 19:30:00+00:00,79.68499755859375,79.7249984741211,79.33999633789062,79.44000244140625,1832668
2026-03-03 20:30:00+00:00,79.3499984741211,79.75499725341797,79.26000213623047,79.69000244140625,1911361
2026-03-04 14:30:00+00:00,78.1449966430664,79.47000122070312,78.05000305175781,79.29000091552734,3287152
2026-03-04 15:30:00+00:00,77.7699966430664,78.20999908447266,77.76000213623047,78.1500015258789,3003617
2026-03-04 16:30:00+00:00,78.19000244140625,78.22000122070312,77.75,77.76499938964844,1616448
2026-03-04 17:30:00+00:00,78.2699966430664,78.4000015258789,78.13500213623047,78.18000030517578,1092595
2026-03-04 18:30:00+00:00,78.2699966430664,78.31999969482422,78.02999877929688,78.27010345458984,1208578
2026-03-04 19:30:00+00:00,78.2750015258789,78.44000244140625,78.18000030517578,78.2699966430664,1049898
2026-03-04 20:30:00+00:00,78.07499694824219,78.4000015258789,78.0,78.27999877929688,2468002
2026-03-05 14:30:00+00:00,77.18000030517578,77.72000122070312,77.01390075683594,77.67500305175781,3383435
2026-03-05 15:30:00+00:00,77.31999969482422,77.51000213623047,77.09500122070312,77.16999816894531,1862748
2026-03-05 16:30:00+00:00,77.16999816894531,77.3949966430664,77.125,77.31999969482422,1347380
2026-03-05 17:30:00+00:00,77.24500274658203,77.37000274658203,77.08499908447266,77.16999816894531,1369554
2026-03-05 18:30:00+00:00,76.54499816894531,77.2699966430664,76.49500274658203,77.24500274658203,1828260
2026-03-05 19:30:00+00:00,76.96499633789062,76.98999786376953,76.51000213623047,76.54499816894531,1905515
2026-03-05 20:30:00+00:00,77.0,77.0199966430664,76.68000030517578,76.95999908447266,3058436
2026-03-06 14:30:00+00:00,76.86160278320312,76.9000015258789,76.3499984741211,76.80000305175781,2379858
2026-03-06 15:30:00+00:00,76.80999755859375,76.90499877929688,76.68000030517578,76.87000274658203,1359323
2026-03-06 16:30:00+00:00,76.73500061035156,76.91000366210938,76.56999969482422,76.80500030517578,929856
2026-03-06 17:30:00+00:00,76.92990112304688,77.02999877929688,76.70929718017578,76.7300033569336,650456
2026-03-06 18:30:00+00:00,77.03500366210938,77.04000091552734,76.81999969482422,76.91999816894531,755518
2026-03-06 19:30:00+00:00,77.18000030517578,77.19000244140625,77.00499725341797,77.03500366210938,910006
2026-03-06 20:30:00+00:00,77.05000305175781,77.19000244140625,76.9800033569336,77.18000030517578,2179337
2026-03-09 13:30:00+00:00,76.99500274658203,77.16500091552734,76.52999877929688,76.62000274658203,3260008
2026-03-09 14:30:00+00:00,77.52999877929688,77.59500122070312,76.94000244140625,76.9999008178711,1803745
2026-03-09 15:30:00+00:00,77.4000015258789,77.52510070800781,77.23500061035156,77.5199966430664,970855
2026-03-09 16:30:00+00:00,77.44999694824219,77.55000305175781,77.33999633789062,77.4000015258789,721660
2026-03-09 17:30:00+00:00,77.37000274658203,77.5199966430664,77.33499908447266,77.44499969482422,855159
2026-03-09 18:30:00+00:00,77.86000061035156,77.87000274658203,77.36000061035156,77.36000061035156,1434663
2026-03-09 19:30:00+00:00,77.86000061035156,78.06999969482422,77.75499725341797,77.86000061035156,3174353
2026-03-10 13:30:00+00:00,77.88999938964844,77.88999938964844,77.0999984741211,77.4749984741211,1861103
2026-03-10 14:30:00+00:00,77.97000122070312,78.02729797363281,77.80999755859375,77.88999938964844,988785
2026-03-10 15:30:00+00:00,78.05500030517578,78.30000305175781,77.94999694824219,77.96499633789062,824285
2026-03-10 16:30:00+00:00,78.33000183105469,78.40499877929688,78.04000091552734,78.05500030517578,688295
2026-03-10 17:30:00+00:00,78.19999694824219,78.4000015258789,77.98999786376953,78.33000183105469,1235131
2026-03-10 18:30:00+00:00,77.98999786376953,78.25,77.98999786376953,78.19999694824219,1626286
2026-03-10 19:30:00+00:00,77.91000366210938,78.05000305175781,77.7249984741211,77.98500061035156,1585388
2026-03-11 13:30:00+00:00,76.63009643554688,77.70999908447266,76.5999984741211,77.70999908447266,2071147
2026-03-11 14:30:00+00:00,77.19999694824219,77.34500122070312,76.59500122070312,76.62999725341797,1422560
2026-03-11 15:30:00+00:00,77.3499984741211,77.44999694824219,77.16999816894531,77.19999694824219,876720
2026-03-11 16:30:00+00:00,77.58509826660156,77.58509826660156,77.33000183105469,77.3499984741211,945047
2026-03-11 17:30:00+00:00,77.51499938964844,77.62699890136719,77.38500213623047,77.58999633789062,887101
2026-03-11 18:30:00+00:00,77.44999694824219,77.55500030517578,77.30500030517578,77.5199966430664,763024
2026-03-11 19:30:00+00:00,77.61000061035156,77.62999725341797,77.38500213623047,77.44999694824219,1355699
2026-03-12 13:30:00+00:00,77.55500030517578,77.63500213623047,76.8949966430664,77.41999816894531,2143452
2026-03-12 14:30:00+00:00,78.04499816894531,78.12100219726562,77.55500030517578,77.55500030517578,1718217
2026-03-12 15:30:00+00:00,77.85800170898438,78.097900390625,77.802001953125,78.04000091552734,1527389
2026-03-12 16:30:00+00:00,77.875,78.08597564697266,77.76000213623047,77.8550033569336,1069580
2026-03-12 17:30:00+00:00,78.06500244140625,78.16000366210938,77.81999969482422,77.875,2420022
2026-03-12 18:30:00+00:00,77.75,78.08999633789062,77.69999694824219,78.06500244140625,1659585
2026-03-12 19:30:00+00:00,77.59500122070312,77.88999938964844,77.54000091552734,77.75,2398488
2026-03-13 13:30:00+00:00,77.48999786376953,77.80999755859375,77.38500213623047,77.47000122070312,1691525
2026-03-13 14:30:00+00:00,77.42500305175781,77.62999725341797,77.33000183105469,77.48999786376953,1604425
2026-03-13 15:30:00+00:00,77.875,77.875,77.41000366210938,77.43000030517578,1445894
2026-03-13 16:30:00+00:00,77.44999694824219,78.04499816894531,77.44999694824219,77.87000274658203,1214773
2026-03-13 17:30:00+00:00,77.47000122070312,77.7750015258789,77.37999725341797,77.44999694824219,863824
2026-03-13 18:30:00+00:00,77.43499755859375,77.70500183105469,77.37999725341797,77.46019744873047,956292
2026-03-13 19:30:00+00:00,77.33999633789062,77.45999908447266,77.19000244140625,77.43000030517578,1622918
2026-03-16 13:30:00+00:00,78.33000183105469,78.43000030517578,77.81999969482422,78.0,2411640
2026-03-16 14:30:00+00:00,78.2300033569336,78.38500213623047,78.06500244140625,78.33999633789062,935832
2026-03-16 15:30:00+00:00,77.98500061035156,78.31500244140625,77.87999725341797,78.23979949951172,884841
2026-03-16 16:30:00+00:00,78.08999633789062,78.11676025390625,77.86405181884766,77.99500274658203,700542
2026-03-16 17:30:00+00:00,77.97000122070312,78.0999984741211,77.83000183105469,78.08499908447266,716973
2026-03-16 18:30:00+00:00,77.96499633789062,78.03500366210938,77.78500366210938,77.95999908447266,1000351
2026-03-16 19:30:00+00:00,77.84500122070312,77.9800033569336,77.73999786376953,77.96499633789062,1415939
2026-03-17 13:30:00+00:00,77.83000183105469,78.30000305175781,77.45099639892578,78.0,2129448
2026-03-17 14:30:00+00:00,78.04000091552734,78.06500244140625,77.77999877929688,77.82499694824219,1337467
2026-03-17 15:30:00+00:00,78.11499786376953,78.19499969482422,77.90799713134766,78.03500366210938,1220181
2026-03-17 16:30:00+00:00,77.9749984741211,78.20989990234375,77.91000366210938,78.11499786376953,811897
2026-03-17 17:30:00+00:00,77.8550033569336,77.98999786376953,77.7699966430664,77.97000122070312,811257
2026-03-17 18:30:00+00:00,77.7249984741211,77.875,77.62169647216797,77.8550033569336,1427395
2026-03-17 19:30:00+00:00,77.58999633789062,77.75499725341797,77.48999786376953,77.7249984741211,2306054
2026-03-18 13:30:00+00:00,76.74009704589844,77.125,76.0,77.08000183105469,2262783
2026-03-18 14:30:00+00:00,76.4800033569336,76.75,76.25,76.73999786376953,1169639
2026-03-18 15:30:00+00:00,76.6449966430664,76.70999908447266,76.44270324707031,76.4749984741211,917964
2026-03-18 16:30:00+00:00,76.43000030517578,76.73500061035156,76.23500061035156,76.6449966430664,921553
2026-03-18 17:30:00+00:00,76.30999755859375,76.45999908447266,76.0999984741211,76.42500305175781,1045341
2026-03-18 18:30:00+00:00,75.95500183105469,76.30000305175781,75.88999938964844,76.30000305175781,1491232
2026-03-18 19:30:00+00:00,75.97000122070312,76.0999984741211,75.8499984741211,75.95500183105469,2105331
2026-03-19 13:30:00+00:00,75.8949966430664,76.44999694824219,75.87000274658203,76.0,1973892
2026-03-19 14:30:00+00:00,75.9011001586914,75.95999908447266,75.5250015258789,75.8949966430664,1732565
2026-03-19 15:30:00+00:00,75.86000061035156,76.0250015258789,75.80999755859375,75.9000015258789,1221251
2026-03-19 16:30:00+00:00,75.73999786376953,75.98999786376953,75.56999969482422,75.86000061035156,1065651
2026-03-19 17:30:00+00:00,75.73999786376953,75.93000030517578,75.66000366210938,75.73500061035156,761543
2026-03-19 18:30:00+00:00,75.83499908447266,76.05500030517578,75.69999694824219,75.74500274658203,1234731
2026-03-19 19:30:00+00:00,75.56999969482422,75.91500091552734,75.54499816894531,75.83499908447266,1940785
2026-03-20 13:30:00+00:00,75.2249984741211,76.05000305175781,75.02999877929688,75.56500244140625,4441518
2026-03-20 14:30:00+00:00,75.0250015258789,75.375,74.97000122070312,75.22000122070312,1190711
2026-03-20 15:30:00+00:00,74.91500091552734,75.125,74.87999725341797,75.02999877929688,929088
2026-03-20 16:30:00+00:00,74.94999694824219,74.95500183105469,74.7249984741211,74.91000366210938,1083769
2026-03-20 17:30:00+00:00,74.90499877929688,75.01000213623047,74.75499725341797,74.96499633789062,1107372
2026-03-20 18:30:00+00:00,74.80500030517578,74.93000030517578,74.63500213623047,74.90499877929688,1723542
2026-03-20 19:30:00+00:00,74.77999877929688,74.88500213623047,74.38999938964844,74.80500030517578,3260040
2026-03-23 13:30:00+00:00,74.69000244140625,75.44709777832031,74.55000305175781,75.33999633789062,3233069
2026-03-23 14:30:00+00:00,75.08999633789062,75.1500015258789,74.66000366210938,74.69000244140625,1435077
2026-03-23 15:30:00+00:00,75.1449966430664,75.40499877929688,75.08999633789062,75.0999984741211,1157738
2026-03-23 16:30:00+00:00,75.23999786376953,75.3499984741211,75.08999633789062,75.1500015258789,988894
2026-03-23 17:30:00+00:00,75.28500366210938,75.43499755859375,75.11499786376953,75.24009704589844,983288
2026-03-23 18:30:00+00:00,75.16000366210938,75.41500091552734,75.08499908447266,75.29000091552734,1501797
2026-03-23 19:30:00+00:00,75.11000061035156,75.26000213623047,75.01000213623047,75.15499877929688,2254468
2026-03-24 13:30:00+00:00,75.55000305175781,75.68499755859375,74.69000244140625,74.86000061035156,1619396
2026-03-24 14:30:00+00:00,75.4489974975586,75.6500015258789,75.29499816894531,75.55500030517578,1570695
2026-03-24 15:30:00+00:00,75.51499938964844,75.61000061035156,75.37999725341797,75.44000244140625,1402199
2026-03-24 16:30:00+00:00,75.33000183105469,75.53500366210938,75.22750091552734,75.5199966430664,656132
2026-03-24 17:30:00+00:00,75.20999908447266,75.3550033569336,75.03500366210938,75.32499694824219,836513
2026-03-24 18:30:00+00:00,74.9749984741211,75.2750015258789,74.91500091552734,75.21499633789062,859157
2026-03-24 19:30:00+00:00,74.68000030517578,75.01000213623047,74.62999725341797,74.97000122070312,2022257
2026-03-25 13:30:00+00:00,74.29000091552734,74.83999633789062,74.06999969482422,74.58999633789062,2530779
2026-03-25 14:30:00+00:00,75.25990295410156,75.26000213623047,74.2699966430664,74.30000305175781,1934299
2026-03-25 15:30:00+00:00,75.29499816894531,75.375,75.12000274658203,75.25,1601971
2026-03-25 16:30:00+00:00,75.55989837646484,75.56500244140625,75.23999786376953,75.30000305175781,724020
2026-03-25 17:30:00+00:00,75.45999908447266,75.6449966430664,75.41000366210938,75.55000305175781,946751
2026-03-25 18:30:00+00:00,75.44000244140625,75.49500274658203,75.27999877929688,75.45999908447266,986822
2026-03-25 19:30:00+00:00,75.2750015258789,75.46990203857422,75.20500183105469,75.44000244140625,1817699
2026-03-26 13:30:00+00:00,75.51000213623047,75.69000244140625,74.8499984741211,75.19000244140625,1886931
2026-03-26 14:30:00+00:00,75.36000061035156,75.74500274658203,75.33999633789062,75.5,1050839
2026-03-26 15:30:00+00:00,75.23989868164062,75.37000274658203,75.0999984741211,75.37000274658203,1002995
2026-03-26 16:30:00+00:00,75.32499694824219,75.44000244140625,75.21499633789062,75.2300033569336,722515
2026-03-26 17:30:00+00:00,75.1500015258789,75.3499984741211,75.08499908447266,75.31999969482422,977276
2026-03-26 18:30:00+00:00,74.8949966430664,75.16000366210938,74.83999633789062,75.1500015258789,882600
2026-03-26 19:30:00+00:00,74.69999694824219,74.91999816894531,74.6500015258789,74.88999938964844,1685370
2026-03-27 13:30:00+00:00,75.43499755859375,75.69499969482422,74.69999694824219,74.81999969482422,3016109
2026-03-27 14:30:00+00:00,75.58000183105469,75.63999938964844,75.33000183105469,75.43499755859375,1329173
2026-03-27 15:30:00+00:00,75.75499725341797,75.81999969482422,75.30500030517578,75.58000183105469,1433383
2026-03-27 16:30:00+00:00,75.84500122070312,75.94499969482422,75.67659759521484,75.75,1526125
2026-03-27 17:30:00+00:00,75.76499938964844,76.05000305175781,75.7300033569336,75.8499984741211,1160743
2026-03-27 18:30:00+00:00,75.6050033569336,75.875,75.55000305175781,75.76499938964844,1334093
2026-03-27 19:30:00+00:00,75.69499969482422,75.7249984741211,75.33999633789062,75.6050033569336,2671744
2026-03-30 13:30:00+00:00,76.59500122070312,76.62000274658203,75.72000122070312,75.93000030517578,3770715
2026-03-30 14:30:00+00:00,76.76499938964844,76.99500274658203,76.5,76.5999984741211,2133721
2026-03-30 15:30:00+00:00,76.77999877929688,76.83499908447266,76.625,76.76000213623047,1480611
2026-03-30 16:30:00+00:00,76.9000015258789,76.93499755859375,76.6449966430664,76.77999877929688,1165983
2026-03-30 17:30:00+00:00,76.94499969482422,76.98249816894531,76.6500015258789,76.90499877929688,1346012
2026-03-30 18:30:00+00:00,76.37999725341797,76.95999908447266,76.3550033569336,76.94499969482422,1385977
2026-03-30 19:30:00+00:00,76.2699966430664,76.4800033569336,76.20999908447266,76.37999725341797,2655904
2026-03-31 13:30:00+00:00,75.88500213623047,77.01499938964844,75.69000244140625,76.52999877929688,3071360
2026-03-31 14:30:00+00:00,75.76000213623047,76.04499816894531,75.50499725341797,75.88500213623047,2681664
2026-03-31 15:30:00+00:00,75.58000183105469,75.9000015258789,75.51000213623047,75.75499725341797,1192103
2026-03-31 16:30:00+00:00,75.66000366210938,75.91500091552734,75.55500030517578,75.55999755859375,2239259
2026-03-31 17:30:00+00:00,76.0250015258789,76.1500015258789,75.63500213623047,75.66000366210938,1032593
2026-03-31 18:30:00+00:00,76.13500213623047,76.17500305175781,75.7699966430664,76.0250015258789,1468262
2026-03-31 19:30:00+00:00,76.05999755859375,76.26499938964844,75.94499969482422,76.13999938964844,2122958
2026-04-01 13:30:00+00:00,75.5999984741211,76.20500183105469,75.26000213623047,76.1500015258789,3385353
2026-04-01 14:30:00+00:00,76.08999633789062,76.25499725341797,75.61000061035156,75.61000061035156,1683203
2026-04-01 15:30:00+00:00,75.8949966430664,76.1500015258789,75.625,76.08499908447266,1396803
2026-04-01 16:30:00+00:00,76.05500030517578,76.06999969482422,75.87999725341797,75.88999938964844,802891
2026-04-01 17:30:00+00:00,76.13500213623047,76.25,76.00499725341797,76.05500030517578,1253638
2026-04-01 18:30:00+00:00,76.20500183105469,76.2750015258789,76.09500122070312,76.13500213623047,1134456
2026-04-01 19:30:00+00:00,76.11000061035156,76.36000061035156,76.05500030517578,76.20500183105469,2232104
2026-04-02 13:30:00+00:00,76.67500305175781,76.87000274658203,76.12000274658203,76.58000183105469,1843749
2026-04-02 14:30:00+00:00,76.70999908447266,76.95800018310547,76.5250015258789,76.68000030517578,1462432
2026-04-02 15:30:00+00:00,76.83999633789062,76.86499786376953,76.65499877929688,76.70999908447266,742515
2026-04-02 16:30:00+00:00,76.71499633789062,76.91500091552734,76.59500122070312,76.83499908447266,572136
2026-04-02 17:30:00+00:00,76.69000244140625,76.7750015258789,76.53500366210938,76.71499633789062,818861
2026-04-02 18:30:00+00:00,76.65499877929688,76.8949966430664,76.61000061035156,76.68009948730469,1221967
2026-04-02 19:30:00+00:00,76.71499633789062,76.7750015258789,76.5250015258789,76.6500015258789,1369879
2026-04-06 13:30:00+00:00,77.02999877929688,77.06500244140625,76.2218017578125,76.63999938964844,1347174
2026-04-06 14:30:00+00:00,77.04000091552734,77.1500015258789,76.93000030517578,77.03500366210938,763332
2026-04-06 15:30:00+00:00,77.125,77.16000366210938,76.92500305175781,77.03500366210938,487255
2026-04-06 16:30:00+00:00,77.11499786376953,77.18000030517578,77.05000305175781,77.12000274658203,578765
2026-04-06 17:30:00+00:00,77.00499725341797,77.18000030517578,76.91999816894531,77.12000274658203,682696
2026-04-06 18:30:00+00:00,77.19000244140625,77.26000213623047,76.99500274658203,77.01000213623047,721728
2026-04-06 19:30:00+00:00,77.23999786376953,77.2750015258789,77.08000183105469,77.19819641113281,1253593
2026-04-07 13:30:00+00:00,76.97000122070312,77.59500122070312,76.97000122070312,77.19999694824219,1735215
2026-04-07 14:30:00+00:00,76.25,77.16999816894531,76.17500305175781,76.96499633789062,1648126
2026-04-07 15:30:00+00:00,76.24500274658203,76.37999725341797,76.12010192871094,76.25,925454
2026-04-07 16:30:00+00:00,75.9480972290039,76.24500274658203,75.94499969482422,76.24500274658203,837521
2026-04-07 17:30:00+00:00,76.02999877929688,76.05000305175781,75.86499786376953,75.94000244140625,722193
2026-04-07 18:30:00+00:00,75.94999694824219,76.04499816894531,75.625,76.02999877929688,1080531
2026-04-07 19:30:00+00:00,75.91999816894531,76.03500366210938,75.74500274658203,75.95500183105469,1849274
2026-04-08 13:30:00+00:00,76.20999908447266,76.68000030517578,75.31500244140625,75.80999755859375,3100737
2026-04-08 14:30:00+00:00,76.62999725341797,76.82499694824219,76.16000366210938,76.19999694824219,1149990
2026-04-08 15:30:00+00:00,76.71499633789062,76.87999725341797,76.625,76.625,744297
2026-04-08 16:30:00+00:00,76.79499816894531,76.87000274658203,76.63999938964844,76.71499633789062,691430
2026-04-08 17:30:00+00:00,76.83499908447266,76.91999816894531,76.74500274658203,76.79000091552734,705451
2026-04-08 18:30:00+00:00,77.0,77.04499816894531,76.72000122070312,76.83499908447266,746885
2026-04-08 19:30:00+00:00,77.31500244140625,77.37000274658203,76.98999786376953,77.00499725341797,1559618
2026-04-09 13:30:00+00:00,77.80509948730469,77.81999969482422,76.37000274658203,76.6500015258789,1643521
2026-04-09 14:30:00+00:00,77.71990203857422,77.81500244140625,77.44499969482422,77.80000305175781,975408
2026-04-09 15:30:00+00:00,77.95999908447266,78.08999633789062,77.68000030517578,77.71499633789062,1066384
2026-04-09 16:30:00+00:00,78.05999755859375,78.1500015258789,77.93000030517578,77.96499633789062,1600560
2026-04-09 17:30:00+00:00,78.08499908447266,78.29000091552734,77.99500274658203,78.05999755859375,1153309
2026-04-09 18:30:00+00:00,78.08499908447266,78.17500305175781,78.04000091552734,78.08499908447266,790731
2026-04-09 19:30:00+00:00,78.17500305175781,78.2300033569336,78.04000091552734,78.08499908447266,1879872
2026-04-10 13:30:00+00:00,78.04499816894531,78.16999816894531,77.54499816894531,77.9800033569336,1540774
2026-04-10 14:30:00+00:00,77.83499908447266,78.09020233154297,77.7249984741211,78.05000305175781,983469
2026-04-10 15:30:00+00:00,77.71710205078125,78.03500366210938,77.69999694824219,77.83999633789062,681624
2026-04-10 16:30:00+00:00,77.66500091552734,77.82620239257812,77.66000366210938,77.72000122070312,476728
2026-04-10 17:30:00+00:00,77.61499786376953,77.71499633789062,77.59500122070312,77.66500091552734,602545
2026-04-10 18:30:00+00:00,77.56999969482422,77.69000244140625,77.52999877929688,77.61499786376953,810677
2026-04-10 19:30:00+00:00,77.4749984741211,77.58000183105469,77.30500030517578,77.55999755859375,2057758
2026-04-13 13:30:00+00:00,76.68000030517578,77.44999694824219,76.6050033569336,77.31999969482422,1386551
2026-04-13 14:30:00+00:00,76.0999984741211,76.7750015258789,76.09500122070312,76.68000030517578,2038514
2026-04-13 15:30:00+00:00,75.9800033569336,76.12000274658203,75.91000366210938,76.09500122070312,1248193
2026-04-13 16:30:00+00:00,75.875,76.03600311279297,75.82499694824219,75.98999786376953,1055486
2026-04-13 17:30:00+00:00,76.08999633789062,76.18000030517578,75.83999633789062,75.875,1082710
2026-04-13 18:30:00+00:00,76.31500244140625,76.31500244140625,76.0250015258789,76.08499908447266,1078575
2026-04-13 19:30:00+00:00,76.40499877929688,76.4800033569336,76.23500061035156,76.31999969482422,2127019
2026-04-14 13:30:00+00:00,76.49500274658203,76.62000274658203,75.80000305175781,75.97000122070312,1980722
2026-04-14 14:30:00+00:00,76.51499938964844,76.61000061035156,76.3949966430664,76.49500274658203,715345
2026-04-14 15:30:00+00:00,76.19999694824219,76.51899719238281,76.11499786376953,76.51499938964844,955150
2026-04-14 16:30:00+00:00,76.1050033569336,76.20500183105469,76.02999877929688,76.19499969482422,697739
2026-04-14 17:30:00+00:00,76.23500061035156,76.25669860839844,76.01000213623047,76.1050033569336,720040
2026-04-14 18:30:00+00:00,76.28500366210938,76.30000305175781,76.19999694824219,76.23500061035156,820437
2026-04-14 19:30:00+00:00,75.91000366210938,76.37000274658203,75.8949966430664,76.28500366210938,1755849
2026-04-15 13:30:00+00:00,74.9000015258789,75.73999786376953,74.72000122070312,75.73999786376953,3053126
2026-04-15 14:30:00+00:00,75.08000183105469,75.1449966430664,74.78500366210938,74.9000015258789,1646626
2026-04-15 15:30:00+00:00,75.19000244140625,75.33499908447266,75.05999755859375,75.07499694824219,915013
2026-04-15 16:30:00+00:00,75.56999969482422,75.60030364990234,75.19499969482422,75.19499969482422,769329
2026-04-15 17:30:00+00:00,75.23139953613281,75.56999969482422,75.19000244140625,75.56999969482422,1238283
2026-04-15 18:30:00+00:00,75.37999725341797,75.37999725341797,75.06500244140625,75.23500061035156,1646976
2026-04-15 19:30:00+00:00,75.30999755859375,75.38500213623047,75.11000061035156,75.375,2084723
2026-04-16 13:30:00+00:00,75.66999816894531,75.83499908447266,74.9000015258789,75.02999877929688,1919175
2026-04-16 14:30:00+00:00,75.37999725341797,75.69999694824219,75.33999633789062,75.67500305175781,960348
2026-04-16 15:30:00+00:00,75.13999938964844,75.44000244140625,75.1050033569336,75.38500213623047,929616
2026-04-16 16:30:00+00:00,74.9749984741211,75.20999908447266,74.91500091552734,75.13999938964844,961233
2026-04-16 17:30:00+00:00,75.08999633789062,75.0999984741211,74.94499969482422,74.97029876708984,1220756
2026-04-16 18:30:00+00:00,75.2300033569336,75.25,74.94499969482422,75.08499908447266,1102142
2026-04-16 19:30:00+00:00,75.16500091552734,75.26000213623047,75.01499938964844,75.23500061035156,1455796
2026-04-17 13:30:00+00:00,75.6050033569336,75.80000305175781,74.80000305175781,75.07440185546875,2972029
2026-04-17 14:30:00+00:00,75.81500244140625,75.97989654541016,75.46499633789062,75.6050033569336,2395990
2026-04-17 15:30:00+00:00,75.88999938964844,76.05500030517578,75.77999877929688,75.81009674072266,812868
2026-04-17 16:30:00+00:00,75.84500122070312,75.96499633789062,75.83000183105469,75.8949966430664,909651
2026-04-17 17:30:00+00:00,75.93499755859375,75.9395980834961,75.7699966430664,75.8499984741211,639826
2026-04-17 18:30:00+00:00,75.92500305175781,75.99500274658203,75.81500244140625,75.93499755859375,1410740
2026-04-17 19:30:00+00:00,75.73999786376953,76.0250015258789,75.70999908447266,75.92500305175781,1725423
2026-04-20 13:30:00+00:00,76.04989624023438,76.1834716796875,75.66999816894531,75.81999969482422,1556101
2026-04-20 14:30:00+00:00,76.03500366210938,76.22000122070312,75.87000274658203,76.05000305175781,1017532
2026-04-20 15:30:00+00:00,75.98999786376953,76.0999984741211,75.91500091552734,76.03500366210938,710677
2026-04-20 16:30:00+00:00,75.68000030517578,75.98500061035156,75.6449966430664,75.98500061035156,577164
2026-04-20 17:30:00+00:00,75.42500305175781,75.69000244140625,75.41000366210938,75.68000030517578,735898
2026-04-20 18:30:00+00:00,75.49500274658203,75.61979675292969,75.41999816894531,75.43000030517578,893098
2026-04-20 19:30:00+00:00,75.50499725341797,75.56500244140625,75.36000061035156,75.48999786376953,1686974
2026-04-21 13:30:00+00:00,74.84500122070312,75.52999877929688,74.82499694824219,75.4749984741211,1679969
2026-04-21 14:30:00+00:00,74.7249984741211,74.95999908447266,74.61499786376953,74.8499984741211,1121192
2026-04-21 15:30:00+00:00,74.80999755859375,74.94499969482422,74.66500091552734,74.72000122070312,833337
2026-04-21 16:30:00+00:00,74.93499755859375,74.94000244140625,74.67500305175781,74.80500030517578,790973
2026-04-21 17:30:00+00:00,75.11499786376953,75.19499969482422,74.93499755859375,74.93499755859375,862991
2026-04-21 18:30:00+00:00,74.99500274658203,75.17500305175781,74.94999694824219,75.12000274658203,847894
2026-04-21 19:30:00+00:00,74.70999908447266,74.98999786376953,74.69499969482422,74.98999786376953,1877161
2026-04-22 13:30:00+00:00,75.2750015258789,75.37999725341797,74.75,74.9000015258789,1331393
2026-04-22 14:30:00+00:00,75.01499938964844,75.37999725341797,74.98500061035156,75.27179718017578,1001641
2026-04-22 15:30:00+00:00,74.7300033569336,75.01499938964844,74.7300033569336,75.01000213623047,797438
2026-04-22 16:30:00+00:00,74.91999816894531,74.94999694824219,74.7300033569336,74.73999786376953,497762
2026-04-22 17:30:00+00:00,74.71499633789062,74.94999694824219,74.6500015258789,74.91999816894531,628664
2026-04-22 18:30:00+00:00,74.74500274658203,74.75499725341797,74.55000305175781,74.70999908447266,953240
2026-04-22 19:30:00+00:00,74.62999725341797,74.80500030517578,74.58000183105469,74.74500274658203,1760456
2026-04-23 13:30:00+00:00,76.2750015258789,76.57499694824219,75.16000366210938,75.44000244140625,2417779
2026-04-23 14:30:00+00:00,76.21499633789062,76.30500030517578,75.87999725341797,76.2750015258789,1566156
2026-04-23 15:30:00+00:00,76.31500244140625,76.43499755859375,76.1500015258789,76.22000122070312,925351
2026-04-23 16:30:00+00:00,76.31999969482422,76.43000030517578,76.22000122070312,76.31990051269531,651657
2026-04-23 17:30:00+00:00,76.55500030517578,76.625,76.30979919433594,76.31999969482422,1008462
2026-04-23 18:30:00+00:00,76.55850219726562,76.66000366210938,76.44499969482422,76.55500030517578,1065339
2026-04-23 19:30:00+00:00,76.30500030517578,76.62000274658203,76.29000091552734,76.55500030517578,1831320
2026-04-24 13:30:00+00:00,76.87000274658203,76.8949966430664,76.16999816894531,76.70999908447266,1919518
2026-04-24 14:30:00+00:00,76.69499969482422,77.00499725341797,76.62999725341797,76.86000061035156,1482592
2026-04-24 15:30:00+00:00,76.70500183105469,76.83999633789062,76.5999984741211,76.69999694824219,991995
2026-04-24 16:30:00+00:00,76.70989990234375,76.75,76.61000061035156,76.70500183105469,510216
2026-04-24 17:30:00+00:00,76.43499755859375,76.78569793701172,76.3949966430664,76.70500183105469,910798
2026-04-24 18:30:00+00:00,76.43000030517578,76.61000061035156,76.3949966430664,76.43499755859375,957221
2026-04-24 19:30:00+00:00,76.62999725341797,76.74500274658203,76.38379669189453,76.43499755859375,2048872
2026-04-27 13:30:00+00:00,76.0999984741211,76.70999908447266,76.09500122070312,76.70999908447266,2322238
2026-04-27 14:30:00+00:00,75.9749984741211,76.30500030517578,75.8550033569336,76.11000061035156,1482036
2026-04-27 15:30:00+00:00,76.28500366210938,76.30989837646484,75.88500213623047,75.9749984741211,987521
2026-04-27 16:30:00+00:00,76.09500122070312,76.30500030517578,76.05999755859375,76.27999877929688,754568
2026-04-27 17:30:00+00:00,75.9749984741211,76.13500213623047,75.94000244140625,76.09500122070312,920016
2026-04-27 18:30:00+00:00,75.81999969482422,76.0999984741211,75.70500183105469,75.9749984741211,1696892
2026-04-27 19:30:00+00:00,75.44999694824219,75.97000122070312,75.4000015258789,75.80999755859375,3755001
2026-04-28 13:30:00+00:00,79.76499938964844,80.04000091552734,78.8550033569336,79.5199966430664,9851674
2026-04-28 14:30:00+00:00,80.17500305175781,80.31999969482422,79.40499877929688,79.76499938964844,3801655
2026-04-28 15:30:00+00:00,80.23999786376953,80.30000305175781,79.83999633789062,80.18000030517578,2298423
2026-04-28 16:30:00+00:00,79.62999725341797,80.28500366210938,79.62999725341797,80.23500061035156,1713488
2026-04-28 17:30:00+00:00,78.8550033569336,79.81500244140625,78.77999877929688,79.63500213623047,1991570
2026-04-28 18:30:00+00:00,78.4749984741211,78.9000015258789,78.38999938964844,78.8550033569336,2023866
2026-04-28 19:30:00+00:00,78.38999938964844,78.47000122070312,78.07499694824219,78.47000122070312,4114313
2026-04-29 13:30:00+00:00,78.41000366210938,79.22000122070312,78.23500061035156,78.37000274658203,3346555
2026-04-29 14:30:00+00:00,78.74500274658203,78.91500091552734,78.19000244140625,78.41500091552734,1535296
2026-04-29 15:30:00+00:00,79.18000030517578,79.18499755859375,78.53500366210938,78.73999786376953,1277942
2026-04-29 16:30:00+00:00,78.92500305175781,79.2750015258789,78.86000061035156,79.17500305175781,1032442
2026-04-29 17:30:00+00:00,78.8499984741211,79.06999969482422,78.79499816894531,78.93000030517578,1149995
2026-04-29 18:30:00+00:00,78.81500244140625,78.92500305175781,78.6050033569336,78.84500122070312,1836971
2026-04-29 19:30:00+00:00,78.9000015258789,78.97000122070312,78.72000122070312,78.80999755859375,2190430
2026-04-30 13:30:00+00:00,79.04000091552734,79.12000274658203,78.37999725341797,78.79499816894531,2770022
2026-04-30 14:30:00+00:00,78.45999908447266,79.0999984741211,78.3499984741211,79.04000091552734,1667705
2026-04-30 15:30:00+00:00,78.53009796142578,78.57990264892578,78.32499694824219,78.37999725341797,960395
2026-04-30 16:30:00+00:00,78.46499633789062,78.86499786376953,78.44499969482422,78.53500366210938,951763
2026-04-30 17:30:00+00:00,78.4749984741211,78.58000183105469,78.37999725341797,78.45999908447266,1001073
2026-04-30 18:30:00+00:00,78.54499816894531,78.69830322265625,78.37999725341797,78.4800033569336,1104593
2026-04-30 19:30:00+00:00,78.7699966430664,78.93000030517578,78.4800033569336,78.54499816894531,2117207
2026-05-01 13:30:00+00:00,79.41500091552734,79.63999938964844,78.80000305175781,79.29000091552734,2496271
2026-05-01 14:30:00+00:00,78.95500183105469,79.62000274658203,78.93000030517578,79.41500091552734,961618
2026-05-01 15:30:00+00:00,78.59500122070312,78.95500183105469,78.58000183105469,78.93000030517578,818561
2026-05-01 16:30:00+00:00,78.36000061035156,78.59500122070312,78.29000091552734,78.58999633789062,661224
2026-05-01 17:30:00+00:00,78.125,78.49500274658203,78.11000061035156,78.3550033569336,977699
2026-05-01 18:30:00+00:00,78.69000244140625,78.70999908447266,78.04000091552734,78.12750244140625,1194579
2026-05-01 19:30:00+00:00,78.57499694824219,78.84500122070312,78.54000091552734,78.69999694824219,2406662
2026-05-04 13:30:00+00:00,78.68499755859375,78.68499755859375,77.7300033569336,78.05999755859375,2091360
2026-05-04 14:30:00+00:00,78.45089721679688,78.72000122070312,78.33000183105469,78.68499755859375,978791
2026-05-04 15:30:00+00:00,78.25499725341797,78.7699966430664,78.23999786376953,78.45500183105469,912034
2026-05-04 16:30:00+00:00,78.4000015258789,78.43000030517578,78.12000274658203,78.25299835205078,818955
2026-05-04 17:30:00+00:00,77.98500061035156,78.41000366210938,77.97000122070312,78.4000015258789,925335
2026-05-04 18:30:00+00:00,78.02999877929688,78.08000183105469,77.88999938964844,77.98500061035156,845294
2026-05-04 19:30:00+00:00,78.19000244140625,78.23999786376953,77.91000366210938,78.0199966430664,1915741
2026-05-05 13:30:00+00:00,78.28500366210938,78.36000061035156,77.73999786376953,78.19000244140625,1810846
2026-05-05 14:30:00+00:00,78.38500213623047,78.52999877929688,78.22000122070312,78.28990173339844,811586
2026-05-05 15:30:00+00:00,78.51000213623047,78.66000366210938,78.34500122070312,78.375,610688
2026-05-05 16:30:00+00:00,78.3499984741211,78.58000183105469,78.34970092773438,78.50499725341797,548468
2026-05-05 17:30:00+00:00,78.72000122070312,78.72000122070312,78.33999633789062,78.3499984741211,833944
2026-05-05 18:30:00+00:00,78.69499969482422,78.77999877929688,78.6050033569336,78.72010040283203,945809
2026-05-05 19:30:00+00:00,78.51000213623047,78.76499938964844,78.2699966430664,78.69000244140625,2932800
2026-05-06 13:30:00+00:00,78.97000122070312,79.20999908447266,78.56999969482422,78.77999877929688,2688467
2026-05-06 14:30:00+00:00,78.77999877929688,79.07499694824219,78.63999938964844,78.9573974609375,1201304
2026-05-06 15:30:00+00:00,78.73500061035156,78.80999755859375,78.56500244140625,78.78500366210938,1048274
2026-05-06 16:30:00+00:00,78.71009826660156,78.81500244140625,78.59500122070312,78.73500061035156,772349
2026-05-06 17:30:00+00:00,79.11499786376953,79.11499786376953,78.70999908447266,78.72000122070312,798127
2026-05-06 18:30:00+00:00,79.125,79.33000183105469,79.05500030517578,79.11499786376953,1194151
2026-05-06 19:30:00+00:00,79.19499969482422,79.29750061035156,79.08999633789062,79.125,1968760
2026-05-07 13:30:00+00:00,78.20999908447266,79.06999969482422,78.09500122070312,78.79000091552734,3408867
2026-05-07 14:30:00+00:00,78.875,78.87999725341797,78.19999694824219,78.19999694824219,1314757
2026-05-07 15:30:00+00:00,79.05999755859375,79.1449966430664,78.72000122070312,78.875,1551982
2026-05-07 16:30:00+00:00,78.83000183105469,79.08499908447266,78.66999816894531,79.05500030517578,756402
2026-05-07 17:30:00+00:00,78.81900024414062,78.87979888916016,78.51499938964844,78.83000183105469,773228
2026-05-07 18:30:00+00:00,78.75,78.92500305175781,78.68000030517578,78.81500244140625,1428159
2026-05-07 19:30:00+00:00,78.44999694824219,78.75,78.38999938964844,78.75,2514357
2026-05-08 13:30:00+00:00,78.91999816894531,79.19010162353516,78.43000030517578,78.56500244140625,1824953
2026-05-08 14:30:00+00:00,78.6449966430664,78.94000244140625,78.45500183105469,78.8949966430664,898402
2026-05-08 15:30:00+00:00,78.70500183105469,78.95500183105469,78.62000274658203,78.63500213623047,999669
2026-05-08 16:30:00+00:00,78.47000122070312,78.74500274658203,78.3499984741211,78.70500183105469,614443
2026-05-08 17:30:00+00:00,78.34850311279297,78.63999938964844,78.31999969482422,78.47000122070312,1590224
2026-05-08 18:30:00+00:00,78.37000274658203,78.43000030517578,78.11499786376953,78.3499984741211,1071432
2026-05-08 19:30:00+00:00,78.41999816894531,78.55500030517578,78.33000183105469,78.375,1952425
2026-05-11 13:30:00+00:00,78.375,78.41000366210938,77.86150360107422,77.97000122070312,2138247
2026-05-11 14:30:00+00:00,78.1050033569336,78.37999725341797,78.08000183105469,78.37000274658203,987966
2026-05-11 15:30:00+00:00,77.91500091552734,78.18499755859375,77.8499984741211,78.1449966430664,812430
2026-05-11 16:30:00+00:00,78.23999786376953,78.31500244140625,77.84230041503906,77.91500091552734,663644
2026-05-11 17:30:00+00:00,78.36000061035156,78.54499816894531,78.23999786376953,78.23999786376953,687092
2026-05-11 18:30:00+00:00,78.50499725341797,78.55500030517578,78.00029754638672,78.36000061035156,1056295
2026-05-11 19:30:00+00:00,78.69000244140625,78.7300033569336,78.44499969482422,78.51000213623047,1604866
2026-05-12 13:30:00+00:00,79.16799926757812,79.16799926757812,78.27999877929688,79.0,3044507
2026-05-12 14:30:00+00:00,79.56999969482422,79.63999938964844,79.0250015258789,79.16500091552734,2151392
2026-05-12 15:30:00+00:00,79.88999938964844,79.92500305175781,79.41010284423828,79.58000183105469,1053438
2026-05-12 16:30:00+00:00,80.19499969482422,80.30000305175781,79.8499984741211,79.875,1313854
2026-05-12 17:30:00+00:00,80.15499877929688,80.20500183105469,79.97000122070312,80.19000244140625,2585567
2026-05-12 18:30:00+00:00,80.1666030883789,80.31999969482422,80.08999633789062,80.1500015258789,1561604
2026-05-12 19:30:00+00:00,80.1050033569336,80.26000213623047,80.0199966430664,80.16000366210938,3672860
2026-05-13 13:30:00+00:00,80.44999694824219,81.02999877929688,79.84500122070312,79.86499786376953,2406286
2026-05-13 14:30:00+00:00,80.31839752197266,80.4800033569336,79.83999633789062,80.44999694824219,1513895
2026-05-13 15:30:00+00:00,80.12000274658203,80.33000183105469,80.01000213623047,80.31990051269531,1057099
2026-05-13 16:30:00+00:00,80.13500213623047,80.2300033569336,80.01000213623047,80.125,1164137
2026-05-13 17:30:00+00:00,80.12000274658203,80.23999786376953,80.07499694824219,80.13999938964844,1070864
2026-05-13 18:30:00+00:00,80.3499984741211,80.47000122070312,80.08499908447266,80.11499786376953,1226351
2026-05-13 19:30:00+00:00,80.26000213623047,80.40170288085938,80.2300033569336,80.3550033569336,1233516
2026-05-14 13:30:00+00:00,80.36000061035156,80.87570190429688,79.91000366210938,80.7300033569336,1370761
2026-05-14 14:30:00+00:00,80.58000183105469,80.61000061035156,80.30000305175781,80.36000061035156,1263444
2026-05-14 15:30:00+00:00,80.78500366210938,80.91999816894531,80.5199966430664,80.56999969482422,1461344
2026-05-14 16:30:00+00:00,80.68000030517578,80.8499984741211,80.68000030517578,80.79000091552734,576141
2026-05-14 17:30:00+00:00,80.59989929199219,80.81999969482422,80.55549621582031,80.68000030517578,806234
2026-05-14 18:30:00+00:00,80.62000274658203,80.75,80.36000061035156,80.58999633789062,1136495
2026-05-14 19:30:00+00:00,80.4800033569336,80.6500015258789,80.4000015258789,80.62000274658203,1234380
2026-05-15 13:30:00+00:00,81.0999984741211,81.36000061035156,80.76000213623047,81.36000061035156,3859986
2026-05-15 14:30:00+00:00,80.74500274658203,81.1500015258789,80.66000366210938,81.0999984741211,1670990
2026-05-15 15:30:00+00:00,80.75,80.91500091552734,80.44999694824219,80.74500274658203,2946152
2026-05-15 16:30:00+00:00,81.06999969482422,81.16000366210938,80.68499755859375,80.73999786376953,813590
2026-05-15 17:30:00+00:00,81.03919982910156,81.07499694824219,80.79000091552734,81.07499694824219,2367078
2026-05-15 18:30:00+00:00,81.01000213623047,81.06500244140625,80.91999816894531,81.03500366210938,774146
2026-05-15 19:30:00+00:00,80.82499694824219,81.07499694824219,80.80999755859375,81.01000213623047,1757596
2026-05-18 13:30:00+00:00,81.05000305175781,81.16999816894531,80.38999938964844,80.87000274658203,2264698
2026-05-18 14:30:00+00:00,80.94999694824219,81.29000091552734,80.8499984741211,81.04000091552734,1167621
2026-05-18 15:30:00+00:00,81.05000305175781,81.0999984741211,80.79000091552734,80.94999694824219,923325
2026-05-18 16:30:00+00:00,81.0250015258789,81.18000030517578,80.83000183105469,81.05000305175781,668662
2026-05-18 17:30:00+00:00,81.18499755859375,81.23500061035156,80.96499633789062,81.04000091552734,1808561
2026-05-18 18:30:00+00:00,81.29000091552734,81.38500213623047,81.11000061035156,81.19000244140625,1132886
2026-05-18 19:30:00+00:00,81.22000122070312,81.36000061035156,81.19499969482422,81.28500366210938,2158659
2026-05-19 13:30:00+00:00,82.47000122070312,82.62000274658203,81.26000213623047,81.40499877929688,3266353
2026-05-19 14:30:00+00:00,82.12999725341797,82.66349792480469,82.07009887695312,82.45999908447266,1711958
2026-05-19 15:30:00+00:00,82.05000305175781,82.29000091552734,81.93000030517578,82.13999938964844,2185831
2026-05-19 16:30:00+00:00,81.95999908447266,82.4000015258789,81.94499969482422,82.05000305175781,1153940
2026-05-19 17:30:00+00:00,81.86000061035156,82.1449966430664,81.83000183105469,81.97000122070312,883748
2026-05-19 18:30:00+00:00,81.9000015258789,82.00499725341797,81.75,81.86000061035156,1369482
2026-05-19 19:30:00+00:00,81.93499755859375,81.98999786376953,81.7699966430664,81.8949966430664,1879088
2026-05-20 13:30:00+00:00,81.86000061035156,82.29000091552734,81.5199966430664,82.16999816894531,2477168
2026-05-20 14:30:00+00:00,82.12000274658203,82.19499969482422,81.83000183105469,81.8499984741211,1292010
2026-05-20 15:30:00+00:00,82.3499984741211,82.4000015258789,82.05000305175781,82.12000274658203,1105422
2026-05-20 16:30:00+00:00,82.12000274658203,82.36000061035156,82.11000061035156,82.33999633789062,876449
2026-05-20 17:30:00+00:00,81.81500244140625,82.20500183105469,81.81500244140625,82.12999725341797,832197
2026-05-20 18:30:00+00:00,81.71499633789062,81.95999908447266,81.70999908447266,81.81999969482422,1075909
2026-05-20 19:30:00+00:00,81.55000305175781,81.87999725341797,81.53500366210938,81.71499633789062,1866398
2026-05-21 13:30:00+00:00,81.32499694824219,81.80069732666016,80.77999877929688,81.79000091552734,2734745
2026-05-21 14:30:00+00:00,81.33000183105469,81.5,81.20999908447266,81.33999633789062,924238
2026-05-21 15:30:00+00:00,81.44000244140625,81.44499969482422,81.22000122070312,81.33499908447266,712152
2026-05-21 16:30:00+00:00,81.19000244140625,81.51010131835938,81.125,81.43000030517578,1036479
2026-05-21 17:30:00+00:00,80.86499786376953,81.2300033569336,80.73999786376953,81.18499755859375,2462683
2026-05-21 18:30:00+00:00,81.04499816894531,81.05000305175781,80.72000122070312,80.87000274658203,1472665
2026-05-21 19:30:00+00:00,81.16000366210938,81.23999786376953,80.91500091552734,81.04499816894531,1886833
2026-05-22 13:30:00+00:00,81.25900268554688,81.55000305175781,80.94000244140625,81.18000030517578,1700119
2026-05-22 14:30:00+00:00,81.13849639892578,81.30000305175781,80.91999816894531,81.25,824697
2026-05-22 15:30:00+00:00,81.33999633789062,81.36000061035156,81.12000274658203,81.13500213623047,631518
2026-05-22 16:30:00+00:00,81.30000305175781,81.3499984741211,81.08999633789062,81.33999633789062,693237
2026-05-22 17:30:00+00:00,81.61000061035156,81.66699981689453,81.25,81.30999755859375,551180
2026-05-22 18:30:00+00:00,81.58499908447266,81.6449966430664,81.5199966430664,81.61319732666016,618440
2026-05-22 19:30:00+00:00,81.48999786376953,81.67500305175781,81.47000122070312,81.58999633789062,1067517
2026-05-26 13:30:00+00:00,80.49500274658203,81.5999984741211,80.30500030517578,80.83999633789062,2918876
2026-05-26 14:30:00+00:00,80.56999969482422,80.62999725341797,80.26499938964844,80.48999786376953,1490203
2026-05-26 15:30:00+00:00,80.41000366210938,80.69149780273438,80.40499877929688,80.58000183105469,857613
2026-05-26 16:30:00+00:00,80.28500366210938,80.55000305175781,80.28500366210938,80.41000366210938,651591
2026-05-26 17:30:00+00:00,80.47000122070312,80.51000213623047,80.23999786376953,80.27999877929688,860835
2026-05-26 18:30:00+00:00,80.69499969482422,80.76499938964844,80.41000366210938,80.47000122070312,1128923
2026-05-26 19:30:00+00:00,80.5199966430664,80.86000061035156,80.4800033569336,80.69499969482422,1831838
2026-05-27 13:30:00+00:00,82.11499786376953,82.19000244140625,80.80000305175781,81.0999984741211,2535954
2026-05-27 14:30:00+00:00,82.37000274658203,82.4749984741211,81.94000244140625,82.11000061035156,1550385
2026-05-27 15:30:00+00:00,82.12999725341797,82.51000213623047,82.04499816894531,82.37000274658203,1031238
2026-05-27 16:30:00+00:00,82.06990051269531,82.22989654541016,81.98999786376953,82.13770294189453,589708
2026-05-27 17:30:00+00:00,81.98999786376953,82.1500015258789,81.83999633789062,82.05999755859375,622514
2026-05-27 18:30:00+00:00,81.95999908447266,82.05999755859375,81.91000366210938,81.98999786376953,830372
2026-05-27 19:30:00+00:00,81.62000274658203,81.97000122070312,81.61000061035156,81.96499633789062,1871129
2026-05-28 13:30:00+00:00,80.88999938964844,81.76000213623047,80.75499725341797,81.31999969482422,2394314
2026-05-28 14:30:00+00:00,80.61499786376953,80.93499755859375,80.55999755859375,80.88999938964844,1501925
2026-05-28 15:30:00+00:00,80.62999725341797,80.78500366210938,80.50499725341797,80.62000274658203,1421625
2026-05-28 16:30:00+00:00,80.55500030517578,80.70999908447266,80.48999786376953,80.63500213623047,885078
2026-05-28 17:30:00+00:00,80.50499725341797,80.55500030517578,80.33999633789062,80.55000305175781,1052083
2026-05-28 18:30:00+00:00,80.51000213623047,80.59500122070312,80.33499908447266,80.50160217285156,1170122
2026-05-28 19:30:00+00:00,80.44000244140625,80.58499908447266,80.3550033569336,80.51000213623047,1575669
2026-05-29 13:30:00+00:00,80.0199966430664,80.33000183105469,79.4800033569336,80.04000091552734,3627405
2026-05-29 14:30:00+00:00,79.30999755859375,80.13999938964844,79.30259704589844,80.0199966430664,1505457
2026-05-29 15:30:00+00:00,79.36000061035156,79.41500091552734,79.12090301513672,79.30999755859375,1192933
2026-05-29 16:30:00+00:00,79.54499816894531,79.63999938964844,79.36000061035156,79.36000061035156,839808
2026-05-29 17:30:00+00:00,79.56999969482422,79.62999725341797,79.3416976928711,79.54499816894531,1093445
2026-05-29 18:30:00+00:00,79.43000030517578,79.63999938964844,79.41000366210938,79.57499694824219,1310716
2026-05-29 19:30:00+00:00,79.0199966430664,79.54000091552734,78.90499877929688,79.41999816894531,3329236
2026-06-01 13:30:00+00:00,79.0199966430664,79.19999694824219,78.43000030517578,78.57499694824219,2326960
2026-06-01 14:30:00+00:00,78.76000213623047,79.01300048828125,78.66999816894531,79.01000213623047,1107974
2026-06-01 15:30:00+00:00,78.79499816894531,78.86000061035156,78.56500244140625,78.75,860235
2026-06-01 16:30:00+00:00,78.70500183105469,78.8499984741211,78.6521987915039,78.79000091552734,621921
2026-06-01 17:30:00+00:00,78.79000091552734,78.80999755859375,78.5999984741211,78.70500183105469,731669
2026-06-01 18:30:00+00:00,78.67500305175781,78.94000244140625,78.63500213623047,78.78839874267578,1082253
2026-06-01 19:30:00+00:00,78.62999725341797,78.73999786376953,78.5,78.68000030517578,1849435
2026-06-02 13:30:00+00:00,78.69999694824219,79.19999694824219,78.27999877929688,78.87999725341797,1880488
2026-06-02 14:30:00+00:00,78.3499984741211,78.82849884033203,78.25,78.70999908447266,1197691
2026-06-02 15:30:00+00:00,78.37249755859375,78.44000244140625,78.24500274658203,78.3501968383789,989057
2026-06-02 16:30:00+00:00,78.41000366210938,78.5,78.30999755859375,78.375,763460
2026-06-02 17:30:00+00:00,78.33999633789062,78.51499938964844,78.32060241699219,78.41000366210938,664904
2026-06-02 18:30:00+00:00,78.43000030517578,78.54499816894531,78.30500030517578,78.33799743652344,956361
2026-06-02 19:30:00+00:00,78.43499755859375,78.6050033569336,78.36499786376953,78.43000030517578,2055651
2026-06-03 13:30:00+00:00,78.62000274658203,78.98999786376953,78.11000061035156,78.28500366210938,2557244
2026-06-03 14:30:00+00:00,78.52999877929688,78.7300033569336,78.375,78.62000274658203,1045711
2026-06-03 15:30:00+00:00,78.7300033569336,78.83000183105469,78.41000366210938,78.53500366210938,984510
2026-06-03 16:30:00+00:00,78.88999938964844,79.02999877929688,78.72000122070312,78.73500061035156,970067
2026-06-03 17:30:00+00:00,78.7249984741211,78.96499633789062,78.70999908447266,78.89009857177734,677235
2026-06-03 18:30:00+00:00,78.79000091552734,78.84739685058594,78.69000244140625,78.7249984741211,1208388
2026-06-03 19:30:00+00:00,78.78500366210938,78.84500122070312,78.5250015258789,78.79000091552734,2189205
2026-06-04 13:30:00+00:00,79.12999725341797,80.04000091552734,79.05000305175781,79.77999877929688,2848150
2026-06-04 14:30:00+00:00,78.3499984741211,79.17500305175781,78.31999969482422,79.13500213623047,1480808
2026-06-04 15:30:00+00:00,78.7300033569336,78.7300033569336,78.3499984741211,78.3550033569336,826242
2026-06-04 16:30:00+00:00,78.34500122070312,78.8499984741211,78.30999755859375,78.7249984741211,706632
2026-06-04 17:30:00+00:00,77.43930053710938,78.36000061035156,77.36499786376953,78.33999633789062,1589321
2026-06-04 18:30:00+00:00,77.04000091552734,77.51499938964844,76.98999786376953,77.44000244140625,1805810
2026-06-04 19:30:00+00:00,76.83999633789062,77.19999694824219,76.82499694824219,77.04000091552734,3024880
2026-06-05 13:30:00+00:00,79.0,79.19999694824219,77.4800033569336,77.51000213623047,4248535
2026-06-05 14:30:00+00:00,79.1500015258789,79.24500274658203,78.63500213623047,78.98999786376953,2042291
2026-06-05 15:30:00+00:00,79.71499633789062,79.8949966430664,79.12000274658203,79.1500015258789,2132901
2026-06-05 16:30:00+00:00,79.9749984741211,80.13999938964844,79.69000244140625,79.72000122070312,1984767
2026-06-05 17:30:00+00:00,80.23500061035156,80.27999877929688,79.75,79.97000122070312,1574424
2026-06-05 18:30:00+00:00,79.87000274658203,80.73930358886719,79.87000274658203,80.23500061035156,2355719
2026-06-05 19:30:00+00:00,79.5,79.94999694824219,79.46499633789062,79.87000274658203,2899941
2026-06-08 13:30:00+00:00,79.53500366210938,79.93000030517578,79.0999984741211,79.30999755859375,2486706
2026-06-08 14:30:00+00:00,79.33999633789062,79.55500030517578,79.30999755859375,79.53500366210938,939490
2026-06-08 15:30:00+00:00,79.2300033569336,79.4800033569336,79.2300033569336,79.33999633789062,741978
2026-06-08 16:30:00+00:00,79.33999633789062,79.55500030517578,79.19000244140625,79.2249984741211,942537
2026-06-08 17:30:00+00:00,79.61499786376953,79.625,79.20999908447266,79.34500122070312,805698
2026-06-08 18:30:00+00:00,79.57499694824219,79.63999938964844,79.42500305175781,79.61000061035156,793082
2026-06-08 19:30:00+00:00,79.53500366210938,79.58999633789062,79.37000274658203,79.56999969482422,1493540
2026-06-09 13:30:00+00:00,80.47000122070312,80.4800033569336,79.37999725341797,79.55000305175781,2517564
2026-06-09 14:30:00+00:00,80.90499877929688,80.93990325927734,80.25,80.47000122070312,1933414
2026-06-09 15:30:00+00:00,81.58999633789062,81.68000030517578,80.80000305175781,80.9000015258789,2363469
2026-06-09 16:30:00+00:00,81.13999938964844,81.76000213623047,80.83000183105469,81.6050033569336,2419994
2026-06-09 17:30:00+00:00,80.81500244140625,81.21499633789062,80.80000305175781,81.13500213623047,1269763
2026-06-09 18:30:00+00:00,81.0,81.0199966430664,80.69499969482422,80.81500244140625,2120156
2026-06-09 19:30:00+00:00,81.33000183105469,81.375,80.84100341796875,81.0,2615062
2026-06-10 13:30:00+00:00,83.19999694824219,83.37000274658203,82.12000274658203,82.68000030517578,5321046
2026-06-10 14:30:00+00:00,83.69499969482422,83.8499984741211,82.93000030517578,83.20999908447266,3305543
2026-06-10 15:30:00+00:00,83.66500091552734,83.83999633789062,83.51499938964844,83.69999694824219,1837286
2026-06-10 16:30:00+00:00,83.7500991821289,83.80999755859375,83.55169677734375,83.66500091552734,1214352
2026-06-10 17:30:00+00:00,83.43000030517578,83.75499725341797,83.24500274658203,83.7500991821289,1804152
2026-06-10 18:30:00+00:00,83.71150207519531,83.75,83.41000366210938,83.43000030517578,1428713
2026-06-10 19:30:00+00:00,83.58000183105469,83.80999755859375,83.41999816894531,83.71499633789062,2571842
2026-06-11 13:30:00+00:00,83.62999725341797,83.98999786376953,83.16000366210938,83.91999816894531,2579147
2026-06-11 14:30:00+00:00,83.63500213623047,84.04000091552734,83.62999725341797,83.63500213623047,1588581
2026-06-11 15:30:00+00:00,83.3550033569336,83.73999786376953,83.33000183105469,83.63999938964844,1095517
2026-06-11 16:30:00+00:00,83.55000305175781,83.69000244140625,83.28500366210938,83.36000061035156,983550
2026-06-11 17:30:00+00:00,83.25509643554688,83.65499877929688,83.16999816894531,83.54000091552734,1126885
2026-06-11 18:30:00+00:00,83.33000183105469,83.44999694824219,83.19000244140625,83.2699966430664,823814
2026-06-11 19:30:00+00:00,82.52999877929688,83.37999725341797,82.48500061035156,83.33999633789062,2309537
2026-06-12 13:30:00+00:00,82.15709686279297,82.88999938964844,81.87000274658203,82.70999908447266,2474717
2026-06-12 14:30:00+00:00,82.30999755859375,82.49500274658203,82.02999877929688,82.1500015258789,1270478
2026-06-12 15:30:00+00:00,82.05500030517578,82.45500183105469,82.0,82.31500244140625,1265676
2026-06-12 16:30:00+00:00,82.19000244140625,82.19499969482422,81.9800033569336,82.05500030517578,881145
2026-06-12 17:30:00+00:00,82.56500244140625,82.56999969482422,82.07499694824219,82.18000030517578,675180
2026-06-12 18:30:00+00:00,82.50499725341797,82.75,82.41999816894531,82.56500244140625,1170011
2026-06-12 19:30:00+00:00,82.6050033569336,82.69499969482422,82.36000061035156,82.5,1439978
2026-06-15 13:30:00+00:00,81.06500244140625,81.19999694824219,80.31999969482422,81.08000183105469,3383696
2026-06-15 14:30:00+00:00,80.69619750976562,81.1449966430664,80.5999984741211,81.05999755859375,2099676
2026-06-15 15:30:00+00:00,80.30000305175781,80.69969940185547,80.25,80.69969940185547,1497104
2026-06-15 16:30:00+00:00,80.85990142822266,80.93499755859375,80.26499938964844,80.30500030517578,1172567
2026-06-15 17:30:00+00:00,80.75,80.85980224609375,80.6500015258789,80.85980224609375,979234
2026-06-15 18:30:00+00:00,80.8949966430664,80.91000366210938,80.6449966430664,80.74019622802734,1316138
2026-06-15 19:30:00+00:00,80.93000030517578,81.08999633789062,80.8550033569336,80.8949966430664,2246460
2026-06-16 13:30:00+00:00,81.19999694824219,81.3499984741211,80.0199966430664,81.1500015258789,3001090
2026-06-16 14:30:00+00:00,80.5999984741211,81.38999938964844,80.2750015258789,81.20999908447266,2773241
2026-06-16 15:30:00+00:00,80.55999755859375,81.0199966430664,80.5199966430664,80.58999633789062,1516859
2026-06-16 16:30:00+00:00,80.25499725341797,80.69000244140625,80.22000122070312,80.55500030517578,1034517
2026-06-16 17:30:00+00:00,80.11499786376953,80.30999755859375,80.06999969482422,80.25,870282
2026-06-16 18:30:00+00:00,79.9000015258789,80.23999786376953,79.8949966430664,80.11499786376953,1505791
2026-06-16 19:30:00+00:00,80.30999755859375,80.31999969482422,79.83999633789062,79.88999938964844,2376984
2026-06-17 13:30:00+00:00,79.4800033569336,80.0,78.98999786376953,79.94999694824219,3484732
2026-06-17 14:30:00+00:00,80.11000061035156,80.12000274658203,79.46499633789062,79.47000122070312,1437314
2026-06-17 15:30:00+00:00,80.17500305175781,80.33000183105469,80.05999755859375,80.11000061035156,1222751
2026-06-17 16:30:00+00:00,80.08999633789062,80.26499938964844,80.04000091552734,80.16999816894531,867732
2026-06-17 17:30:00+00:00,80.00499725341797,80.22000122070312,79.83999633789062,80.08000183105469,1543037
2026-06-17 18:30:00+00:00,79.68000030517578,80.1050033569336,79.56500244140625,80.0,1907618
2026-06-17 19:30:00+00:00,79.94999694824219,80.08000183105469,79.47000122070312,79.67500305175781,2672685
2026-06-18 13:30:00+00:00,79.08000183105469,80.01000213623047,78.84290313720703,79.87000274658203,6056483
2026-06-18 14:30:00+00:00,78.91999816894531,79.24500274658203,78.76000213623047,79.08000183105469,2324279
2026-06-18 15:30:00+00:00,78.83499908447266,79.0999984741211,78.83499908447266,78.91999816894531,1054993
2026-06-18 16:30:00+00:00,78.83499908447266,79.0,78.80500030517578,78.83499908447266,975454
2026-06-18 17:30:00+00:00,79.18000030517578,79.4000015258789,78.73999786376953,78.83000183105469,1654025
2026-06-18 18:30:00+00:00,79.05500030517578,79.43499755859375,78.95999908447266,79.17500305175781,2734890
2026-06-18 19:30:00+00:00,79.37000274658203,79.58000183105469,79.0199966430664,79.05500030517578,5157936
2026-06-22 13:30:00+00:00,79.54499816894531,79.80989837646484,79.05999755859375,79.25,2907872
2026-06-22 14:30:00+00:00,79.55500030517578,79.66850280761719,79.31999969482422,79.55000305175781,1344102
2026-06-22 15:30:00+00:00,79.59500122070312,79.65499877929688,79.41999816894531,79.55000305175781,884017
2026-06-22 16:30:00+00:00,79.80500030517578,79.95999908447266,79.58999633789062,79.5999984741211,1495849
2026-06-22 17:30:00+00:00,79.7750015258789,79.88999938964844,79.75,79.81500244140625,2285072
2026-06-22 18:30:00+00:00,79.83000183105469,79.9000015258789,79.68499755859375,79.77999877929688,1891781
2026-06-22 19:30:00+00:00,79.55000305175781,80.05500030517578,79.53500366210938,79.83999633789062,2530881
2026-06-23 13:30:00+00:00,80.37000274658203,81.32499694824219,80.04100036621094,81.32499694824219,3274919
2026-06-23 14:30:00+00:00,80.1500015258789,80.5,79.9800033569336,80.36000061035156,1741464
2026-06-23 15:30:00+00:00,79.93000030517578,80.23999786376953,79.87000274658203,80.1500015258789,1238057
2026-06-23 16:30:00+00:00,79.94499969482422,80.08000183105469,79.83000183105469,79.93499755859375,1325431
2026-06-23 17:30:00+00:00,80.20500183105469,80.23500061035156,79.91500091552734,79.94499969482422,869724
2026-06-23 18:30:00+00:00,80.32499694824219,80.37000274658203,80.08499908447266,80.20500183105469,1201342
2026-06-23 19:30:00+00:00,80.30999755859375,80.41999816894531,80.1449966430664,80.31999969482422,2468922
2026-06-24 13:30:00+00:00,81.11000061035156,81.38999938964844,80.62999725341797,80.88999938964844,3551582
2026-06-24 14:30:00+00:00,81.41500091552734,81.45999908447266,80.88009643554688,81.0999984741211,2159323
2026-06-24 15:30:00+00:00,81.25499725341797,81.57499694824219,81.19999694824219,81.41999816894531,1118283
2026-06-24 16:30:00+00:00,80.78500366210938,81.34500122070312,80.76499938964844,81.25499725341797,1003520
2026-06-24 17:30:00+00:00,80.91999816894531,81.04717254638672,80.66000366210938,80.78500366210938,1287225
2026-06-24 18:30:00+00:00,80.96499633789062,81.14510345458984,80.91999816894531,80.92500305175781,1931246
2026-06-24 19:30:00+00:00,80.62000274658203,80.95999908447266,80.55999755859375,80.95999908447266,2803041
2026-06-25 13:30:00+00:00,80.7249984741211,81.37999725341797,80.31999969482422,80.52999877929688,2810648
2026-06-25 14:30:00+00:00,80.53500366210938,80.8499984741211,80.4749984741211,80.7300033569336,1852483
2026-06-25 15:30:00+00:00,80.28500366210938,80.52999877929688,80.23500061035156,80.52999877929688,1283687
2026-06-25 16:30:00+00:00,80.13269805908203,80.37000274658203,80.0999984741211,80.29000091552734,1071876
2026-06-25 17:30:00+00:00,80.23999786376953,80.32230377197266,79.97000122070312,80.13500213623047,1006307
2026-06-25 18:30:00+00:00,80.49099731445312,80.59500122070312,80.22010040283203,80.24500274658203,1446086
2026-06-25 19:30:00+00:00,80.45500183105469,80.62000274658203,80.34500122070312,80.48999786376953,1749652
2026-06-26 13:30:00+00:00,81.38500213623047,81.74500274658203,80.69499969482422,80.95999908447266,2701696
2026-06-26 14:30:00+00:00,81.76000213623047,81.80500030517578,81.29499816894531,81.38999938964844,1669831
2026-06-26 15:30:00+00:00,81.40499877929688,81.77999877929688,81.31999969482422,81.7699966430664,1615549
2026-06-26 16:30:00+00:00,81.80999755859375,81.87999725341797,81.36000061035156,81.4000015258789,1701099
2026-06-26 17:30:00+00:00,82.24500274658203,82.25,81.80999755859375,81.80999755859375,1266027
2026-06-26 18:30:00+00:00,82.625,82.71499633789062,82.2428970336914,82.24500274658203,1985482
2026-06-26 19:30:00+00:00,82.62000274658203,82.80999755859375,82.01499938964844,82.62999725341797,5150427
2026-06-29 13:30:00+00:00,83.30999755859375,83.62000274658203,82.55999755859375,82.83000183105469,3515785
2026-06-29 14:30:00+00:00,83.08000183105469,83.38999938964844,83.02999877929688,83.30999755859375,2020964
2026-06-29 15:30:00+00:00,82.71499633789062,83.12999725341797,82.5999984741211,83.07009887695312,1077236
2026-06-29 16:30:00+00:00,82.41500091552734,82.80000305175781,82.40499877929688,82.72000122070312,829473
2026-06-29 17:30:00+00:00,82.38999938964844,82.44000244140625,82.20500183105469,82.41000366210938,970998
2026-06-29 18:30:00+00:00,82.62999725341797,82.63999938964844,82.33499908447266,82.39009857177734,1101395
2026-06-29 19:30:00+00:00,82.625,82.69999694824219,82.40499877929688,82.625,1599012
2026-06-30 13:30:00+00:00,81.30999755859375,82.53810119628906,81.25499725341797,82.5,1890952
2026-06-30 14:30:00+00:00,81.83999633789062,82.04499816894531,81.29000091552734,81.30999755859375,1670086
2026-06-30 15:30:00+00:00,81.94000244140625,82.0999984741211,81.81500244140625,81.83999633789062,1080484
2026-06-30 16:30:00+00:00,81.90499877929688,81.98999786376953,81.68000030517578,81.93499755859375,696708
2026-06-30 17:30:00+00:00,81.67500305175781,81.96499633789062,81.63999938964844,81.90499877929688,939525
2026-06-30 18:30:00+00:00,81.30280303955078,81.70999908447266,81.27999877929688,81.67500305175781,1103793
2026-06-30 19:30:00+00:00,81.24500274658203,81.4000015258789,81.01000213623047,81.30500030517578,3718669
2026-07-01 13:30:00+00:00,81.4000015258789,81.94000244140625,81.16999816894531,81.69999694824219,4047510
2026-07-01 14:30:00+00:00,81.63500213623047,81.9749984741211,81.34500122070312,81.3949966430664,3910207
2026-07-01 15:30:00+00:00,81.54000091552734,81.81500244140625,81.44999694824219,81.63999938964844,2920958
2026-07-01 16:30:00+00:00,81.4000015258789,81.63999938964844,81.32499694824219,81.54499816894531,827316
2026-07-01 17:30:00+00:00,81.19000244140625,81.5199966430664,81.05000305175781,81.38999938964844,1980956
2026-07-01 18:30:00+00:00,81.11109924316406,81.43000030517578,80.95999908447266,81.19000244140625,1346098
2026-07-01 19:30:00+00:00,81.31500244140625,81.3499984741211,80.98999786376953,81.0999984741211,2341708
2026-07-02 13:30:00+00:00,82.41999816894531,82.48999786376953,81.3949966430664,81.62999725341797,3229363
2026-07-02 14:30:00+00:00,83.3550033569336,83.55000305175781,82.25,82.43000030517578,2879133
2026-07-02 15:30:00+00:00,83.05000305175781,83.37010192871094,82.9000015258789,83.36000061035156,1332259
2026-07-02 16:30:00+00:00,82.83000183105469,83.27999877929688,82.81500244140625,83.05999755859375,921960
2026-07-02 17:30:00+00:00,83.17500305175781,83.31500244140625,82.79499816894531,82.82859802246094,773039
2026-07-02 18:30:00+00:00,83.58999633789062,83.75,82.30999755859375,83.17140197753906,1917083
2026-07-02 19:30:00+00:00,83.97000122070312,84.0199966430664,83.4000015258789,83.58499908447266,2692610
2026-07-06 13:30:00+00:00,82.83000183105469,84.55999755859375,82.7500991821289,84.0999984741211,3837905
2026-07-06 14:30:00+00:00,82.66999816894531,82.92990112304688,82.57499694824219,82.83499908447266,1020674
2026-07-06 15:30:00+00:00,82.4800033569336,82.75,82.31500244140625,82.67500305175781,1065384
2026-07-06 16:30:00+00:00,83.0250015258789,83.04989624023438,82.41500091552734,82.4749984741211,1567749
2026-07-06 17:30:00+00:00,83.13500213623047,83.3499984741211,82.94999694824219,83.0250015258789,1467596
2026-07-06 18:30:00+00:00,83.13500213623047,83.38999938964844,83.04499816894531,83.13999938964844,886042
2026-07-06 19:30:00+00:00,82.95999908447266,83.15499877929688,82.8949966430664,83.13999938964844,1725218
2026-07-07 13:30:00+00:00,85.16000366210938,85.5199966430664,84.3550033569336,84.5999984741211,3164389
2026-07-07 14:30:00+00:00,84.73999786376953,85.68000030517578,84.73999786376953,85.16500091552734,2098812
2026-07-07 15:30:00+00:00,84.16500091552734,84.76000213623047,84.13999938964844,84.73999786376953,1643680
2026-07-07 16:30:00+00:00,83.96499633789062,84.33999633789062,83.94000244140625,84.18000030517578,967808
2026-07-07 17:30:00+00:00,83.77999877929688,84.00499725341797,83.63999938964844,83.96499633789062,723043
2026-07-07 18:30:00+00:00,84.16500091552734,84.32499694824219,83.72000122070312,83.77999877929688,1128799
2026-07-07 19:30:00+00:00,83.99500274658203,84.4000015258789,83.94999694824219,84.16999816894531,2418817
2026-07-08 13:30:00+00:00,84.1500015258789,84.5,83.56999969482422,84.16999816894531,2835016
2026-07-08 14:30:00+00:00,84.25499725341797,84.4800033569336,83.95179748535156,84.13999938964844,1790152
2026-07-08 15:30:00+00:00,84.3550033569336,84.83000183105469,84.19000244140625,84.25,1704035
2026-07-08 16:30:00+00:00,83.88500213623047,84.4800033569336,83.88500213623047,84.36000061035156,1183372
2026-07-08 17:30:00+00:00,83.97000122070312,84.02999877929688,83.87999725341797,83.88999938964844,774894
2026-07-08 18:30:00+00:00,83.66000366210938,83.9749984741211,83.63500213623047,83.97010040283203,836051
2026-07-08 19:30:00+00:00,83.4000015258789,83.76000213623047,83.2699966430664,83.65499877929688,1892174
2026-07-09 13:30:00+00:00,82.25,82.80000305175781,81.70999908447266,82.08999633789062,3956830
2026-07-09 14:30:00+00:00,82.45500183105469,82.49500274658203,82.05500030517578,82.25,1255570
2026-07-09 15:30:00+00:00,82.66500091552734,82.66950225830078,82.37999725341797,82.44999694824219,1029709
2026-07-09 16:30:00+00:00,82.75,82.81500244140625,82.58999633789062,82.66999816894531,799318
2026-07-09 17:30:00+00:00,82.49500274658203,82.7699966430664,82.4801025390625,82.75,744282
2026-07-09 18:30:00+00:00,82.5,82.61499786376953,82.23999786376953,82.49500274658203,1127178
2026-07-09 19:30:00+00:00,82.61499786376953,82.6449966430664,82.23500061035156,82.49250030517578,2236698
2026-07-10 13:30:00+00:00,83.2750015258789,83.44999694824219,82.40599822998047,82.7300033569336,1711286
2026-07-10 14:30:00+00:00,83.625,83.73500061035156,83.12999725341797,83.2699966430664,2545635
2026-07-10 15:30:00+00:00,83.33000183105469,83.68499755859375,83.3218002319336,83.6227035522461,932737
2026-07-10 16:30:00+00:00,83.51499938964844,83.55000305175781,83.26499938964844,83.33999633789062,618312
2026-07-10 17:30:00+00:00,83.43000030517578,83.5250015258789,83.28500366210938,83.51139831542969,514322
2026-07-10 18:30:00+00:00,83.58000183105469,83.62999725341797,83.33499908447266,83.43499755859375,707948
2026-07-10 19:30:00+00:00,83.48500061035156,83.58499908447266,83.34500122070312,83.58399963378906,1373131
2026-07-13 13:30:00+00:00,83.97000122070312,84.68000030517578,83.70500183105469,83.9000015258789,2426397
2026-07-13 14:30:00+00:00,83.74500274658203,84.05000305175781,83.66999816894531,83.9800033569336,1069923
2026-07-13 15:30:00+00:00,83.76499938964844,84.01000213623047,83.68000030517578,83.73999786376953,828420
2026-07-13 16:30:00+00:00,84.13999938964844,84.1500015258789,83.76390075683594,83.76390075683594,743557
2026-07-13 17:30:00+00:00,84.3550033569336,84.41999816894531,84.125,84.13999938964844,804578
2026-07-13 18:30:00+00:00,84.43000030517578,84.58499908447266,84.30500030517578,84.36000061035156,913679
2026-07-13 19:30:00+00:00,84.2699966430664,84.44999694824219,84.16500091552734,84.41999816894531,1679543
2026-07-14 13:30:00+00:00,84.24089813232422,84.62989807128906,84.0,84.16999816894531,1954502
2026-07-14 14:30:00+00:00,83.82499694824219,84.2699966430664,83.69499969482422,84.2699966430664,1369034
2026-07-14 15:30:00+00:00,83.7300033569336,84.03500366210938,83.72000122070312,83.82499694824219,712789
2026-07-14 16:30:00+00:00,83.30500030517578,83.81500244140625,83.2699966430664,83.71499633789062,1206602
2026-07-14 17:30:00+00:00,83.29499816894531,83.41000366210938,83.20999908447266,83.30000305175781,889042
2026-07-14 18:30:00+00:00,83.45850372314453,83.45999908447266,83.12000274658203,83.29499816894531,1169893
2026-07-14 19:30:00+00:00,83.08000183105469,83.48999786376953,83.08000183105469,83.44999694824219,2245003
2026-07-15 13:30:00+00:00,82.72000122070312,82.93000030517578,82.25,82.93000030517578,1919067
2026-07-15 14:30:00+00:00,82.94999694824219,83.20999908447266,82.67500305175781,82.7300033569336,1634229
2026-07-15 15:30:00+00:00,82.9800033569336,83.13999938964844,82.80500030517578,82.95500183105469,1667745
2026-07-15 16:30:00+00:00,82.95999908447266,83.23500061035156,82.91500091552734,82.98500061035156,1451572
2026-07-15 17:30:00+00:00,82.67500305175781,83.08000183105469,82.6050033569336,82.95500183105469,1249725
2026-07-15 18:30:00+00:00,82.49500274658203,82.7217025756836,82.43499755859375,82.68000030517578,1592243
2026-07-15 19:30:00+00:00,82.45500183105469,82.51499938964844,82.2300033569336,82.5,1886535
2026-07-16 13:30:00+00:00,84.11499786376953,84.73999786376953,83.27999877929688,83.5,3093380
2026-07-16 14:30:00+00:00,84.33999633789062,84.41000366210938,83.94999694824219,84.12000274658203,2155611
2026-07-16 15:30:00+00:00,84.12000274658203,84.5250015258789,84.11499786376953,84.3499984741211,2064140
2026-07-16 16:30:00+00:00,84.51499938964844,84.6050033569336,84.06999969482422,84.12000274658203,1080900
2026-07-16 17:30:00+00:00,84.68499755859375,84.77999877929688,84.48500061035156,84.51499938964844,1154319
2026-07-16 18:30:00+00:00,84.57499694824219,84.81999969482422,84.5199966430664,84.69000244140625,2065820
2026-07-16 19:30:00+00:00,84.93000030517578,84.94999694824219,84.51000213623047,84.58000183105469,2554840
2026-07-17 13:30:00+00:00,82.93000030517578,85.55500030517578,82.79000091552734,85.37000274658203,6259501
2026-07-17 14:30:00+00:00,83.1050033569336,83.33000183105469,82.87000274658203,82.93000030517578,3247411
2026-07-17 15:30:00+00:00,82.30500030517578,83.19499969482422,82.2750015258789,83.12000274658203,2127548
2026-07-17 16:30:00+00:00,81.47344970703125,82.37000274658203,81.46489715576172,82.30500030517578,2533902
2026-07-17 17:30:00+00:00,81.04000091552734,81.46499633789062,80.83000183105469,81.46499633789062,3247393
2026-07-17 18:30:00+00:00,81.625,81.69999694824219,81.01499938964844,81.04499816894531,3921717
2026-07-17 19:30:00+00:00,81.56500244140625,81.66010284423828,81.31999969482422,81.625,6667712
2026-07-20 13:30:00+00:00,82.1500015258789,82.37000274658203,81.43289947509766,81.55000305175781,2401351
2026-07-20 14:30:00+00:00,81.53500366210938,82.20500183105469,81.48999786376953,82.1500015258789,1698319
2026-07-20 15:30:00+00:00,81.52010345458984,81.62850189208984,81.4000015258789,81.52999877929688,1244834
2026-07-20 16:30:00+00:00,81.36000061035156,81.63500213623047,81.33000183105469,81.5250015258789,1414989
2026-07-20 17:30:00+00:00,81.625,81.62999725341797,81.30000305175781,81.36499786376953,974769
2026-07-20 18:30:00+00:00,81.71499633789062,81.75499725341797,81.48999786376953,81.625,1089021
2026-07-20 19:30:00+00:00,82.11499786376953,82.1500015258789,81.68499755859375,81.71499633789062,1710469
2026-07-21 13:30:00+00:00,81.88999938964844,82.125,81.31999969482422,81.97000122070312,2703146
2026-07-21 14:30:00+00:00,82.26499938964844,82.3550033569336,81.7300033569336,81.87000274658203,1656899
2026-07-21 15:30:00+00:00,82.13999938964844,82.2750015258789,81.88999938964844,82.26499938964844,990615
2026-07-21 16:30:00+00:00,82.04000091552734,82.15499877929688,81.90499877929688,82.13999938964844,753943
2026-07-21 17:30:00+00:00,82.125,82.18499755859375,81.95999908447266,82.04000091552734,906709
2026-07-21 18:30:00+00:00,82.37000274658203,82.3949966430664,82.02999877929688,82.125,1118858
2026-07-21 19:30:00+00:00,81.95500183105469,82.37999725341797,81.94000244140625,82.36000061035156,1506929
2026-07-22 13:30:00+00:00,82.55989837646484,82.91999816894531,82.25,82.8499984741211,1553813
2026-07-22 14:30:00+00:00,82.01000213623047,82.54000091552734,81.95500183105469,82.54000091552734,963885
2026-07-22 15:30:00+00:00,82.58499908447266,82.5999984741211,82.0,82.0,817988
2026-07-22 16:30:00+00:00,82.36499786376953,82.58999633789062,82.33360290527344,82.58499908447266,641158
2026-07-22 17:30:00+00:00,82.54499816894531,82.61000061035156,82.33000183105469,82.36499786376953,595815
2026-07-22 18:30:00+00:00,82.4749984741211,82.61000061035156,82.38999938964844,82.55000305175781,901530
2026-07-22 19:30:00+00:00,82.20500183105469,82.56999969482422,82.18000030517578,82.4800033569336,2150052
2026-07-23 13:30:00+00:00,81.01010131835938,81.86900329589844,80.97000122070312,81.66999816894531,2873108
2026-07-23 14:30:00+00:00,81.5,81.6760025024414,80.87999725341797,81.0199966430664,1370697
2026-07-23 15:30:00+00:00,80.97000122070312,81.68499755859375,80.94999694824219,81.48999786376953,1378893
2026-07-23 16:30:00+00:00,80.99500274658203,81.1050033569336,80.90499877929688,80.95999908447266,810646
2026-07-23 17:30:00+00:00,81.28500366210938,81.30000305175781,80.95999908447266,81.0,717801
2026-07-23 18:30:00+00:00,81.0250015258789,81.33000183105469,80.95500183105469,81.28500366210938,879899
2026-07-23 19:30:00+00:00,81.11000061035156,81.18499755859375,80.94999694824219,81.0199966430664,2141881
2026-07-24 13:30:00+00:00,81.73999786376953,81.88999938964844,80.9000015258789,81.56999969482422,2365556
2026-07-24 14:30:00+00:00,82.18000030517578,82.25,81.75,81.76000213623047,1652298
2026-07-24 15:30:00+00:00,81.94999694824219,82.20500183105469,81.80000305175781,82.18000030517578,740619
2026-07-24 16:30:00+00:00,81.94999694824219,82.05000305175781,81.82499694824219,81.95999908447266,613020
2026-07-24 17:30:00+00:00,82.12999725341797,82.16999816894531,81.9000015258789,81.94499969482422,598461
2026-07-24 18:30:00+00:00,82.0999984741211,82.33000183105469,82.01000213623047,82.12999725341797,1054578
2026-07-24 19:30:00+00:00,82.25,82.30000305175781,82.05000305175781,82.08999633789062,1537548
2026-07-27 13:30:00+00:00,83.31999969482422,83.33000183105469,82.5,83.07499694824219,3530020
2026-07-27 14:30:00+00:00,83.79499816894531,83.91000366210938,83.16000366210938,83.31999969482422,2336129
2026-07-27 15:30:00+00:00,83.5,84.11000061035156,83.4800033569336,83.79499816894531,1749287
2026-07-27 16:30:00+00:00,83.69999694824219,83.7699966430664,83.41000366210938,83.49500274658203,1213499
2026-07-27 17:30:00+00:00,84.0250015258789,84.07640075683594,83.67500305175781,83.70500183105469,1205209
2026-07-27 18:30:00+00:00,83.9000015258789,84.13500213623047,83.7699966430664,84.0199966430664,1529552
2026-07-27 19:30:00+00:00,84.1050033569336,84.11000061035156,83.84500122070312,83.88999938964844,2921625
2026-07-28 13:30:00+00:00,90.0,90.02989959716797,86.25,88.29499816894531,11725752
2026-07-28 14:30:00+00:00,89.21499633789062,90.22000122070312,89.01000213623047,90.01000213623047,5375363
2026-07-28 15:30:00+00:00,88.21499633789062,89.21959686279297,88.19999694824219,89.21959686279297,3441625
2026-07-28 16:30:00+00:00,87.91000366210938,88.47000122070312,87.80000305175781,88.21499633789062,2352151
2026-07-28 17:30:00+00:00,87.80999755859375,87.97000122070312,87.61000061035156,87.91999816894531,2647612
2026-07-28 18:30:00+00:00,87.8949966430664,88.06999969482422,87.69000244140625,87.81500244140625,3012981
2026-07-28 19:30:00+00:00,88.33499908447266,88.50499725341797,87.79000091552734,87.88999938964844,3411915
2026-07-29 13:30:00+00:00,90.63999938964844,90.91999816894533,88.63999938964844,88.6500015258789,5692808
2026-07-29 14:30:00+00:00,90.36499786376952,90.73999786376952,89.94000244140625,90.65499877929688,2276632
2026-07-29 15:30:00+00:00,89.87999725341797,90.4499969482422,89.87999725341797,90.36000061035156,1860136
2026-07-29 16:30:00+00:00,89.44000244140625,89.97989654541016,89.4000015258789,89.86000061035156,1428669
2026-07-29 17:30:00+00:00,89.13999938964844,89.5250015258789,88.76499938964844,89.44000244140625,1903425
2026-07-29 18:30:00+00:00,88.90499877929688,89.19000244140625,88.73999786376953,89.13999938964844,1970271
2026-07-29 19:30:00+00:00,89.12000274658203,89.38990020751953,88.77999877929688,88.9000015258789,3019409
2026-07-30 13:30:00+00:00,87.45999908447266,88.41000366210938,87.31999969482422,87.62999725341797,3944578
2026-07-30 14:30:00+00:00,87.83999633789062,88.125,87.20999908447266,87.47000122070312,2575031
2026-07-30 15:30:00+00:00,87.87999725341797,88.37999725341797,87.81999969482422,87.83000183105469,1067503
2026-07-30 16:30:00+00:00,88.30999755859375,88.37000274658203,87.87999725341797,87.87999725341797,796416
2026-07-30 17:30:00+00:00,88.55020141601562,88.58000183105469,88.2300033569336,88.31500244140625,1026371
2026-07-30 18:30:00+00:00,88.375,88.58000183105469,88.31179809570312,88.55000305175781,1456895
2026-07-30 19:30:00+00:00,88.5199966430664,88.63999938964844,88.23040008544922,88.38999938964844,2376650
2026-07-31 13:30:00+00:00,87.69000244140625,87.87999725341797,86.81999969482422,87.66000366210938,3550355
2026-07-31 14:30:00+00:00,87.83000183105469,87.9800033569336,87.44999694824219,87.68000030517578,1394248
2026-07-31 15:30:00+00:00,87.41500091552734,88.0,87.41500091552734,87.83000183105469,1395855
2026-07-31 16:30:00+00:00,87.25,87.5,87.22000122070312,87.41000366210938,921932
2026-07-31 17:30:00+00:00,87.63999938964844,87.70500183105469,87.20999908447266,87.25,1022966
2026-07-31 18:30:00+00:00,87.73500061035156,87.91999816894531,87.48999786376953,87.63500213623047,930830
2026-07-31 19:30:00+00:00,87.58999633789062,87.91500091552734,87.44999694824219,87.7300033569336,1664465
2026-08-03 13:30:00+00:00,87.06999969482422,88.4800033569336,87.04000091552734,88.4800033569336,2971485
2026-08-03 14:30:00+00:00,86.94000244140625,87.05999755859375,86.68070220947266,87.05999755859375,1703412
2026-08-03 15:30:00+00:00,86.80000305175781,87.12999725341797,86.7300033569336,86.94000244140625,928191
2026-08-03 16:30:00+00:00,86.80500030517578,87.0,86.62999725341797,86.79000091552734,786666
2026-08-03 17:30:00+00:00,86.9800033569336,87.13999938964844,86.76499938964844,86.80000305175781,996671
2026-08-03 18:30:00+00:00,86.7750015258789,87.0199966430664,86.7699966430664,86.9749984741211,1318256
2026-08-03 19:30:00+00:00,86.87000274658203,87.1050033569336,86.68000030517578,86.7699966430664,1941603
2026-08-04 13:30:00+00:00,85.91999816894531,86.41329956054688,85.16000366210938,85.79000091552734,4520093
2026-08-04 14:30:00+00:00,86.06500244140625,86.38500213623047,85.91999816894531,85.91999816894531,1584056
2026-08-04 15:30:00+00:00,86.24500274658203,86.27980041503906,85.94609832763672,86.06500244140625,956535
2026-08-04 16:30:00+00:00,86.41999816894531,86.4800033569336,86.1500015258789,86.23999786376953,869838
2026-08-04 17:30:00+00:00,86.37999725341797,86.58999633789062,86.375,86.42500305175781,1021736
2026-08-04 18:30:00+00:00,86.41500091552734,86.5199966430664,86.32499694824219,86.38999938964844,1070584
2026-08-04 19:30:00+00:00,86.55999755859375,86.68000030517578,86.375,86.41000366210938,1770738
2026-08-05 13:30:00+00:00,86.55000305175781,87.13500213623047,86.18499755859375,87.05000305175781,3700615
2026-08-05 14:30:00+00:00,86.5999984741211,87.05999755859375,86.55000305175781,86.55000305175781,1856601
2026-08-05 15:30:00+00:00,86.70999908447266,87.04499816894531,86.53500366210938,86.61000061035156,1007289
2026-08-05 16:30:00+00:00,86.7249984741211,86.83999633789062,86.60250091552734,86.70999908447266,618138
2026-08-05 17:30:00+00:00,86.76000213623047,86.86000061035156,86.69999694824219,86.7249984741211,802321
2026-08-05 18:30:00+00:00,86.81999969482422,86.88500213623047,86.70500183105469,86.75499725341797,892359
2026-08-05 19:30:00+00:00,86.81999969482422,87.1500015258789,86.77249908447266,86.81999969482422,1980636
2026-08-06 13:30:00+00:00,87.11000061035156,87.97000122070312,86.83999633789062,87.86000061035156,2431680
2026-08-06 14:30:00+00:00,86.66000366210938,87.25479888916016,86.58000183105469,87.11000061035156,1417443
2026-08-06 15:30:00+00:00,86.72000122070312,86.72000122070312,86.44999694824219,86.6500015258789,1126303
2026-08-06 16:30:00+00:00,86.4800033569336,86.75,86.41999816894531,86.72000122070312,753368
2026-08-06 17:30:00+00:00,86.61000061035156,86.71499633789062,86.44999694824219,86.4800033569336,905573
2026-08-06 18:30:00+00:00,86.5199966430664,86.76000213623047,86.42500305175781,86.61499786376953,874793
2026-08-06 19:30:00+00:00,86.8499984741211,86.87000274658203,86.44999694824219,86.52999877929688,1523655
2026-08-07 13:30:00+00:00,86.73999786376953,87.08000183105469,86.19000244140625,86.51000213623047,2113256
2026-08-07 14:30:00+00:00,86.875,86.97000122070312,86.56999969482422,86.73999786376953,1294380
2026-08-07 15:30:00+00:00,86.98500061035156,87.05500030517578,86.80999755859375,86.87000274658203,804631
2026-08-07 16:30:00+00:00,86.99929809570312,87.12000274658203,86.91500091552734,86.98500061035156,574093
2026-08-07 17:30:00+00:00,87.11720275878906,87.13999938964844,86.98500061035156,86.98999786376953,496817
2026-08-07 18:30:00+00:00,87.12000274658203,87.13500213623047,86.93000030517578,87.11000061035156,784565
2026-08-07 19:30:00+00:00,87.05500030517578,87.16500091552734,86.94000244140625,87.12000274658203,1739616
2026-08-10 13:30:00+00:00,86.96499633789062,87.11000061035156,86.43000030517578,87.11000061035156,2934828
2026-08-10 14:30:00+00:00,87.4000015258789,87.52999877929688,86.91999816894531,86.96399688720703,1650480
2026-08-10 15:30:00+00:00,87.41999816894531,87.4800033569336,87.2300033569336,87.4000015258789,786127
2026-08-10 16:30:00+00:00,87.3499984741211,87.46099853515625,87.26000213623047,87.42500305175781,1118658
2026-08-10 17:30:00+00:00,87.01499938964844,87.375,87.00499725341797,87.3499984741211,767181
2026-08-10 18:30:00+00:00,86.83499908447266,87.01000213623047,86.71499633789062,87.01000213623047,920609
2026-08-10 19:30:00+00:00,86.88500213623047,86.9800033569336,86.70999908447266,86.83000183105469,1603255
2026-08-11 13:30:00+00:00,86.43000030517578,87.05000305175781,86.16000366210938,86.62000274658203,2735710
2026-08-11 14:30:00+00:00,86.44000244140625,86.54000091552734,86.1050033569336,86.41999816894531,1501442
2026-08-11 15:30:00+00:00,86.82499694824219,86.91000366210938,86.43000030517578,86.44000244140625,752407
2026-08-11 16:30:00+00:00,86.79000091552734,86.87999725341797,86.7300033569336,86.83000183105469,815612
2026-08-11 17:30:00+00:00,86.52999877929688,86.8499984741211,86.5250015258789,86.79000091552734,806919
2026-08-11 18:30:00+00:00,86.55500030517578,86.63999938964844,86.48500061035156,86.52999877929688,872460
2026-08-11 19:30:00+00:00,86.5,86.76000213623047,86.48999786376953,86.55000305175781,1792534
2026-08-12 13:30:00+00:00,86.30000305175781,86.38999938964844,85.66000366210938,85.77999877929688,1784121
2026-08-12 14:30:00+00:00,86.81999969482422,86.81999969482422,86.2249984741211,86.30999755859375,1230579
2026-08-12 15:30:00+00:00,86.97000122070312,87.29000091552734,86.76000213623047,86.81999969482422,1320755
2026-08-12 16:30:00+00:00,87.0199966430664,87.06639862060547,86.93000030517578,86.97989654541016,760517
2026-08-12 17:30:00+00:00,86.81999969482422,87.2300033569336,86.79499816894531,87.0199966430664,1508423
2026-08-12 18:30:00+00:00,86.78500366210938,86.9000015258789,86.65499877929688,86.82499694824219,906826
2026-08-12 19:30:00+00:00,86.74500274658203,86.85990142822266,86.6449966430664,86.79000091552734,1526227
2026-08-13 13:30:00+00:00,87.58000183105469,87.67500305175781,86.91000366210938,87.13999938964844,1368161
2026-08-13 14:30:00+00:00,87.33000183105469,87.75,87.30000305175781,87.58000183105469,1096179
2026-08-13 15:30:00+00:00,87.55500030517578,87.70999908447266,87.26000213623047,87.33999633789062,928409
2026-08-13 16:30:00+00:00,87.52999877929688,87.62000274658203,87.41500091552734,87.55000305175781,603486
2026-08-13 17:30:00+00:00,87.67400360107422,87.68000030517578,87.44999694824219,87.53500366210938,666126
2026-08-13 18:30:00+00:00,87.43000030517578,87.69000244140625,87.37249755859375,87.67500305175781,1062543
2026-08-13 19:30:00+00:00,87.43499755859375,87.63970184326172,87.36499786376953,87.44000244140625,1617523
2026-08-14 13:30:00+00:00,87.8479995727539,87.93000030517578,87.19999694824219,87.30000305175781,1748466
2026-08-14 14:30:00+00:00,87.86000061035156,87.88500213623047,87.55000305175781,87.8499984741211,893744
2026-08-14 15:30:00+00:00,87.72000122070312,87.97000122070312,87.69000244140625,87.86000061035156,575579
2026-08-14 16:30:00+00:00,87.69499969482422,87.7699966430664,87.58499908447266,87.7249984741211,446298
2026-08-14 17:30:00+00:00,87.6449966430664,87.72000122070312,87.5824966430664,87.69499969482422,450397
2026-08-14 18:30:00+00:00,87.52999877929688,87.71499633789062,87.52999877929688,87.6500015258789,540782
2026-08-14 19:30:00+00:00,87.70500183105469,87.76000213623047,87.44499969482422,87.52999877929688,1175505
2026-08-17 13:30:00+00:00,87.70500183105469,88.0199966430664,87.09500122070312,87.30000305175781,1584944
2026-08-17 14:30:00+00:00,87.12000274658203,87.88999938964844,86.98999786376953,87.69499969482422,1540503
2026-08-17 15:30:00+00:00,87.13500213623047,87.2300033569336,86.91000366210938,87.11499786376953,1401290
2026-08-17 16:30:00+00:00,87.0,87.21640014648438,86.91999816894531,87.13999938964844,613589
2026-08-17 17:30:00+00:00,87.07499694824219,87.19000244140625,86.9000015258789,87.01000213623047,995768
2026-08-17 18:30:00+00:00,86.93499755859375,87.07499694824219,86.8499984741211,87.06999969482422,849295
2026-08-17 19:30:00+00:00,86.98500061035156,87.11000061035156,86.87999725341797,86.93499755859375,1396058
2026-08-18 13:30:00+00:00,88.3594970703125,88.63999938964844,87.87999725341797,88.4000015258789,2478412
2026-08-18 14:30:00+00:00,88.82499694824219,88.93000030517578,88.28500366210938,88.3499984741211,1347159
2026-08-18 15:30:00+00:00,88.7750015258789,88.88999938964844,88.6449966430664,88.83000183105469,1338383
2026-08-18 16:30:00+00:00,88.73999786376953,88.83000183105469,88.59500122070312,88.79000091552734,934684
2026-08-18 17:30:00+00:00,88.8499984741211,88.93000030517578,88.69000244140625,88.74500274658203,738767
2026-08-18 18:30:00+00:00,88.79000091552734,88.94000244140625,88.7750015258789,88.84500122070312,855501
2026-08-18 19:30:00+00:00,88.81999969482422,88.95999908447266,88.58499908447266,88.79499816894531,1854485
2026-08-19 13:30:00+00:00,89.875,90.3010025024414,88.58999633789062,88.58999633789062,2851595
2026-08-19 14:30:00+00:00,89.51000213623047,90.00499725341797,89.44999694824219,89.8759994506836,1830764
2026-08-19 15:30:00+00:00,89.76000213623047,89.80000305175781,89.37999725341797,89.51470184326172,1746061
2026-08-19 16:30:00+00:00,90.0250015258789,90.125,89.66000366210938,89.75,1300539
2026-08-19 17:30:00+00:00,90.49500274658205,90.58499908447266,89.9749984741211,90.02189636230469,947413
2026-08-19 18:30:00+00:00,90.48500061035156,90.76000213623048,90.3499984741211,90.5,2081576
2026-08-19 19:30:00+00:00,90.375,90.5199966430664,90.25,90.48500061035156,2499034
2026-08-20 13:30:00+00:00,90.92510223388672,91.2300033569336,89.7300033569336,90.18000030517578,2997992
2026-08-20 14:30:00+00:00,91.47000122070312,91.49009704589844,90.8499984741211,90.93499755859376,1543121
2026-08-20 15:30:00+00:00,91.6999969482422,91.86499786376952,91.38999938964844,91.4800033569336,1216485
2026-08-20 16:30:00+00:00,91.56999969482422,91.78990173339844,91.51000213623048,91.6999969482422,1086612
2026-08-20 17:30:00+00:00,91.1750030517578,91.61000061035156,91.16000366210938,91.58000183105467,1108945
2026-08-20 18:30:00+00:00,91.08499908447266,91.29499816894533,91.06999969482422,91.18000030517578,957611
2026-08-20 19:30:00+00:00,90.52999877929688,91.12999725341795,90.38999938964844,91.08499908447266,2291651
2026-08-21 13:30:00+00:00,90.78500366210938,90.9614028930664,90.31999969482422,90.8499984741211,3056742
2026-08-21 14:30:00+00:00,90.50499725341795,90.91000366210938,90.44000244140624,90.78500366210938,1199102
2026-08-21 15:30:00+00:00,90.58499908447266,90.66999816894533,90.4000015258789,90.51000213623048,889721
2026-08-21 16:30:00+00:00,90.91999816894533,90.93499755859376,90.52999877929688,90.58509826660156,1721521
2026-08-21 17:30:00+00:00,90.69000244140624,90.93000030517578,90.61499786376952,90.91000366210938,798612
2026-08-21 18:30:00+00:00,90.7699966430664,90.96499633789062,90.69000244140624,90.69499969482422,1411294
2026-08-21 19:30:00+00:00,91.09500122070312,91.1999969482422,90.56999969482422,90.7699966430664,2350110
2026-08-24 13:30:00+00:00,92.26000213623048,92.48999786376952,91.59500122070312,92.12000274658205,2720569
2026-08-24 14:30:00+00:00,91.96499633789062,92.36000061035156,91.79000091552734,92.26000213623048,1468623
2026-08-24 15:30:00+00:00,91.94499969482422,92.08000183105467,91.73999786376952,91.95999908447266,958588
2026-08-24 16:30:00+00:00,91.9000015258789,92.00499725341795,91.62999725341795,91.9499969482422,1576211
2026-08-24 17:30:00+00:00,91.7699966430664,91.9800033569336,91.68000030517578,91.8949966430664,1116489
2026-08-24 18:30:00+00:00,91.51499938964844,91.7750015258789,91.4751968383789,91.76000213623048,1193841
2026-08-24 19:30:00+00:00,91.97000122070312,91.9800033569336,91.4499969482422,91.51000213623048,1627886
2026-08-25 13:30:00+00:00,91.77999877929688,92.08000183105467,91.30010223388672,91.56999969482422,2450412
2026-08-25 14:30:00+00:00,91.5749969482422,91.8499984741211,91.41000366210938,91.80999755859376,1353168
2026-08-25 15:30:00+00:00,91.55999755859376,91.62000274658205,91.33999633789062,91.56500244140624,982375
2026-08-25 16:30:00+00:00,91.66999816894533,91.71499633789062,91.4250030517578,91.55999755859376,956446
2026-08-25 17:30:00+00:00,91.8550033569336,92.0,91.61000061035156,91.66449737548828,1039402
2026-08-25 18:30:00+00:00,91.75499725341795,91.88999938964844,91.53500366210938,91.8550033569336,1250460
2026-08-25 19:30:00+00:00,91.63999938964844,91.83000183105467,91.58999633789062,91.75,1425605
2026-08-26 13:30:00+00:00,90.93000030517578,92.20999908447266,90.47000122070312,92.20999908447266,3139135
2026-08-26 14:30:00+00:00,90.56500244140624,90.97000122070312,90.40499877929688,90.93000030517578,1704498
2026-08-26 15:30:00+00:00,90.63999938964844,90.81999969482422,90.50499725341795,90.55999755859376,831221
2026-08-26 16:30:00+00:00,90.47000122070312,90.70999908447266,90.45999908447266,90.63999938964844,1034426
2026-08-26 17:30:00+00:00,90.3249969482422,90.5999984741211,90.29000091552734,90.47000122070312,1134826
2026-08-26 18:30:00+00:00,90.30500030517578,90.4499969482422,90.10250091552734,90.31999969482422,2912296
2026-08-26 19:30:00+00:00,90.09500122070312,90.37999725341795,90.0,90.30500030517578,2422451
2026-08-27 13:30:00+00:00,89.36000061035156,89.66999816894531,88.95500183105469,89.40499877929688,2355645
2026-08-27 14:30:00+00:00,89.7300033569336,89.79000091552734,89.3499984741211,89.36499786376953,955794
2026-08-27 15:30:00+00:00,89.65499877929688,90.0250015258789,89.62000274658203,89.7300033569336,670393
2026-08-27 16:30:00+00:00,89.66500091552734,89.69999694824219,89.5199966430664,89.6500015258789,834653
2026-08-27 17:30:00+00:00,89.66500091552734,89.74500274658203,89.52999877929688,89.66500091552734,753465
2026-08-27 18:30:00+00:00,89.43000030517578,89.70999908447266,89.36000061035156,89.66000366210938,1007992
2026-08-27 19:30:00+00:00,89.05000305175781,89.4800033569336,89.02999877929688,89.43000030517578,2113647
2026-08-28 13:30:00+00:00,89.7699966430664,89.9800033569336,89.06999969482422,89.20999908447266,1598199
2026-08-28 14:30:00+00:00,89.58170318603516,89.87999725341797,89.48999786376953,89.76000213623047,892887
2026-08-28 15:30:00+00:00,89.76499938964844,90.03500366210938,89.5250015258789,89.58499908447266,882452
2026-08-28 16:30:00+00:00,89.87000274658203,89.97000122070312,89.73500061035156,89.7699966430664,654795
2026-08-28 17:30:00+00:00,89.72000122070312,89.94999694824219,89.72000122070312,89.86499786376953,741630
2026-08-28 18:30:00+00:00,89.63500213623047,89.76000213623047,89.6104965209961,89.69999694824219,847124
2026-08-28 19:30:00+00:00,89.6449966430664,89.69999694824219,89.55500030517578,89.62999725341797,1387056
2026-08-31 13:30:00+00:00,89.1719970703125,89.52999877929688,88.88999938964844,89.50499725341797,1755427
2026-08-31 14:30:00+00:00,89.20500183105469,89.38999938964844,89.01000213623047,89.17500305175781,990329
2026-08-31 15:30:00+00:00,89.12999725341797,89.30000305175781,89.08499908447266,89.20500183105469,749731
2026-08-31 16:30:00+00:00,89.08499908447266,89.18499755859375,88.875,89.12999725341797,832066
2026-08-31 17:30:00+00:00,89.06999969482422,89.19999694824219,88.98999786376953,89.08999633789062,817577
2026-08-31 18:30:00+00:00,88.82499694824219,89.09500122070312,88.5999984741211,89.06510162353516,1481912
2026-08-31 19:30:00+00:00,88.69999694824219,89.06999969482422,88.6500015258789,88.81999969482422,3882378
2026-09-01 13:30:00+00:00,89.22000122070312,89.77999877929688,88.91500091552734,89.58999633789062,2081352
2026-09-01 14:30:00+00:00,88.45500183105469,89.30899810791016,88.38999938964844,89.22000122070312,1350580
2026-09-01 15:30:00+00:00,88.0,88.49549865722656,87.96499633789062,88.45999908447266,1466433
2026-09-01 16:30:00+00:00,88.12000274658203,88.17500305175781,87.94999694824219,88.0,755449
2026-09-01 17:30:00+00:00,88.12000274658203,88.22000122070312,88.05000305175781,88.11000061035156,771073
2026-09-01 18:30:00+00:00,87.9574966430664,88.22000122070312,87.93000030517578,88.12010192871094,944389
2026-09-01 19:30:00+00:00,88.01000213623047,88.02999877929688,87.80999755859375,87.95999908447266,2076882
2026-09-02 13:30:00+00:00,87.9800033569336,88.3499984741211,87.7300033569336,87.8949966430664,1856537
2026-09-02 14:30:00+00:00,88.7300033569336,88.86000061035156,87.8550033569336,87.9800033569336,1211260
2026-09-02 15:30:00+00:00,88.75,88.79000091552734,88.51499938964844,88.7300033569336,696410
2026-09-02 16:30:00+00:00,88.70500183105469,88.74500274658203,88.50499725341797,88.74500274658203,545131
2026-09-02 17:30:00+00:00,88.84500122070312,88.94999694824219,88.69999694824219,88.70500183105469,681663
2026-09-02 18:30:00+00:00,88.51499938964844,88.94000244140625,88.48999786376953,88.84500122070312,1611585
2026-09-02 19:30:00+00:00,88.42500305175781,88.6050033569336,88.38999938964844,88.5199966430664,2883452
2026-09-03 13:30:00+00:00,88.76000213623047,88.93000030517578,88.01000213623047,88.11000061035156,2361787
2026-09-03 14:30:00+00:00,88.93000030517578,88.94509887695312,88.61499786376953,88.75,885857
2026-09-03 15:30:00+00:00,88.92279815673828,89.12999725341797,88.6050033569336,88.93000030517578,1067027
2026-09-03 16:30:00+00:00,88.91500091552734,89.13999938964844,88.88500213623047,88.91999816894531,614347
2026-09-03 17:30:00+00:00,88.92500305175781,88.97000122070312,88.84500122070312,88.9000015258789,566084
2026-09-03 18:30:00+00:00,89.07039642333984,89.15499877929688,88.88500213623047,88.92500305175781,843338
2026-09-03 19:30:00+00:00,88.83999633789062,89.2249984741211,88.7699966430664,89.06999969482422,2388988
2026-09-04 13:30:00+00:00,88.58499908447266,88.90499877929688,88.30000305175781,88.58499908447266,1782585
2026-09-04 14:30:00+00:00,88.74500274658203,88.8499984741211,88.40959930419922,88.58999633789062,1488214
2026-09-04 15:30:00+00:00,88.28500366210938,88.74500274658203,88.21499633789062,88.73999786376953,965617
2026-09-04 16:30:00+00:00,87.94999694824219,88.27999877929688,87.93000030517578,88.27999877929688,720192
2026-09-04 17:30:00+00:00,88.0,88.05000305175781,87.8499984741211,87.95500183105469,847652
2026-09-04 18:30:00+00:00,88.05999755859375,88.06500244140625,87.94999694824219,88.00499725341797,828914
2026-09-04 19:30:00+00:00,88.08000183105469,88.08499908447266,87.8949966430664,88.05500030517578,2115587
2026-09-08 13:30:00+00:00,88.0999984741211,88.44000244140625,87.55000305175781,87.55000305175781,2435495
2026-09-08 14:30:00+00:00,87.94499969482422,88.3499984741211,87.83999633789062,88.1050033569336,1371194
2026-09-08 15:30:00+00:00,88.26499938964844,88.33000183105469,87.875,87.94999694824219,1243865
2026-09-08 16:30:00+00:00,88.34500122070312,88.37999725341797,88.18000030517578,88.26000213623047,623372
2026-09-08 17:30:00+00:00,88.05999755859375,88.37000274658203,88.04000091552734,88.3499984741211,642722
2026-09-08 18:30:00+00:00,88.48500061035156,88.48999786376953,88.0199966430664,88.05999755859375,1089732
2026-09-08 19:30:00+00:00,88.41000366210938,88.54499816894531,88.30000305175781,88.48500061035156,2203079
2026-09-09 13:30:00+00:00,87.83999633789062,88.4000015258789,87.70999908447266,88.30999755859375,2090658
2026-09-09 14:30:00+00:00,87.88999938964844,88.05000305175781,87.71499633789062,87.8499984741211,1340035
2026-09-09 15:30:00+00:00,88.11009979248047,88.11499786376953,87.7699966430664,87.8949966430664,1145481
2026-09-09 16:30:00+00:00,87.87000274658203,88.1500015258789,87.78079986572266,88.11499786376953,639279
2026-09-09 17:30:00+00:00,87.97000122070312,88.12000274658203,87.78500366210938,87.86499786376953,884084
2026-09-09 18:30:00+00:00,87.83000183105469,88.17500305175781,87.76000213623047,87.9749984741211,1327412
2026-09-09 19:30:00+00:00,87.56999969482422,87.8499984741211,87.41000366210938,87.83000183105469,2127430
2026-09-10 13:30:00+00:00,88.44000244140625,88.95999908447266,88.0199966430664,88.58000183105469,2599860
2026-09-10 14:30:00+00:00,88.32499694824219,88.61000061035156,87.91999816894531,88.44499969482422,1169841
2026-09-10 15:30:00+00:00,88.41999816894531,88.55999755859375,88.26499938964844,88.32499694824219,923474
2026-09-10 16:30:00+00:00,88.18499755859375,88.54540252685547,88.15499877929688,88.4260025024414,689583
2026-09-10 17:30:00+00:00,88.12779998779297,88.19999694824219,88.04000091552734,88.18499755859375,595927
2026-09-10 18:30:00+00:00,88.12000274658203,88.22000122070312,88.04499816894531,88.11000061035156,836855
2026-09-10 19:30:00+00:00,87.83000183105469,88.11499786376953,87.79499816894531,88.11499786376953,1569640
2026-09-11 13:30:00+00:00,88.2300033569336,88.6500015258789,87.83000183105469,88.44000244140625,1586395
2026-09-11 14:30:00+00:00,88.05500030517578,88.26499938964844,87.80500030517578,88.22000122070312,1170587
2026-09-11 15:30:00+00:00,88.29499816894531,88.31999969482422,87.98500061035156,88.05500030517578,806292
2026-09-11 16:30:00+00:00,88.28500366210938,88.44999694824219,88.27999877929688,88.29499816894531,731776
2026-09-11 17:30:00+00:00,88.34500122070312,88.56500244140625,88.18499755859375,88.28140258789062,866365
2026-09-11 18:30:00+00:00,88.49500274658203,88.51000213623047,88.25499725341797,88.33999633789062,765420
2026-09-11 19:30:00+00:00,88.26499938964844,88.52999877929688,88.20500183105469,88.49500274658203,1556841
2026-09-14 13:30:00+00:00,89.4000015258789,90.36000061035156,89.12999725341797,90.0,2857768
2026-09-14 14:30:00+00:00,89.00499725341797,89.44499969482422,88.94000244140625,89.3949966430664,1904145
2026-09-14 15:30:00+00:00,89.08000183105469,89.15499877929688,88.86499786376953,89.00499725341797,1120142
2026-09-14 16:30:00+00:00,89.05500030517578,89.12000274658203,88.91999816894531,89.08499908447266,964546
2026-09-14 17:30:00+00:00,89.16500091552734,89.2699966430664,88.87000274658203,89.05500030517578,1111448
2026-09-14 18:30:00+00:00,89.19499969482422,89.29000091552734,89.13999938964844,89.16000366210938,1108867
2026-09-14 19:30:00+00:00,89.36499786376953,89.41000366210938,89.18000030517578,89.19000244140625,1873433
2026-09-15 13:30:00+00:00,88.44999694824219,88.62000274658203,87.80400085449219,88.52999877929688,2237735
2026-09-15 14:30:00+00:00,88.6449966430664,88.8949966430664,88.38999938964844,88.44999694824219,1854947
2026-09-15 15:30:00+00:00,88.18000030517578,88.66500091552734,88.08999633789062,88.6449966430664,1400868
2026-09-15 16:30:00+00:00,88.47989654541016,88.58000183105469,88.1050033569336,88.18499755859375,1018286
2026-09-15 17:30:00+00:00,88.6449966430664,88.66500091552734,88.38500213623047,88.4800033569336,837396
2026-09-15 18:30:00+00:00,88.61000061035156,88.68000030517578,88.49500274658203,88.63999938964844,867398
2026-09-15 19:30:00+00:00,88.69499969482422,88.74500274658203,88.51499938964844,88.61000061035156,1442161
2026-09-16 13:30:00+00:00,88.25,88.66000366210938,88.07499694824219,88.4800033569336,1930875
2026-09-16 14:30:00+00:00,88.50499725341797,88.5199966430664,88.15499877929688,88.25499725341797,990173
2026-09-16 15:30:00+00:00,88.40499877929688,88.53500366210938,88.37999725341797,88.51000213623047,703743
2026-09-16 16:30:00+00:00,88.45500183105469,88.4749984741211,88.32499694824219,88.40499877929688,493583
2026-09-16 17:30:00+00:00,88.46029663085938,88.54000091552734,88.30000305175781,88.45999908447266,743367
2026-09-16 18:30:00+00:00,88.0199966430664,88.47010040283203,87.91999816894531,88.46499633789062,1557285
2026-09-16 19:30:00+00:00,87.8550033569336,88.1050033569336,87.73999786376953,88.0199966430664,2391968
2026-09-17 13:30:00+00:00,87.74980163574219,88.33000183105469,87.70500183105469,88.07499694824219,1941838
2026-09-17 14:30:00+00:00,87.7750015258789,87.79989624023438,87.51000213623047,87.7499008178711,1057618
2026-09-17 15:30:00+00:00,88.08000183105469,88.11000061035156,87.73999786376953,87.7750015258789,666638
2026-09-17 16:30:00+00:00,88.11499786376953,88.13999938964844,88.05000305175781,88.08000183105469,514190
2026-09-17 17:30:00+00:00,88.07990264892578,88.12632751464844,87.98999786376953,88.11499786376953,652268
2026-09-17 18:30:00+00:00,88.09500122070312,88.15989685058594,87.92500305175781,88.08000183105469,1166644
2026-09-17 19:30:00+00:00,88.06500244140625,88.16500091552734,87.93000030517578,88.09500122070312,1637674
2026-09-18 13:30:00+00:00,87.81999969482422,88.11000061035156,87.5199966430664,87.80000305175781,4344160
2026-09-18 14:30:00+00:00,87.88500213623047,87.90499877929688,87.56500244140625,87.81500244140625,1326802
2026-09-18 15:30:00+00:00,87.7750015258789,88.0,87.74500274658203,87.87999725341797,822653
2026-09-18 16:30:00+00:00,87.8499984741211,87.91500091552734,87.7300033569336,87.7699966430664,668775
2026-09-18 17:30:00+00:00,88.08499908447266,88.08499908447266,87.77999877929688,87.84500122070312,612702
2026-09-18 18:30:00+00:00,88.09500122070312,88.28500366210938,88.01000213623047,88.08000183105469,1341440
2026-09-18 19:30:00+00:00,88.1500015258789,88.28500366210938,88.0199966430664,88.09500122070312,2480661
2026-09-21 13:30:00+00:00,87.8550033569336,88.5,87.5250015258789,88.31999969482422,2043706
2026-09-21 14:30:00+00:00,87.7750015258789,88.0250015258789,87.75,87.85099792480469,1435690
2026-09-21 15:30:00+00:00,87.88500213623047,88.01000213623047,87.75499725341797,87.7750015258789,934013
2026-09-21 16:30:00+00:00,87.95500183105469,87.95999908447266,87.7802963256836,87.88500213623047,694236
2026-09-21 17:30:00+00:00,87.84500122070312,87.96499633789062,87.6500015258789,87.95500183105469,1563053
2026-09-21 18:30:00+00:00,87.65499877929688,88.05000305175781,87.64900207519531,87.84500122070312,1312108
2026-09-21 19:30:00+00:00,87.12999725341797,87.73999786376953,87.12000274658203,87.66000366210938,2317672
2026-09-22 13:30:00+00:00,87.88999938964844,88.17500305175781,87.45500183105469,87.5999984741211,2351619
2026-09-22 14:30:00+00:00,88.24500274658203,88.44499969482422,87.8550033569336,87.8949966430664,1443905
2026-09-22 15:30:00+00:00,88.30999755859375,88.3499984741211,88.07499694824219,88.24500274658203,929008
2026-09-22 16:30:00+00:00,88.45999908447266,88.45999908447266,88.2249984741211,88.30500030517578,1200100
2026-09-22 17:30:00+00:00,88.52010345458984,88.5999984741211,88.3499984741211,88.45500183105469,874855
2026-09-22 18:30:00+00:00,88.87999725341797,88.9000015258789,88.47000122070312,88.5199966430664,1921521
2026-09-22 19:30:00+00:00,88.61000061035156,88.97000122070312,88.61000061035156,88.88500213623047,2030291
2026-09-23 13:30:00+00:00,88.73500061035156,88.99500274658203,88.05000305175781,88.94999694824219,2280624
2026-09-23 14:30:00+00:00,88.21499633789062,88.8499984741211,88.18060302734375,88.73500061035156,1153722
2026-09-23 15:30:00+00:00,87.92500305175781,88.36990356445312,87.80500030517578,88.20999908447266,1108179
2026-09-23 16:30:00+00:00,87.8949966430664,88.03500366210938,87.6050033569336,87.92500305175781,1175006
2026-09-23 17:30:00+00:00,87.9749984741211,88.19999694824219,87.875,87.88999938964844,947087
2026-09-23 18:30:00+00:00,87.81500244140625,88.03500366210938,87.69499969482422,87.9749984741211,1006691
2026-09-23 19:30:00+00:00,88.08999633789062,88.11000061035156,87.7750015258789,87.81919860839844,1859326
2026-09-24 13:30:00+00:00,88.90499877929688,89.36000061035156,88.72000122070312,88.81999969482422,2113459
2026-09-24 14:30:00+00:00,88.83999633789062,89.06999969482422,88.58999633789062,88.90499877929688,1954682
2026-09-24 15:30:00+00:00,88.69000244140625,88.8499984741211,88.37999725341797,88.83000183105469,1317023
2026-09-24 16:30:00+00:00,88.50499725341797,88.76499938964844,88.42500305175781,88.69999694824219,762070
2026-09-24 17:30:00+00:00,88.63980102539062,88.71199798583984,88.42500305175781,88.50499725341797,1002882
2026-09-24 18:30:00+00:00,88.41500091552734,88.73999786376953,88.24500274658203,88.63999938964844,1370076
2026-09-24 19:30:00+00:00,88.0999984741211,88.41999816894531,88.0999984741211,88.41000366210938,1991838
2026-09-25 13:30:00+00:00,87.90010070800781,88.31829833984375,87.58000183105469,88.16000366210938,2250171
2026-09-25 14:30:00+00:00,87.83999633789062,87.93000030517578,87.67500305175781,87.9000015258789,850415
2026-09-25 15:30:00+00:00,88.02999877929688,88.08999633789062,87.71499633789062,87.83000183105469,922954
2026-09-25 16:30:00+00:00,88.09500122070312,88.11499786376953,87.90499877929688,88.02999877929688,599049
2026-09-25 17:30:00+00:00,87.73500061035156,88.11499786376953,87.6050033569336,88.09500122070312,1069331
2026-09-25 18:30:00+00:00,87.6500015258789,87.76499938964844,87.55500030517578,87.7300033569336,1438243
2026-09-25 19:30:00+00:00,87.81500244140625,87.94000244140625,87.61000061035156,87.63999938964844,1829788
2026-09-28 13:30:00+00:00,87.6050033569336,87.69499969482422,87.05000305175781,87.6050033569336,2238603
2026-09-28 14:30:00+00:00,86.94999694824219,87.61499786376953,86.90499877929688,87.6050033569336,1535485
2026-09-28 15:30:00+00:00,87.29499816894531,87.37000274658203,86.94000244140625,86.95500183105469,1342560
2026-09-28 16:30:00+00:00,87.1449966430664,87.31500244140625,86.88999938964844,87.29000091552734,1112103
2026-09-28 17:30:00+00:00,87.34500122070312,87.3499984741211,87.02999877929688,87.1449966430664,822429
2026-09-28 18:30:00+00:00,87.43499755859375,87.5,87.29499816894531,87.34500122070312,877632
2026-09-28 19:30:00+00:00,87.18499755859375,87.46499633789062,87.1449966430664,87.43009948730469,1900828
2026-09-29 13:30:00+00:00,87.04000091552734,87.2249984741211,86.55999755859375,86.55999755859375,1971562
2026-09-29 14:30:00+00:00,87.0250015258789,87.08499908447266,86.83499908447266,87.04010009765625,1521930
2026-09-29 15:30:00+00:00,86.95500183105469,87.1050033569336,86.80999755859375,87.04000091552734,1113084
2026-09-29 16:30:00+00:00,87.1500015258789,87.16999816894531,86.69000244140625,86.95999908447266,944418
2026-09-29 17:30:00+00:00,87.1050033569336,87.27999877929688,86.9749984741211,87.15499877929688,938618
2026-09-29 18:30:00+00:00,86.8550033569336,87.13500213623047,86.73500061035156,87.1050033569336,1191274
2026-09-29 19:30:00+00:00,86.86080169677734,86.9749984741211,86.78500366210938,86.86000061035156,1566767
